host-tests	Set up job	﻿2026-10-07T23:27:25.4966951Z Current runner version: '2.337.0'
host-tests	Set up job	2026-10-07T23:27:25.4992505Z ##[group]Runner Image Provisioner
host-tests	Set up job	2026-10-07T23:27:25.4993899Z Hosted Compute Agent
host-tests	Set up job	2026-10-07T23:27:25.4994734Z Version: 20261002.596
host-tests	Set up job	2026-10-07T23:27:25.4995429Z Commit: c3d12f3313a95f25162a1503be624f3b0617f8c0
host-tests	Set up job	2026-10-07T23:27:25.4996266Z Build Date: 2026-10-02T22:28:27Z
host-tests	Set up job	2026-10-07T23:27:25.4997065Z Worker ID: {afc2cad3-4942-4ebf-bc75-94b14acbd386}
host-tests	Set up job	2026-10-07T23:27:25.4997873Z Region: eastus
host-tests	Set up job	2026-10-07T23:27:25.4998436Z Cloud: Azure
host-tests	Set up job	2026-10-07T23:27:25.4998993Z ##[endgroup]
host-tests	Set up job	2026-10-07T23:27:25.5000689Z ##[group]Operating System
host-tests	Set up job	2026-10-07T23:27:25.5001386Z Ubuntu
host-tests	Set up job	2026-10-07T23:27:25.5002003Z 24.04.5
host-tests	Set up job	2026-10-07T23:27:25.5002567Z LTS
host-tests	Set up job	2026-10-07T23:27:25.5003130Z ##[endgroup]
host-tests	Set up job	2026-10-07T23:27:25.5004159Z ##[group]Runner Image
host-tests	Set up job	2026-10-07T23:27:25.5004860Z Image: ubuntu-24.04
host-tests	Set up job	2026-10-07T23:27:25.5005492Z Version: 20261004.327.1
host-tests	Set up job	2026-10-07T23:27:25.5006611Z Included Software: https://github.com/actions/runner-images/blob/ubuntu24/20261004.327/images/ubuntu/Ubuntu2404-Readme.md
host-tests	Set up job	2026-10-07T23:27:25.5008515Z Image Release: https://github.com/actions/runner-images/releases/tag/ubuntu24%2F20261004.327
host-tests	Set up job	2026-10-07T23:27:25.5009549Z ##[endgroup]
host-tests	Set up job	2026-10-07T23:27:25.5010796Z ##[group]GITHUB_TOKEN Permissions
host-tests	Set up job	2026-10-07T23:27:25.5013253Z Contents: read
host-tests	Set up job	2026-10-07T23:27:25.5014226Z Metadata: read
host-tests	Set up job	2026-10-07T23:27:25.5014820Z ##[endgroup]
host-tests	Set up job	2026-10-07T23:27:25.5016913Z Secret source: Actions
host-tests	Set up job	2026-10-07T23:27:25.5018045Z Cache mode: write
host-tests	Set up job	2026-10-07T23:27:25.5018993Z Prepare workflow directory
host-tests	Set up job	2026-10-07T23:27:25.5346985Z Prepare all required actions
host-tests	Set up job	2026-10-07T23:27:25.5394549Z Getting action download info
host-tests	Set up job	2026-10-07T23:27:25.7441164Z Download action repository 'actions/checkout@v4' (SHA:11d5960a326750d5838078e36cf38b85af677262)
host-tests	Set up job	2026-10-07T23:27:25.9300619Z Complete job name: host-tests
host-tests	Run actions/checkout@v4	﻿2026-10-07T23:27:26.0093534Z ##[group]Run actions/checkout@v4
host-tests	Run actions/checkout@v4	2026-10-07T23:27:26.0094698Z with:
host-tests	Run actions/checkout@v4	2026-10-07T23:27:26.0095169Z   repository: Mainkill1/SpiritBoot
host-tests	Run actions/checkout@v4	2026-10-07T23:27:26.0099201Z   token: ***
host-tests	Run actions/checkout@v4	2026-10-07T23:27:26.0099745Z   ssh-strict: true
host-tests	Run actions/checkout@v4	2026-10-07T23:27:26.0100211Z   ssh-user: git
host-tests	Run actions/checkout@v4	2026-10-07T23:27:26.0100662Z   persist-credentials: true
host-tests	Run actions/checkout@v4	2026-10-07T23:27:26.0101163Z   clean: true
host-tests	Run actions/checkout@v4	2026-10-07T23:27:26.0101615Z   sparse-checkout-cone-mode: true
host-tests	Run actions/checkout@v4	2026-10-07T23:27:26.0102145Z   fetch-depth: 1
host-tests	Run actions/checkout@v4	2026-10-07T23:27:26.0102581Z   fetch-tags: false
host-tests	Run actions/checkout@v4	2026-10-07T23:27:26.0103040Z   show-progress: true
host-tests	Run actions/checkout@v4	2026-10-07T23:27:26.0103499Z   lfs: false
host-tests	Run actions/checkout@v4	2026-10-07T23:27:26.0104090Z   submodules: false
host-tests	Run actions/checkout@v4	2026-10-07T23:27:26.0104583Z   set-safe-directory: true
host-tests	Run actions/checkout@v4	2026-10-07T23:27:26.0105092Z   allow-unsafe-pr-checkout: false
host-tests	Run actions/checkout@v4	2026-10-07T23:27:26.0105884Z ##[endgroup]
host-tests	Run actions/checkout@v4	2026-10-07T23:27:26.1120453Z Syncing repository: Mainkill1/SpiritBoot
host-tests	Run actions/checkout@v4	2026-10-07T23:27:26.1123000Z ##[group]Getting Git version info
host-tests	Run actions/checkout@v4	2026-10-07T23:27:26.1124455Z Working directory is '/home/runner/work/SpiritBoot/SpiritBoot'
host-tests	Run actions/checkout@v4	2026-10-07T23:27:26.1126207Z [command]/usr/bin/git version
host-tests	Run actions/checkout@v4	2026-10-07T23:27:26.1233262Z git version 2.55.0
host-tests	Run actions/checkout@v4	2026-10-07T23:27:26.1257548Z ##[endgroup]
host-tests	Run actions/checkout@v4	2026-10-07T23:27:26.1272727Z Temporarily overriding HOME='/home/runner/work/_temp/16721cbe-8bb1-484d-be52-38d7e1ab24bb' before making global git config changes
host-tests	Run actions/checkout@v4	2026-10-07T23:27:26.1275315Z Adding repository directory to the temporary git global config as a safe directory
host-tests	Run actions/checkout@v4	2026-10-07T23:27:26.1278601Z [command]/usr/bin/git config --global --add safe.directory /home/runner/work/SpiritBoot/SpiritBoot
host-tests	Run actions/checkout@v4	2026-10-07T23:27:26.1332237Z Deleting the contents of '/home/runner/work/SpiritBoot/SpiritBoot'
host-tests	Run actions/checkout@v4	2026-10-07T23:27:26.1337268Z ##[group]Initializing the repository
host-tests	Run actions/checkout@v4	2026-10-07T23:27:26.1340803Z [command]/usr/bin/git init /home/runner/work/SpiritBoot/SpiritBoot
host-tests	Run actions/checkout@v4	2026-10-07T23:27:26.1463772Z hint: Using 'master' as the name for the initial branch. This default branch name
host-tests	Run actions/checkout@v4	2026-10-07T23:27:26.1465617Z hint: will change to "main" in Git 3.0. To configure the initial branch name
host-tests	Run actions/checkout@v4	2026-10-07T23:27:26.1468767Z hint: to use in all of your new repositories, which will suppress this warning,
host-tests	Run actions/checkout@v4	2026-10-07T23:27:26.1470273Z hint: call:
host-tests	Run actions/checkout@v4	2026-10-07T23:27:26.1471239Z hint:
host-tests	Run actions/checkout@v4	2026-10-07T23:27:26.1472055Z hint: 	git config --global init.defaultBranch <name>
host-tests	Run actions/checkout@v4	2026-10-07T23:27:26.1473123Z hint:
host-tests	Run actions/checkout@v4	2026-10-07T23:27:26.1474284Z hint: Names commonly chosen instead of 'master' are 'main', 'trunk' and
host-tests	Run actions/checkout@v4	2026-10-07T23:27:26.1475822Z hint: 'development'. The just-created branch can be renamed via this command:
host-tests	Run actions/checkout@v4	2026-10-07T23:27:26.1477036Z hint:
host-tests	Run actions/checkout@v4	2026-10-07T23:27:26.1477694Z hint: 	git branch -m <name>
host-tests	Run actions/checkout@v4	2026-10-07T23:27:26.1478488Z hint:
host-tests	Run actions/checkout@v4	2026-10-07T23:27:26.1479739Z hint: Disable this message with "git config set advice.defaultBranchName false"
host-tests	Run actions/checkout@v4	2026-10-07T23:27:26.1481384Z Initialized empty Git repository in /home/runner/work/SpiritBoot/SpiritBoot/.git/
host-tests	Run actions/checkout@v4	2026-10-07T23:27:26.1484877Z [command]/usr/bin/git remote add origin https://github.com/Mainkill1/SpiritBoot
host-tests	Run actions/checkout@v4	2026-10-07T23:27:26.1542143Z ##[endgroup]
host-tests	Run actions/checkout@v4	2026-10-07T23:27:26.1543541Z ##[group]Disabling automatic garbage collection
host-tests	Run actions/checkout@v4	2026-10-07T23:27:26.1546763Z [command]/usr/bin/git config --local gc.auto 0
host-tests	Run actions/checkout@v4	2026-10-07T23:27:26.1580006Z ##[endgroup]
host-tests	Run actions/checkout@v4	2026-10-07T23:27:26.1580842Z ##[group]Setting up auth
host-tests	Run actions/checkout@v4	2026-10-07T23:27:26.1588242Z [command]/usr/bin/git config --local --name-only --get-regexp core\.sshCommand
host-tests	Run actions/checkout@v4	2026-10-07T23:27:26.1621481Z [command]/usr/bin/git submodule foreach --recursive sh -c "git config --local --name-only --get-regexp 'core\.sshCommand' && git config --local --unset-all 'core.sshCommand' || :"
host-tests	Run actions/checkout@v4	2026-10-07T23:27:26.2014669Z [command]/usr/bin/git config --local --name-only --get-regexp http\.https\:\/\/github\.com\/\.extraheader
host-tests	Run actions/checkout@v4	2026-10-07T23:27:26.2052114Z [command]/usr/bin/git submodule foreach --recursive sh -c "git config --local --name-only --get-regexp 'http\.https\:\/\/github\.com\/\.extraheader' && git config --local --unset-all 'http.https://github.com/.extraheader' || :"
host-tests	Run actions/checkout@v4	2026-10-07T23:27:26.2279723Z [command]/usr/bin/git config --local --name-only --get-regexp ^includeIf\.gitdir:
host-tests	Run actions/checkout@v4	2026-10-07T23:27:26.2318050Z [command]/usr/bin/git submodule foreach --recursive git config --local --show-origin --name-only --get-regexp remote.origin.url
host-tests	Run actions/checkout@v4	2026-10-07T23:27:26.2540505Z [command]/usr/bin/git config --local http.https://github.com/.extraheader AUTHORIZATION: basic ***
host-tests	Run actions/checkout@v4	2026-10-07T23:27:26.2580704Z ##[endgroup]
host-tests	Run actions/checkout@v4	2026-10-07T23:27:26.2582150Z ##[group]Fetching the repository
host-tests	Run actions/checkout@v4	2026-10-07T23:27:26.2592001Z [command]/usr/bin/git -c protocol.version=2 fetch --no-tags --prune --no-recurse-submodules --depth=1 origin +fda40c4c546b66bbb0ab063c2bd56d6b1ed2e880:refs/remotes/pull/10/merge
host-tests	Run actions/checkout@v4	2026-10-07T23:27:26.5173987Z From https://github.com/Mainkill1/SpiritBoot
host-tests	Run actions/checkout@v4	2026-10-07T23:27:26.5176202Z  * [new ref]         fda40c4c546b66bbb0ab063c2bd56d6b1ed2e880 -> pull/10/merge
host-tests	Run actions/checkout@v4	2026-10-07T23:27:26.5181579Z ##[endgroup]
host-tests	Run actions/checkout@v4	2026-10-07T23:27:26.5183259Z ##[group]Determining the checkout info
host-tests	Run actions/checkout@v4	2026-10-07T23:27:26.5186194Z ##[endgroup]
host-tests	Run actions/checkout@v4	2026-10-07T23:27:26.5192361Z [command]/usr/bin/git sparse-checkout disable
host-tests	Run actions/checkout@v4	2026-10-07T23:27:26.5250395Z [command]/usr/bin/git config --local --unset-all extensions.worktreeConfig
host-tests	Run actions/checkout@v4	2026-10-07T23:27:26.5289318Z ##[group]Checking out the ref
host-tests	Run actions/checkout@v4	2026-10-07T23:27:26.5294650Z [command]/usr/bin/git checkout --progress --force refs/remotes/pull/10/merge
host-tests	Run actions/checkout@v4	2026-10-07T23:27:26.5600730Z Note: switching to 'refs/remotes/pull/10/merge'.
host-tests	Run actions/checkout@v4	2026-10-07T23:27:26.5602107Z 
host-tests	Run actions/checkout@v4	2026-10-07T23:27:26.5603264Z You are in 'detached HEAD' state. You can look around, make experimental
host-tests	Run actions/checkout@v4	2026-10-07T23:27:26.5605928Z changes and commit them, and you can discard any commits you make in this
host-tests	Run actions/checkout@v4	2026-10-07T23:27:26.5616878Z state without impacting any branches by switching back to a branch.
host-tests	Run actions/checkout@v4	2026-10-07T23:27:26.5620297Z 
host-tests	Run actions/checkout@v4	2026-10-07T23:27:26.5621394Z If you want to create a new branch to retain commits you create, you may
host-tests	Run actions/checkout@v4	2026-10-07T23:27:26.5622943Z do so (now or later) by using -c with the switch command. Example:
host-tests	Run actions/checkout@v4	2026-10-07T23:27:26.5623512Z 
host-tests	Run actions/checkout@v4	2026-10-07T23:27:26.5624055Z   git switch -c <new-branch-name>
host-tests	Run actions/checkout@v4	2026-10-07T23:27:26.5624521Z 
host-tests	Run actions/checkout@v4	2026-10-07T23:27:26.5624774Z Or undo this operation with:
host-tests	Run actions/checkout@v4	2026-10-07T23:27:26.5625143Z 
host-tests	Run actions/checkout@v4	2026-10-07T23:27:26.5625618Z   git switch -
host-tests	Run actions/checkout@v4	2026-10-07T23:27:26.5625930Z 
host-tests	Run actions/checkout@v4	2026-10-07T23:27:26.5626374Z Turn off this advice by setting config variable advice.detachedHead to false
host-tests	Run actions/checkout@v4	2026-10-07T23:27:26.5627011Z 
host-tests	Run actions/checkout@v4	2026-10-07T23:27:26.5627700Z HEAD is now at fda40c4 Merge 0cd16fbe1e828f77d6ffb320c7574bf10792640b into a88247760c91de599a14342158561373b072dfce
host-tests	Run actions/checkout@v4	2026-10-07T23:27:26.5630069Z ##[endgroup]
host-tests	Run actions/checkout@v4	2026-10-07T23:27:26.5666017Z [command]/usr/bin/git log -1 --format=%H
host-tests	Run actions/checkout@v4	2026-10-07T23:27:26.5694757Z fda40c4c546b66bbb0ab063c2bd56d6b1ed2e880
host-tests	Run python3 -m unittest discover -s tests/host -v	﻿2026-10-07T23:27:26.5971672Z ##[group]Run python3 -m unittest discover -s tests/host -v
host-tests	Run python3 -m unittest discover -s tests/host -v	2026-10-07T23:27:26.5973550Z [36;1mpython3 -m unittest discover -s tests/host -v[0m
host-tests	Run python3 -m unittest discover -s tests/host -v	2026-10-07T23:27:26.6292336Z shell: /usr/bin/bash -e {0}
host-tests	Run python3 -m unittest discover -s tests/host -v	2026-10-07T23:27:26.6293432Z ##[endgroup]
host-tests	Run python3 -m unittest discover -s tests/host -v	2026-10-07T23:27:27.0223061Z test_build_records_image_hash_and_revision (test_firmware.BuildTests.test_build_records_image_hash_and_revision) ... ok
host-tests	Run python3 -m unittest discover -s tests/host -v	2026-10-07T23:27:27.2476586Z test_build_uses_commit_epoch_for_reproducible_pe_headers (test_firmware.BuildTests.test_build_uses_commit_epoch_for_reproducible_pe_headers) ... ok
host-tests	Run python3 -m unittest discover -s tests/host -v	2026-10-07T23:27:27.4855942Z test_clone_dissociates_existing_source_object_alternates (test_firmware.BuildTests.test_clone_dissociates_existing_source_object_alternates) ... ok
host-tests	Run python3 -m unittest discover -s tests/host -v	2026-10-07T23:27:27.6715953Z test_empty_patches_keep_original_source_and_tree (test_firmware.BuildTests.test_empty_patches_keep_original_source_and_tree) ... ok
host-tests	Run python3 -m unittest discover -s tests/host -v	2026-10-07T23:27:27.8971167Z test_failed_build_invalidates_previous_flash (test_firmware.BuildTests.test_failed_build_invalidates_previous_flash) ... ok
host-tests	Run python3 -m unittest discover -s tests/host -v	2026-10-07T23:27:28.0504047Z test_failed_patch_application_preserves_base (test_firmware.BuildTests.test_failed_patch_application_preserves_base) ... ok
host-tests	Run python3 -m unittest discover -s tests/host -v	2026-10-07T23:27:28.1051175Z test_malformed_lock_is_rejected (test_firmware.BuildTests.test_malformed_lock_is_rejected) ... ok
host-tests	Run python3 -m unittest discover -s tests/host -v	2026-10-07T23:27:28.1261044Z test_missing_patch_fails (test_firmware.BuildTests.test_missing_patch_fails) ... ok
host-tests	Run python3 -m unittest discover -s tests/host -v	2026-10-07T23:27:28.1835317Z test_modified_source_is_rejected (test_firmware.BuildTests.test_modified_source_is_rejected) ... ok
host-tests	Run python3 -m unittest discover -s tests/host -v	2026-10-07T23:27:28.5921969Z test_ordered_patches_and_rebuild_use_fresh_reproducible_source (test_firmware.BuildTests.test_ordered_patches_and_rebuild_use_fresh_reproducible_source) ... ok
host-tests	Run python3 -m unittest discover -s tests/host -v	2026-10-07T23:27:28.6471608Z test_output_inside_source_is_rejected_without_deleting_source (test_firmware.BuildTests.test_output_inside_source_is_rejected_without_deleting_source) ... ok
host-tests	Run python3 -m unittest discover -s tests/host -v	2026-10-07T23:27:28.6677279Z test_patch_hash_mismatch_invalidates_stale_image (test_firmware.BuildTests.test_patch_hash_mismatch_invalidates_stale_image) ... ok
host-tests	Run python3 -m unittest discover -s tests/host -v	2026-10-07T23:27:28.7051722Z test_patch_paths_reject_absolute_traversal_and_symlink_escape (test_firmware.BuildTests.test_patch_paths_reject_absolute_traversal_and_symlink_escape) ... ok
host-tests	Run python3 -m unittest discover -s tests/host -v	2026-10-07T23:27:28.7532196Z test_patch_schema_rejects_malformed_entries (test_firmware.BuildTests.test_patch_schema_rejects_malformed_entries) ... ok
host-tests	Run python3 -m unittest discover -s tests/host -v	2026-10-07T23:27:28.9601491Z test_patched_build_under_broken_ancestor_worktree_git_link (test_firmware.BuildTests.test_patched_build_under_broken_ancestor_worktree_git_link) ... ok
host-tests	Run python3 -m unittest discover -s tests/host -v	2026-10-07T23:27:29.1791148Z test_patched_source_reaches_cmake_and_preserves_pristine_checkout (test_firmware.BuildTests.test_patched_source_reaches_cmake_and_preserves_pristine_checkout) ... ok
host-tests	Run python3 -m unittest discover -s tests/host -v	2026-10-07T23:27:29.4040359Z test_rebuild_cleans_cached_linker_products (test_firmware.BuildTests.test_rebuild_cleans_cached_linker_products) ... ok
host-tests	Run python3 -m unittest discover -s tests/host -v	2026-10-07T23:27:29.8381329Z test_rebuild_does_not_reuse_undeclared_cmake_cache (test_firmware.BuildTests.test_rebuild_does_not_reuse_undeclared_cmake_cache) ... ok
host-tests	Run python3 -m unittest discover -s tests/host -v	2026-10-07T23:27:29.9905250Z test_reverse_patch_order_fails_before_configuring (test_firmware.BuildTests.test_reverse_patch_order_fails_before_configuring) ... ok
host-tests	Run python3 -m unittest discover -s tests/host -v	2026-10-07T23:27:29.9906638Z test_root_build_accepts_foreign_owned_pristine_checkout (test_firmware.BuildTests.test_root_build_accepts_foreign_owned_pristine_checkout) ... skipped 'requires root CI ownership fixture'
host-tests	Run python3 -m unittest discover -s tests/host -v	2026-10-07T23:27:30.2159438Z test_wrong_image_size_is_rejected (test_firmware.BuildTests.test_wrong_image_size_is_rejected) ... ok
host-tests	Run python3 -m unittest discover -s tests/host -v	2026-10-07T23:27:30.2724479Z test_wrong_revision_is_rejected (test_firmware.BuildTests.test_wrong_revision_is_rejected) ... ok
host-tests	Run python3 -m unittest discover -s tests/host -v	2026-10-07T23:27:30.3834071Z test_capture_preserves_arguments_disk_and_hashes (test_firmware.LaunchTests.test_capture_preserves_arguments_disk_and_hashes) ... ok
host-tests	Run python3 -m unittest discover -s tests/host -v	2026-10-07T23:27:30.4912240Z test_complete_tap_passes (test_firmware.LaunchTests.test_complete_tap_passes) ... ok
host-tests	Run python3 -m unittest discover -s tests/host -v	2026-10-07T23:27:30.5975002Z test_emulator_failure_keeps_diagnostics (test_firmware.LaunchTests.test_emulator_failure_keeps_diagnostics) ... ok
host-tests	Run python3 -m unittest discover -s tests/host -v	2026-10-07T23:27:30.6378136Z test_existing_capture_is_never_overwritten (test_firmware.LaunchTests.test_existing_capture_is_never_overwritten) ... ok
host-tests	Run python3 -m unittest discover -s tests/host -v	2026-10-07T23:27:30.7061355Z test_failed_private_conversion_never_launches_or_modifies_seed (test_firmware.LaunchTests.test_failed_private_conversion_never_launches_or_modifies_seed) ... ok
host-tests	Run python3 -m unittest discover -s tests/host -v	2026-10-07T23:27:30.7467262Z test_missing_media_does_not_launch (test_firmware.LaunchTests.test_missing_media_does_not_launch) ... ok
host-tests	Run python3 -m unittest discover -s tests/host -v	2026-10-07T23:27:30.8543405Z test_missing_tap_cannot_pass (test_firmware.LaunchTests.test_missing_tap_cannot_pass) ... ok
host-tests	Run python3 -m unittest discover -s tests/host -v	2026-10-07T23:27:30.9888411Z test_preserved_guest_writes_use_private_copy (test_firmware.LaunchTests.test_preserved_guest_writes_use_private_copy) ... ok
host-tests	Run python3 -m unittest discover -s tests/host -v	2026-10-07T23:27:31.2339524Z test_timeout_is_a_failure_with_retained_manifest (test_firmware.LaunchTests.test_timeout_is_a_failure_with_retained_manifest) ... ok
host-tests	Run python3 -m unittest discover -s tests/host -v	2026-10-07T23:27:31.2354578Z test_bailout_fails (test_firmware.TapTests.test_bailout_fails) ... ok
host-tests	Run python3 -m unittest discover -s tests/host -v	2026-10-07T23:27:31.2355710Z test_bare_failure_record_cannot_be_ignored (test_firmware.TapTests.test_bare_failure_record_cannot_be_ignored) ... ok
host-tests	Run python3 -m unittest discover -s tests/host -v	2026-10-07T23:27:31.2356435Z test_duplicate_numbers_fail (test_firmware.TapTests.test_duplicate_numbers_fail) ... ok
host-tests	Run python3 -m unittest discover -s tests/host -v	2026-10-07T23:27:31.2357027Z test_failure_fails (test_firmware.TapTests.test_failure_fails) ... ok
host-tests	Run python3 -m unittest discover -s tests/host -v	2026-10-07T23:27:31.2357600Z test_incomplete_plan_fails (test_firmware.TapTests.test_incomplete_plan_fails) ... ok
host-tests	Run python3 -m unittest discover -s tests/host -v	2026-10-07T23:27:31.2358152Z test_multiple_boots_fail (test_firmware.TapTests.test_multiple_boots_fail) ... ok
host-tests	Run python3 -m unittest discover -s tests/host -v	2026-10-07T23:27:31.2358785Z test_plan_between_results_is_rejected (test_firmware.TapTests.test_plan_between_results_is_rejected) ... ok
host-tests	Run python3 -m unittest discover -s tests/host -v	2026-10-07T23:27:31.2359469Z test_skipped_tests_are_reported (test_firmware.TapTests.test_skipped_tests_are_reported) ... ok
host-tests	Run python3 -m unittest discover -s tests/host -v	2026-10-07T23:27:31.2360198Z test_tab_separated_failure_cannot_be_ignored (test_firmware.TapTests.test_tab_separated_failure_cannot_be_ignored) ... ok
host-tests	Run python3 -m unittest discover -s tests/host -v	2026-10-07T23:27:31.2360952Z test_upstream_tap_version_14_passes (test_firmware.TapTests.test_upstream_tap_version_14_passes) ... ok
host-tests	Run python3 -m unittest discover -s tests/host -v	2026-10-07T23:27:31.2361658Z test_version_after_results_is_rejected (test_firmware.TapTests.test_version_after_results_is_rejected) ... ok
host-tests	Run python3 -m unittest discover -s tests/host -v	2026-10-07T23:27:31.2992360Z test_bad_configuration (test_kernel_performance.AnalyzerTests.test_bad_configuration) ... ok
host-tests	Run python3 -m unittest discover -s tests/host -v	2026-10-07T23:27:31.4687974Z test_cli_outputs_and_refusal (test_kernel_performance.AnalyzerTests.test_cli_outputs_and_refusal) ... ok
host-tests	Run python3 -m unittest discover -s tests/host -v	2026-10-07T23:27:31.4955071Z test_coarse_start_outside_interval (test_kernel_performance.AnalyzerTests.test_coarse_start_outside_interval) ... ok
host-tests	Run python3 -m unittest discover -s tests/host -v	2026-10-07T23:27:31.5425980Z test_consistent_regression (test_kernel_performance.AnalyzerTests.test_consistent_regression) ... ok
host-tests	Run python3 -m unittest discover -s tests/host -v	2026-10-07T23:27:31.5526885Z test_execution_log_required (test_kernel_performance.AnalyzerTests.test_execution_log_required) ... ok
host-tests	Run python3 -m unittest discover -s tests/host -v	2026-10-07T23:27:31.5644547Z test_failed_driver (test_kernel_performance.AnalyzerTests.test_failed_driver) ... ok
host-tests	Run python3 -m unittest discover -s tests/host -v	2026-10-07T23:27:31.5765271Z test_failed_tap_cannot_be_disguised_by_run_manifest (test_kernel_performance.AnalyzerTests.test_failed_tap_cannot_be_disguised_by_run_manifest) ... ok
host-tests	Run python3 -m unittest discover -s tests/host -v	2026-10-07T23:27:31.6172625Z test_five_improving_pairs_cannot_claim_speedup (test_kernel_performance.AnalyzerTests.test_five_improving_pairs_cannot_claim_speedup) ... ok
host-tests	Run python3 -m unittest discover -s tests/host -v	2026-10-07T23:27:31.7128548Z test_incorrect_sample_contract (test_kernel_performance.AnalyzerTests.test_incorrect_sample_contract) ... ok
host-tests	Run python3 -m unittest discover -s tests/host -v	2026-10-07T23:27:31.7228914Z test_insufficient_pairs (test_kernel_performance.AnalyzerTests.test_insufficient_pairs) ... ok
host-tests	Run python3 -m unittest discover -s tests/host -v	2026-10-07T23:27:31.7356769Z test_locally_modified_dvd (test_kernel_performance.AnalyzerTests.test_locally_modified_dvd) ... ok
host-tests	Run python3 -m unittest discover -s tests/host -v	2026-10-07T23:27:31.7480365Z test_mismatched_iso_record (test_kernel_performance.AnalyzerTests.test_mismatched_iso_record) ... ok
host-tests	Run python3 -m unittest discover -s tests/host -v	2026-10-07T23:27:31.7863821Z test_missing_or_duplicate_workload (test_kernel_performance.AnalyzerTests.test_missing_or_duplicate_workload) ... ok
host-tests	Run python3 -m unittest discover -s tests/host -v	2026-10-07T23:27:31.7986969Z test_missing_terminal (test_kernel_performance.AnalyzerTests.test_missing_terminal) ... ok
host-tests	Run python3 -m unittest discover -s tests/host -v	2026-10-07T23:27:31.8449468Z test_noise_prevents_false_speedup (test_kernel_performance.AnalyzerTests.test_noise_prevents_false_speedup) ... ok
host-tests	Run python3 -m unittest discover -s tests/host -v	2026-10-07T23:27:31.8703017Z test_nonalternating_order (test_kernel_performance.AnalyzerTests.test_nonalternating_order) ... ok
host-tests	Run python3 -m unittest discover -s tests/host -v	2026-10-07T23:27:31.8958935Z test_overlapping_timestamps (test_kernel_performance.AnalyzerTests.test_overlapping_timestamps) ... ok
host-tests	Run python3 -m unittest discover -s tests/host -v	2026-10-07T23:27:31.9058899Z test_same_candidate_image (test_kernel_performance.AnalyzerTests.test_same_candidate_image) ... ok
host-tests	Run python3 -m unittest discover -s tests/host -v	2026-10-07T23:27:31.9513238Z test_small_inconclusive_change (test_kernel_performance.AnalyzerTests.test_small_inconclusive_change) ... ok
host-tests	Run python3 -m unittest discover -s tests/host -v	2026-10-07T23:27:31.9895823Z test_todo_or_skip_refused (test_kernel_performance.AnalyzerTests.test_todo_or_skip_refused) ... ok
host-tests	Run python3 -m unittest discover -s tests/host -v	2026-10-07T23:27:32.0572168Z test_uint64_definite_improvement_and_regression_remain_supported (test_kernel_performance.AnalyzerTests.test_uint64_definite_improvement_and_regression_remain_supported) ... ok
host-tests	Run python3 -m unittest discover -s tests/host -v	2026-10-07T23:27:32.0961841Z test_uint64_fractional_iteration_noise_remains_inconclusive (test_kernel_performance.AnalyzerTests.test_uint64_fractional_iteration_noise_remains_inconclusive) ... ok
host-tests	Run python3 -m unittest discover -s tests/host -v	2026-10-07T23:27:32.1647946Z test_uint64_precision_noise_cannot_invent_improvement_or_regression (test_kernel_performance.AnalyzerTests.test_uint64_precision_noise_cannot_invent_improvement_or_regression) ... ok
host-tests	Run python3 -m unittest discover -s tests/host -v	2026-10-07T23:27:32.1999207Z test_valid_seven_pairs_and_positive_threshold (test_kernel_performance.AnalyzerTests.test_valid_seven_pairs_and_positive_threshold) ... ok
host-tests	Run python3 -m unittest discover -s tests/host -v	2026-10-07T23:27:32.2000443Z 
host-tests	Run python3 -m unittest discover -s tests/host -v	2026-10-07T23:27:32.2000833Z ----------------------------------------------------------------------
host-tests	Run python3 -m unittest discover -s tests/host -v	2026-10-07T23:27:32.2001636Z Ran 66 tests in 5.415s
host-tests	Run python3 -m unittest discover -s tests/host -v	2026-10-07T23:27:32.2001862Z 
host-tests	Run python3 -m unittest discover -s tests/host -v	2026-10-07T23:27:32.2001992Z OK (skipped=1)
host-tests	Post Run actions/checkout@v4	﻿2026-10-07T23:27:32.2339463Z Post job cleanup.
host-tests	Post Run actions/checkout@v4	2026-10-07T23:27:32.3162528Z [command]/usr/bin/git version
host-tests	Post Run actions/checkout@v4	2026-10-07T23:27:32.3207520Z git version 2.55.0
host-tests	Post Run actions/checkout@v4	2026-10-07T23:27:32.3251093Z Temporarily overriding HOME='/home/runner/work/_temp/b1bba2c6-f6cb-4398-9ca2-66e80c4bab72' before making global git config changes
host-tests	Post Run actions/checkout@v4	2026-10-07T23:27:32.3252455Z Adding repository directory to the temporary git global config as a safe directory
host-tests	Post Run actions/checkout@v4	2026-10-07T23:27:32.3260083Z [command]/usr/bin/git config --global --add safe.directory /home/runner/work/SpiritBoot/SpiritBoot
host-tests	Post Run actions/checkout@v4	2026-10-07T23:27:32.3298291Z [command]/usr/bin/git config --local --name-only --get-regexp core\.sshCommand
host-tests	Post Run actions/checkout@v4	2026-10-07T23:27:32.3334239Z [command]/usr/bin/git submodule foreach --recursive sh -c "git config --local --name-only --get-regexp 'core\.sshCommand' && git config --local --unset-all 'core.sshCommand' || :"
host-tests	Post Run actions/checkout@v4	2026-10-07T23:27:32.3579398Z [command]/usr/bin/git config --local --name-only --get-regexp http\.https\:\/\/github\.com\/\.extraheader
host-tests	Post Run actions/checkout@v4	2026-10-07T23:27:32.3619831Z http.https://github.com/.extraheader
host-tests	Post Run actions/checkout@v4	2026-10-07T23:27:32.3630824Z [command]/usr/bin/git config --local --unset-all http.https://github.com/.extraheader
host-tests	Post Run actions/checkout@v4	2026-10-07T23:27:32.3657945Z [command]/usr/bin/git submodule foreach --recursive sh -c "git config --local --name-only --get-regexp 'http\.https\:\/\/github\.com\/\.extraheader' && git config --local --unset-all 'http.https://github.com/.extraheader' || :"
host-tests	Post Run actions/checkout@v4	2026-10-07T23:27:32.3915287Z [command]/usr/bin/git config --local --name-only --get-regexp ^includeIf\.gitdir:
host-tests	Post Run actions/checkout@v4	2026-10-07T23:27:32.3953214Z [command]/usr/bin/git submodule foreach --recursive git config --local --show-origin --name-only --get-regexp remote.origin.url
host-tests	Complete job	﻿2026-10-07T23:27:32.4341076Z Cleaning up orphan processes
host-tests	Complete job	2026-10-07T23:27:32.4627923Z ##[warning]Node.js 20 is deprecated. The following actions target Node.js 20 but are being forced to run on Node.js 24: actions/checkout@v4. For more information see: https://github.blog/changelog/2025-09-19-deprecation-of-node-20-on-github-actions-runners/
firmware (release)	Set up job	﻿2026-10-07T23:27:26.3212716Z Current runner version: '2.337.0'
firmware (release)	Set up job	2026-10-07T23:27:26.3235656Z ##[group]Runner Image Provisioner
firmware (release)	Set up job	2026-10-07T23:27:26.3236523Z Hosted Compute Agent
firmware (release)	Set up job	2026-10-07T23:27:26.3237031Z Version: 20261002.596
firmware (release)	Set up job	2026-10-07T23:27:26.3237569Z Commit: c3d12f3313a95f25162a1503be624f3b0617f8c0
firmware (release)	Set up job	2026-10-07T23:27:26.3238288Z Build Date: 2026-10-02T22:28:27Z
firmware (release)	Set up job	2026-10-07T23:27:26.3238999Z Worker ID: {a7ab9b74-e2a7-4f49-b078-8144d1ed2ef7}
firmware (release)	Set up job	2026-10-07T23:27:26.3239796Z Region: westus
firmware (release)	Set up job	2026-10-07T23:27:26.3240429Z Cloud: Azure
firmware (release)	Set up job	2026-10-07T23:27:26.3240890Z ##[endgroup]
firmware (release)	Set up job	2026-10-07T23:27:26.3242176Z ##[group]Operating System
firmware (release)	Set up job	2026-10-07T23:27:26.3242759Z Ubuntu
firmware (release)	Set up job	2026-10-07T23:27:26.3243241Z 24.04.5
firmware (release)	Set up job	2026-10-07T23:27:26.3243734Z LTS
firmware (release)	Set up job	2026-10-07T23:27:26.3244180Z ##[endgroup]
firmware (release)	Set up job	2026-10-07T23:27:26.3244715Z ##[group]Runner Image
firmware (release)	Set up job	2026-10-07T23:27:26.3245242Z Image: ubuntu-24.04
firmware (release)	Set up job	2026-10-07T23:27:26.3245727Z Version: 20261004.327.1
firmware (release)	Set up job	2026-10-07T23:27:26.3246627Z Included Software: https://github.com/actions/runner-images/blob/ubuntu24/20261004.327/images/ubuntu/Ubuntu2404-Readme.md
firmware (release)	Set up job	2026-10-07T23:27:26.3248136Z Image Release: https://github.com/actions/runner-images/releases/tag/ubuntu24%2F20261004.327
firmware (release)	Set up job	2026-10-07T23:27:26.3249139Z ##[endgroup]
firmware (release)	Set up job	2026-10-07T23:27:26.3250097Z ##[group]GITHUB_TOKEN Permissions
firmware (release)	Set up job	2026-10-07T23:27:26.3251771Z Contents: read
firmware (release)	Set up job	2026-10-07T23:27:26.3252315Z Metadata: read
firmware (release)	Set up job	2026-10-07T23:27:26.3252857Z ##[endgroup]
firmware (release)	Set up job	2026-10-07T23:27:26.3254613Z Secret source: Actions
firmware (release)	Set up job	2026-10-07T23:27:26.3255493Z Cache mode: write
firmware (release)	Set up job	2026-10-07T23:27:26.3256079Z Prepare workflow directory
firmware (release)	Set up job	2026-10-07T23:27:26.3525890Z Prepare all required actions
firmware (release)	Set up job	2026-10-07T23:27:26.3566087Z Getting action download info
firmware (release)	Set up job	2026-10-07T23:27:26.7193330Z Download action repository 'actions/checkout@v4' (SHA:11d5960a326750d5838078e36cf38b85af677262)
firmware (release)	Set up job	2026-10-07T23:27:26.8319891Z Download action repository 'actions/upload-artifact@v4' (SHA:ea165f8d65b6e75b540449e92b4886f43607fa02)
firmware (release)	Set up job	2026-10-07T23:27:27.1120863Z Complete job name: firmware (release)
firmware (release)	Run actions/checkout@v4	﻿2026-10-07T23:27:27.1837393Z ##[group]Run actions/checkout@v4
firmware (release)	Run actions/checkout@v4	2026-10-07T23:27:27.1838130Z with:
firmware (release)	Run actions/checkout@v4	2026-10-07T23:27:27.1838512Z   repository: Mainkill1/SpiritBoot
firmware (release)	Run actions/checkout@v4	2026-10-07T23:27:27.1841923Z   token: ***
firmware (release)	Run actions/checkout@v4	2026-10-07T23:27:27.1842291Z   ssh-strict: true
firmware (release)	Run actions/checkout@v4	2026-10-07T23:27:27.1842660Z   ssh-user: git
firmware (release)	Run actions/checkout@v4	2026-10-07T23:27:27.1843022Z   persist-credentials: true
firmware (release)	Run actions/checkout@v4	2026-10-07T23:27:27.1843415Z   clean: true
firmware (release)	Run actions/checkout@v4	2026-10-07T23:27:27.1843768Z   sparse-checkout-cone-mode: true
firmware (release)	Run actions/checkout@v4	2026-10-07T23:27:27.1844185Z   fetch-depth: 1
firmware (release)	Run actions/checkout@v4	2026-10-07T23:27:27.1844536Z   fetch-tags: false
firmware (release)	Run actions/checkout@v4	2026-10-07T23:27:27.1845014Z   show-progress: true
firmware (release)	Run actions/checkout@v4	2026-10-07T23:27:27.1845494Z   lfs: false
firmware (release)	Run actions/checkout@v4	2026-10-07T23:27:27.1845830Z   submodules: false
firmware (release)	Run actions/checkout@v4	2026-10-07T23:27:27.1846248Z   set-safe-directory: true
firmware (release)	Run actions/checkout@v4	2026-10-07T23:27:27.1846698Z   allow-unsafe-pr-checkout: false
firmware (release)	Run actions/checkout@v4	2026-10-07T23:27:27.1847475Z ##[endgroup]
firmware (release)	Run actions/checkout@v4	2026-10-07T23:27:27.2796229Z Syncing repository: Mainkill1/SpiritBoot
firmware (release)	Run actions/checkout@v4	2026-10-07T23:27:27.2798094Z ##[group]Getting Git version info
firmware (release)	Run actions/checkout@v4	2026-10-07T23:27:27.2798745Z Working directory is '/home/runner/work/SpiritBoot/SpiritBoot'
firmware (release)	Run actions/checkout@v4	2026-10-07T23:27:27.2800016Z [command]/usr/bin/git version
firmware (release)	Run actions/checkout@v4	2026-10-07T23:27:27.2850113Z git version 2.55.0
firmware (release)	Run actions/checkout@v4	2026-10-07T23:27:27.2870388Z ##[endgroup]
firmware (release)	Run actions/checkout@v4	2026-10-07T23:27:27.2899661Z Temporarily overriding HOME='/home/runner/work/_temp/f586813c-010d-434b-b538-bb20627a821e' before making global git config changes
firmware (release)	Run actions/checkout@v4	2026-10-07T23:27:27.2901573Z Adding repository directory to the temporary git global config as a safe directory
firmware (release)	Run actions/checkout@v4	2026-10-07T23:27:27.2904739Z [command]/usr/bin/git config --global --add safe.directory /home/runner/work/SpiritBoot/SpiritBoot
firmware (release)	Run actions/checkout@v4	2026-10-07T23:27:27.2967465Z Deleting the contents of '/home/runner/work/SpiritBoot/SpiritBoot'
firmware (release)	Run actions/checkout@v4	2026-10-07T23:27:27.2973175Z ##[group]Initializing the repository
firmware (release)	Run actions/checkout@v4	2026-10-07T23:27:27.2977699Z [command]/usr/bin/git init /home/runner/work/SpiritBoot/SpiritBoot
firmware (release)	Run actions/checkout@v4	2026-10-07T23:27:27.3087196Z hint: Using 'master' as the name for the initial branch. This default branch name
firmware (release)	Run actions/checkout@v4	2026-10-07T23:27:27.3088954Z hint: will change to "main" in Git 3.0. To configure the initial branch name
firmware (release)	Run actions/checkout@v4	2026-10-07T23:27:27.3090942Z hint: to use in all of your new repositories, which will suppress this warning,
firmware (release)	Run actions/checkout@v4	2026-10-07T23:27:27.3092105Z hint: call:
firmware (release)	Run actions/checkout@v4	2026-10-07T23:27:27.3093246Z hint:
firmware (release)	Run actions/checkout@v4	2026-10-07T23:27:27.3094192Z hint: 	git config --global init.defaultBranch <name>
firmware (release)	Run actions/checkout@v4	2026-10-07T23:27:27.3095337Z hint:
firmware (release)	Run actions/checkout@v4	2026-10-07T23:27:27.3096280Z hint: Names commonly chosen instead of 'master' are 'main', 'trunk' and
firmware (release)	Run actions/checkout@v4	2026-10-07T23:27:27.3097856Z hint: 'development'. The just-created branch can be renamed via this command:
firmware (release)	Run actions/checkout@v4	2026-10-07T23:27:27.3099397Z hint:
firmware (release)	Run actions/checkout@v4	2026-10-07T23:27:27.3100209Z hint: 	git branch -m <name>
firmware (release)	Run actions/checkout@v4	2026-10-07T23:27:27.3101095Z hint:
firmware (release)	Run actions/checkout@v4	2026-10-07T23:27:27.3102270Z hint: Disable this message with "git config set advice.defaultBranchName false"
firmware (release)	Run actions/checkout@v4	2026-10-07T23:27:27.3104252Z Initialized empty Git repository in /home/runner/work/SpiritBoot/SpiritBoot/.git/
firmware (release)	Run actions/checkout@v4	2026-10-07T23:27:27.3107542Z [command]/usr/bin/git remote add origin https://github.com/Mainkill1/SpiritBoot
firmware (release)	Run actions/checkout@v4	2026-10-07T23:27:27.3159318Z ##[endgroup]
firmware (release)	Run actions/checkout@v4	2026-10-07T23:27:27.3160390Z ##[group]Disabling automatic garbage collection
firmware (release)	Run actions/checkout@v4	2026-10-07T23:27:27.3164076Z [command]/usr/bin/git config --local gc.auto 0
firmware (release)	Run actions/checkout@v4	2026-10-07T23:27:27.3204068Z ##[endgroup]
firmware (release)	Run actions/checkout@v4	2026-10-07T23:27:27.3204718Z ##[group]Setting up auth
firmware (release)	Run actions/checkout@v4	2026-10-07T23:27:27.3215000Z [command]/usr/bin/git config --local --name-only --get-regexp core\.sshCommand
firmware (release)	Run actions/checkout@v4	2026-10-07T23:27:27.3250776Z [command]/usr/bin/git submodule foreach --recursive sh -c "git config --local --name-only --get-regexp 'core\.sshCommand' && git config --local --unset-all 'core.sshCommand' || :"
firmware (release)	Run actions/checkout@v4	2026-10-07T23:27:27.3601132Z [command]/usr/bin/git config --local --name-only --get-regexp http\.https\:\/\/github\.com\/\.extraheader
firmware (release)	Run actions/checkout@v4	2026-10-07T23:27:27.3636234Z [command]/usr/bin/git submodule foreach --recursive sh -c "git config --local --name-only --get-regexp 'http\.https\:\/\/github\.com\/\.extraheader' && git config --local --unset-all 'http.https://github.com/.extraheader' || :"
firmware (release)	Run actions/checkout@v4	2026-10-07T23:27:27.3859775Z [command]/usr/bin/git config --local --name-only --get-regexp ^includeIf\.gitdir:
firmware (release)	Run actions/checkout@v4	2026-10-07T23:27:27.3903320Z [command]/usr/bin/git submodule foreach --recursive git config --local --show-origin --name-only --get-regexp remote.origin.url
firmware (release)	Run actions/checkout@v4	2026-10-07T23:27:27.4164745Z [command]/usr/bin/git config --local http.https://github.com/.extraheader AUTHORIZATION: basic ***
firmware (release)	Run actions/checkout@v4	2026-10-07T23:27:27.4300802Z ##[endgroup]
firmware (release)	Run actions/checkout@v4	2026-10-07T23:27:27.4301706Z ##[group]Fetching the repository
firmware (release)	Run actions/checkout@v4	2026-10-07T23:27:27.4318603Z [command]/usr/bin/git -c protocol.version=2 fetch --no-tags --prune --no-recurse-submodules --depth=1 origin +fda40c4c546b66bbb0ab063c2bd56d6b1ed2e880:refs/remotes/pull/10/merge
firmware (release)	Run actions/checkout@v4	2026-10-07T23:27:27.9958544Z From https://github.com/Mainkill1/SpiritBoot
firmware (release)	Run actions/checkout@v4	2026-10-07T23:27:27.9960090Z  * [new ref]         fda40c4c546b66bbb0ab063c2bd56d6b1ed2e880 -> pull/10/merge
firmware (release)	Run actions/checkout@v4	2026-10-07T23:27:27.9962726Z ##[endgroup]
firmware (release)	Run actions/checkout@v4	2026-10-07T23:27:27.9963743Z ##[group]Determining the checkout info
firmware (release)	Run actions/checkout@v4	2026-10-07T23:27:27.9964887Z ##[endgroup]
firmware (release)	Run actions/checkout@v4	2026-10-07T23:27:27.9970538Z [command]/usr/bin/git sparse-checkout disable
firmware (release)	Run actions/checkout@v4	2026-10-07T23:27:28.0044046Z [command]/usr/bin/git config --local --unset-all extensions.worktreeConfig
firmware (release)	Run actions/checkout@v4	2026-10-07T23:27:28.0081651Z ##[group]Checking out the ref
firmware (release)	Run actions/checkout@v4	2026-10-07T23:27:28.0085045Z [command]/usr/bin/git checkout --progress --force refs/remotes/pull/10/merge
firmware (release)	Run actions/checkout@v4	2026-10-07T23:27:28.0291926Z Note: switching to 'refs/remotes/pull/10/merge'.
firmware (release)	Run actions/checkout@v4	2026-10-07T23:27:28.0292789Z 
firmware (release)	Run actions/checkout@v4	2026-10-07T23:27:28.0293292Z You are in 'detached HEAD' state. You can look around, make experimental
firmware (release)	Run actions/checkout@v4	2026-10-07T23:27:28.0294452Z changes and commit them, and you can discard any commits you make in this
firmware (release)	Run actions/checkout@v4	2026-10-07T23:27:28.0295669Z state without impacting any branches by switching back to a branch.
firmware (release)	Run actions/checkout@v4	2026-10-07T23:27:28.0296431Z 
firmware (release)	Run actions/checkout@v4	2026-10-07T23:27:28.0296966Z If you want to create a new branch to retain commits you create, you may
firmware (release)	Run actions/checkout@v4	2026-10-07T23:27:28.0298032Z do so (now or later) by using -c with the switch command. Example:
firmware (release)	Run actions/checkout@v4	2026-10-07T23:27:28.0298491Z 
firmware (release)	Run actions/checkout@v4	2026-10-07T23:27:28.0298680Z   git switch -c <new-branch-name>
firmware (release)	Run actions/checkout@v4	2026-10-07T23:27:28.0299557Z 
firmware (release)	Run actions/checkout@v4	2026-10-07T23:27:28.0299741Z Or undo this operation with:
firmware (release)	Run actions/checkout@v4	2026-10-07T23:27:28.0300053Z 
firmware (release)	Run actions/checkout@v4	2026-10-07T23:27:28.0300214Z   git switch -
firmware (release)	Run actions/checkout@v4	2026-10-07T23:27:28.0300531Z 
firmware (release)	Run actions/checkout@v4	2026-10-07T23:27:28.0300946Z Turn off this advice by setting config variable advice.detachedHead to false
firmware (release)	Run actions/checkout@v4	2026-10-07T23:27:28.0301442Z 
firmware (release)	Run actions/checkout@v4	2026-10-07T23:27:28.0301952Z HEAD is now at fda40c4 Merge 0cd16fbe1e828f77d6ffb320c7574bf10792640b into a88247760c91de599a14342158561373b072dfce
firmware (release)	Run actions/checkout@v4	2026-10-07T23:27:28.0304479Z ##[endgroup]
firmware (release)	Run actions/checkout@v4	2026-10-07T23:27:28.0363343Z [command]/usr/bin/git log -1 --format=%H
firmware (release)	Run actions/checkout@v4	2026-10-07T23:27:28.0400109Z fda40c4c546b66bbb0ab063c2bd56d6b1ed2e880
firmware (release)	Fetch pinned open kernel	﻿2026-10-07T23:27:28.0730355Z ##[group]Run python3 - <<'PY'
firmware (release)	Fetch pinned open kernel	2026-10-07T23:27:28.0731095Z [36;1mpython3 - <<'PY'[0m
firmware (release)	Fetch pinned open kernel	2026-10-07T23:27:28.0731558Z [36;1mimport json, subprocess[0m
firmware (release)	Fetch pinned open kernel	2026-10-07T23:27:28.0732255Z [36;1mlock = json.load(open('sources/firmware-lock.json'))['repositories']['roswell'][0m
firmware (release)	Fetch pinned open kernel	2026-10-07T23:27:28.0733089Z [36;1msubprocess.run(['git', 'init', '.reference/roswell'], check=True)[0m
firmware (release)	Fetch pinned open kernel	2026-10-07T23:27:28.0734017Z [36;1msubprocess.run(['git', '-C', '.reference/roswell', 'remote', 'add', 'origin', lock['url']], check=True)[0m
firmware (release)	Fetch pinned open kernel	2026-10-07T23:27:28.0735094Z [36;1msubprocess.run(['git', '-C', '.reference/roswell', 'fetch', '--depth=1', 'origin', lock['revision']], check=True)[0m
firmware (release)	Fetch pinned open kernel	2026-10-07T23:27:28.0736170Z [36;1msubprocess.run(['git', '-C', '.reference/roswell', 'checkout', '--detach', 'FETCH_HEAD'], check=True)[0m
firmware (release)	Fetch pinned open kernel	2026-10-07T23:27:28.0736890Z [36;1mPY[0m
firmware (release)	Fetch pinned open kernel	2026-10-07T23:27:28.1077404Z shell: /usr/bin/bash -e {0}
firmware (release)	Fetch pinned open kernel	2026-10-07T23:27:28.1078070Z ##[endgroup]
firmware (release)	Fetch pinned open kernel	2026-10-07T23:27:28.1436261Z hint: Using 'master' as the name for the initial branch. This default branch name
firmware (release)	Fetch pinned open kernel	2026-10-07T23:27:28.1437460Z hint: will change to "main" in Git 3.0. To configure the initial branch name
firmware (release)	Fetch pinned open kernel	2026-10-07T23:27:28.1438290Z hint: to use in all of your new repositories, which will suppress this warning,
firmware (release)	Fetch pinned open kernel	2026-10-07T23:27:28.1439016Z hint: call:
firmware (release)	Fetch pinned open kernel	2026-10-07T23:27:28.1439402Z hint:
firmware (release)	Fetch pinned open kernel	2026-10-07T23:27:28.1439845Z hint: 	git config --global init.defaultBranch <name>
firmware (release)	Fetch pinned open kernel	2026-10-07T23:27:28.1440369Z hint:
firmware (release)	Fetch pinned open kernel	2026-10-07T23:27:28.1440852Z hint: Names commonly chosen instead of 'master' are 'main', 'trunk' and
firmware (release)	Fetch pinned open kernel	2026-10-07T23:27:28.1441619Z hint: 'development'. The just-created branch can be renamed via this command:
firmware (release)	Fetch pinned open kernel	2026-10-07T23:27:28.1442224Z hint:
firmware (release)	Fetch pinned open kernel	2026-10-07T23:27:28.1442578Z hint: 	git branch -m <name>
firmware (release)	Fetch pinned open kernel	2026-10-07T23:27:28.1442975Z hint:
firmware (release)	Fetch pinned open kernel	2026-10-07T23:27:28.1443494Z hint: Disable this message with "git config set advice.defaultBranchName false"
firmware (release)	Fetch pinned open kernel	2026-10-07T23:27:28.1444475Z Initialized empty Git repository in /home/runner/work/SpiritBoot/SpiritBoot/.reference/roswell/.git/
firmware (release)	Fetch pinned open kernel	2026-10-07T23:27:41.5149412Z From https://github.com/mborgerson/roswell
firmware (release)	Fetch pinned open kernel	2026-10-07T23:27:41.5150275Z  * branch              1569e2e89fb47cc72b9c704a8884f98200432bd4 -> FETCH_HEAD
firmware (release)	Fetch pinned open kernel	2026-10-07T23:27:43.4904150Z HEAD is now at 1569e2e8 nxcache: note the reserve recovery path
firmware (release)	Build toolchain	﻿2026-10-07T23:27:43.5040438Z ##[group]Run docker build -f tools/Dockerfile.firmware -t spiritboot-toolchain .
firmware (release)	Build toolchain	2026-10-07T23:27:43.5041034Z [36;1mdocker build -f tools/Dockerfile.firmware -t spiritboot-toolchain .[0m
firmware (release)	Build toolchain	2026-10-07T23:27:43.5100589Z shell: /usr/bin/bash -e {0}
firmware (release)	Build toolchain	2026-10-07T23:27:43.5100907Z ##[endgroup]
firmware (release)	Build toolchain	2026-10-07T23:27:44.0724445Z #0 building with "default" instance using docker driver
firmware (release)	Build toolchain	2026-10-07T23:27:44.0724786Z 
firmware (release)	Build toolchain	2026-10-07T23:27:44.0724941Z #1 [internal] load build definition from Dockerfile.firmware
firmware (release)	Build toolchain	2026-10-07T23:27:44.0725469Z #1 transferring dockerfile: 1.25kB done
firmware (release)	Build toolchain	2026-10-07T23:27:44.0725742Z #1 DONE 0.0s
firmware (release)	Build toolchain	2026-10-07T23:27:44.0725869Z 
firmware (release)	Build toolchain	2026-10-07T23:27:44.0726247Z #2 [internal] load metadata for docker.io/library/ubuntu:24.04@sha256:534baea6a22c03a63003dbc8dbe78fe34bc0d7e595d9a9dc9834884ff530eb55
firmware (release)	Build toolchain	2026-10-07T23:27:44.3405132Z #2 ...
firmware (release)	Build toolchain	2026-10-07T23:27:44.3405418Z 
firmware (release)	Build toolchain	2026-10-07T23:27:44.3405594Z #3 [auth] library/ubuntu:pull token for registry-1.docker.io
firmware (release)	Build toolchain	2026-10-07T23:27:44.3405901Z #3 DONE 0.0s
firmware (release)	Build toolchain	2026-10-07T23:27:44.4907940Z 
firmware (release)	Build toolchain	2026-10-07T23:27:44.4908718Z #2 [internal] load metadata for docker.io/library/ubuntu:24.04@sha256:534baea6a22c03a63003dbc8dbe78fe34bc0d7e595d9a9dc9834884ff530eb55
firmware (release)	Build toolchain	2026-10-07T23:27:44.7816739Z #2 DONE 0.9s
firmware (release)	Build toolchain	2026-10-07T23:27:44.9786296Z 
firmware (release)	Build toolchain	2026-10-07T23:27:44.9786827Z #4 [internal] load .dockerignore
firmware (release)	Build toolchain	2026-10-07T23:27:44.9787191Z #4 transferring context: 91B done
firmware (release)	Build toolchain	2026-10-07T23:27:44.9787408Z #4 DONE 0.0s
firmware (release)	Build toolchain	2026-10-07T23:27:44.9787512Z 
firmware (release)	Build toolchain	2026-10-07T23:27:44.9787825Z #5 [stage-0 1/4] FROM docker.io/library/ubuntu:24.04@sha256:534baea6a22c03a63003dbc8dbe78fe34bc0d7e595d9a9dc9834884ff530eb55
firmware (release)	Build toolchain	2026-10-07T23:27:44.9788474Z #5 resolve docker.io/library/ubuntu:24.04@sha256:534baea6a22c03a63003dbc8dbe78fe34bc0d7e595d9a9dc9834884ff530eb55 0.0s done
firmware (release)	Build toolchain	2026-10-07T23:27:44.9789337Z #5 sha256:f610ab94648195aa356059f5b41d6085c9d4d903c072430cdd1af7bdb646106b 424B / 424B done
firmware (release)	Build toolchain	2026-10-07T23:27:44.9790106Z #5 sha256:69f919497cada9a8611f3de61df902d9f94bf20f84552ef5bd93125c38608ef9 2.05kB / 2.05kB done
firmware (release)	Build toolchain	2026-10-07T23:27:44.9790855Z #5 sha256:534baea6a22c03a63003dbc8dbe78fe34bc0d7e595d9a9dc9834884ff530eb55 6.69kB / 6.69kB done
firmware (release)	Build toolchain	2026-10-07T23:27:44.9792165Z #5 DONE 0.0s
firmware (release)	Build toolchain	2026-10-07T23:27:44.9792335Z 
firmware (release)	Build toolchain	2026-10-07T23:27:44.9800163Z #6 [stage-0 2/4] RUN --mount=type=secret,id=proxy_ca     if [ -f /run/secrets/proxy_ca ]; then       echo 'Acquire::https::CaInfo "/run/secrets/proxy_ca";' > /tmp/apt-ca.conf;     else touch /tmp/apt-ca.conf; fi;     apt-get -c /tmp/apt-ca.conf update &&     DEBIAN_FRONTEND=noninteractive apt-get -c /tmp/apt-ca.conf install -y --no-install-recommends       binutils-mingw-w64-i686 gcc-mingw-w64-i686 g++-mingw-w64-i686       gcc-multilib g++-multilib cmake ninja-build flex bison lz4 xz-utils       git make python3 curl ca-certificates ccache qemu-utils       xvfb xauth libgl1 libegl1 libpulse0 libsamplerate0 libslirp0 &&     rm -rf /var/lib/apt/lists/* /tmp/apt-ca.conf
firmware (release)	Build toolchain	2026-10-07T23:27:47.4380724Z #6 2.610 Get:1 http://archive.ubuntu.com/ubuntu noble InRelease [256 kB]
firmware (release)	Build toolchain	2026-10-07T23:27:47.4381250Z #6 2.610 Get:2 http://security.ubuntu.com/ubuntu noble-security InRelease [126 kB]
firmware (release)	Build toolchain	2026-10-07T23:27:48.1916903Z #6 3.364 Get:3 http://archive.ubuntu.com/ubuntu noble-updates InRelease [126 kB]
firmware (release)	Build toolchain	2026-10-07T23:27:48.4141971Z #6 3.586 Get:4 http://archive.ubuntu.com/ubuntu noble-backports InRelease [126 kB]
firmware (release)	Build toolchain	2026-10-07T23:27:48.7615816Z #6 3.934 Get:5 http://security.ubuntu.com/ubuntu noble-security/restricted amd64 Packages [1943 kB]
firmware (release)	Build toolchain	2026-10-07T23:27:48.9875776Z #6 4.009 Get:6 http://archive.ubuntu.com/ubuntu noble/multiverse amd64 Packages [331 kB]
firmware (release)	Build toolchain	2026-10-07T23:27:49.2207004Z #6 4.393 Get:7 http://archive.ubuntu.com/ubuntu noble/main amd64 Packages [1808 kB]
firmware (release)	Build toolchain	2026-10-07T23:27:49.7070132Z #6 4.879 Get:8 http://archive.ubuntu.com/ubuntu noble/restricted amd64 Packages [117 kB]
firmware (release)	Build toolchain	2026-10-07T23:27:49.9478803Z #6 4.891 Get:9 http://archive.ubuntu.com/ubuntu noble/universe amd64 Packages [19.3 MB]
firmware (release)	Build toolchain	2026-10-07T23:27:49.9479611Z #6 4.969 Get:10 http://security.ubuntu.com/ubuntu noble-security/main amd64 Packages [1323 kB]
firmware (release)	Build toolchain	2026-10-07T23:27:49.9725231Z #6 5.145 Get:11 http://security.ubuntu.com/ubuntu noble-security/universe amd64 Packages [1545 kB]
firmware (release)	Build toolchain	2026-10-07T23:27:50.1303825Z #6 5.303 Get:12 http://security.ubuntu.com/ubuntu noble-security/multiverse amd64 Packages [50.0 kB]
firmware (release)	Build toolchain	2026-10-07T23:27:50.6712035Z #6 5.843 Get:13 http://archive.ubuntu.com/ubuntu noble-updates/restricted amd64 Packages [2138 kB]
firmware (release)	Build toolchain	2026-10-07T23:27:50.7848396Z #6 5.957 Get:14 http://archive.ubuntu.com/ubuntu noble-updates/universe amd64 Packages [2165 kB]
firmware (release)	Build toolchain	2026-10-07T23:27:50.9522447Z #6 5.967 Get:15 http://archive.ubuntu.com/ubuntu noble-updates/main amd64 Packages [1701 kB]
firmware (release)	Build toolchain	2026-10-07T23:27:50.9523253Z #6 5.973 Get:16 http://archive.ubuntu.com/ubuntu noble-updates/multiverse amd64 Packages [56.2 kB]
firmware (release)	Build toolchain	2026-10-07T23:27:50.9523972Z #6 5.974 Get:17 http://archive.ubuntu.com/ubuntu noble-backports/main amd64 Packages [49.0 kB]
firmware (release)	Build toolchain	2026-10-07T23:27:50.9524639Z #6 5.974 Get:18 http://archive.ubuntu.com/ubuntu noble-backports/multiverse amd64 Packages [671 B]
firmware (release)	Build toolchain	2026-10-07T23:27:50.9525316Z #6 5.974 Get:19 http://archive.ubuntu.com/ubuntu noble-backports/universe amd64 Packages [36.0 kB]
firmware (release)	Build toolchain	2026-10-07T23:27:51.4069025Z #6 6.579 Fetched 33.2 MB in 5s (7216 kB/s)
firmware (release)	Build toolchain	2026-10-07T23:27:52.1616108Z #6 6.579 Reading package lists...
firmware (release)	Build toolchain	2026-10-07T23:27:53.1065524Z #6 7.575 Reading package lists...
firmware (release)	Build toolchain	2026-10-07T23:27:53.3666796Z #6 8.347 Building dependency tree...
firmware (release)	Build toolchain	2026-10-07T23:27:53.5433955Z #6 8.539 Reading state information...
firmware (release)	Build toolchain	2026-10-07T23:27:53.6088453Z #6 8.781 The following additional packages will be installed:
firmware (release)	Build toolchain	2026-10-07T23:27:53.6089320Z #6 8.781   binutils binutils-common binutils-x86-64-linux-gnu cmake-data cpp cpp-13
firmware (release)	Build toolchain	2026-10-07T23:27:53.7631337Z #6 8.781   cpp-13-x86-64-linux-gnu cpp-x86-64-linux-gnu g++ g++-13 g++-13-multilib
firmware (release)	Build toolchain	2026-10-07T23:27:53.7632512Z #6 8.781   g++-13-x86-64-linux-gnu g++-mingw-w64-i686-posix g++-mingw-w64-i686-win32
firmware (release)	Build toolchain	2026-10-07T23:27:53.7633512Z #6 8.781   g++-x86-64-linux-gnu gcc gcc-13 gcc-13-base gcc-13-multilib
firmware (release)	Build toolchain	2026-10-07T23:27:53.7634523Z #6 8.781   gcc-13-x86-64-linux-gnu gcc-mingw-w64-base gcc-mingw-w64-i686-posix
firmware (release)	Build toolchain	2026-10-07T23:27:53.7635168Z #6 8.781   gcc-mingw-w64-i686-posix-runtime gcc-mingw-w64-i686-win32
firmware (release)	Build toolchain	2026-10-07T23:27:53.7635757Z #6 8.781   gcc-mingw-w64-i686-win32-runtime gcc-x86-64-linux-gnu git-man lib32asan8
firmware (release)	Build toolchain	2026-10-07T23:27:53.7636402Z #6 8.781   lib32atomic1 lib32gcc-13-dev lib32gcc-s1 lib32gomp1 lib32itm1 lib32quadmath0
firmware (release)	Build toolchain	2026-10-07T23:27:53.7637085Z #6 8.781   lib32stdc++-13-dev lib32stdc++6 lib32ubsan1 libaio1t64 libapparmor1
firmware (release)	Build toolchain	2026-10-07T23:27:53.7637735Z #6 8.781   libarchive13t64 libasan8 libasyncns0 libatomic1 libbinutils libbrotli1
firmware (release)	Build toolchain	2026-10-07T23:27:53.7638414Z #6 8.781   libbsd0 libc-dev-bin libc6-dev libc6-dev-i386 libc6-dev-x32 libc6-i386
firmware (release)	Build toolchain	2026-10-07T23:27:53.7639267Z #6 8.781   libc6-x32 libcc1-0 libcrypt-dev libctf-nobfd0 libctf0 libcurl3t64-gnutls
firmware (release)	Build toolchain	2026-10-07T23:27:53.7639933Z #6 8.782   libcurl4t64 libdbus-1-3 libdrm-amdgpu1 libdrm-common libdrm-intel1 libdrm2
firmware (release)	Build toolchain	2026-10-07T23:27:53.7640576Z #6 8.782   libedit2 libegl-mesa0 libelf1t64 liberror-perl libexpat1 libflac12t64
firmware (release)	Build toolchain	2026-10-07T23:27:53.7641250Z #6 8.782   libfontenc1 libfreetype6 libfuse3-3 libgbm1 libgcc-13-dev libgdbm-compat4t64
firmware (release)	Build toolchain	2026-10-07T23:27:53.7641863Z #6 8.782   libgdbm6t64 libgl1-mesa-dri libglib2.0-0t64 libglvnd0 libglx-mesa0 libglx0
firmware (release)	Build toolchain	2026-10-07T23:27:53.7642440Z #6 8.782   libgomp1 libgprofng0 libgssapi-krb5-2 libhiredis1.1.0 libhwasan0 libice6
firmware (release)	Build toolchain	2026-10-07T23:27:53.7643039Z #6 8.782   libicu74 libisl23 libitm1 libjansson4 libjsoncpp25 libk5crypto3 libkeyutils1
firmware (release)	Build toolchain	2026-10-07T23:27:53.7643671Z #6 8.782   libkrb5-3 libkrb5support0 libldap2 libllvm20 liblsan0 libmp3lame0 libmpc3
firmware (release)	Build toolchain	2026-10-07T23:27:53.7644288Z #6 8.782   libmpfr6 libmpg123-0t64 libnghttp2-14 libnuma1 libogg0 libopus0
firmware (release)	Build toolchain	2026-10-07T23:27:53.7644857Z #6 8.782   libpciaccess0 libperl5.38t64 libpixman-1-0 libpng16-16t64 libpsl5t64
firmware (release)	Build toolchain	2026-10-07T23:27:53.7645505Z #6 8.782   libpython3-stdlib libpython3.12-minimal libpython3.12-stdlib libquadmath0
firmware (release)	Build toolchain	2026-10-07T23:27:53.7646139Z #6 8.782   libreadline8t64 librhash0 librtmp1 libsasl2-2 libsasl2-modules-db
firmware (release)	Build toolchain	2026-10-07T23:27:53.7647240Z #6 8.782   libsensors-config libsensors5 libsframe1 libsm6 libsndfile1 libsqlite3-0
firmware (release)	Build toolchain	2026-10-07T23:27:53.7647880Z #6 8.782   libssh-4 libssl3t64 libstdc++-13-dev libtsan2 libubsan1 libunwind8 liburing2
firmware (release)	Build toolchain	2026-10-07T23:27:53.7648498Z #6 8.782   libuv1t64 libvorbis0a libvorbisenc2 libvulkan1 libwayland-client0 libx11-6
firmware (release)	Build toolchain	2026-10-07T23:27:53.7649265Z #6 8.782   libx11-data libx11-xcb1 libx32asan8 libx32atomic1 libx32gcc-13-dev
firmware (release)	Build toolchain	2026-10-07T23:27:53.7649878Z #6 8.782   libx32gcc-s1 libx32gomp1 libx32itm1 libx32quadmath0 libx32stdc++-13-dev
firmware (release)	Build toolchain	2026-10-07T23:27:53.7650493Z #6 8.782   libx32stdc++6 libx32ubsan1 libxau6 libxaw7 libxcb-dri3-0 libxcb-glx0
firmware (release)	Build toolchain	2026-10-07T23:27:53.7651099Z #6 8.782   libxcb-present0 libxcb-randr0 libxcb-shm0 libxcb-sync1 libxcb-xfixes0
firmware (release)	Build toolchain	2026-10-07T23:27:53.7651756Z #6 8.783   libxcb1 libxdmcp6 libxext6 libxfont2 libxkbfile1 libxml2 libxmu6 libxmuu1
firmware (release)	Build toolchain	2026-10-07T23:27:53.7652392Z #6 8.783   libxpm4 libxrandr2 libxrender1 libxshmfence1 libxt6t64 libxxf86vm1
firmware (release)	Build toolchain	2026-10-07T23:27:53.7653002Z #6 8.783   linux-libc-dev m4 media-types mesa-libgallium mingw-w64-common
firmware (release)	Build toolchain	2026-10-07T23:27:53.7653880Z #6 8.783   mingw-w64-i686-dev netbase openssl perl perl-modules-5.38 python3-minimal
firmware (release)	Build toolchain	2026-10-07T23:27:53.7654561Z #6 8.784   python3.12 python3.12-minimal readline-common rpcsvc-proto tzdata x11-common
firmware (release)	Build toolchain	2026-10-07T23:27:53.7655106Z #6 8.784   x11-xkb-utils xkb-data xserver-common
firmware (release)	Build toolchain	2026-10-07T23:27:53.7655472Z #6 8.785 Suggested packages:
firmware (release)	Build toolchain	2026-10-07T23:27:53.7655917Z #6 8.785   binutils-doc gprofng-gui bison-doc distcc | icecc cmake-doc cmake-format
firmware (release)	Build toolchain	2026-10-07T23:27:53.7656608Z #6 8.785   elpa-cmake-mode cpp-doc gcc-13-locales cpp-13-doc build-essential flex-doc
firmware (release)	Build toolchain	2026-10-07T23:27:53.7657233Z #6 8.785   gcc-13-doc lib32stdc++6-13-dbg libx32stdc++6-13-dbg manpages-dev autoconf
firmware (release)	Build toolchain	2026-10-07T23:27:53.7657829Z #6 8.785   automake libtool gdb gcc-doc gdb-x86-64-linux-gnu gettext-base
firmware (release)	Build toolchain	2026-10-07T23:27:53.7658690Z #6 8.785   git-daemon-run | git-daemon-sysvinit git-doc git-email git-gui gitk gitweb
firmware (release)	Build toolchain	2026-10-07T23:27:53.7659524Z #6 8.785   git-cvs git-mediawiki git-svn lrzip glibc-doc fuse3 gdbm-l10n
firmware (release)	Build toolchain	2026-10-07T23:27:53.7660221Z #6 8.785   low-memory-monitor krb5-doc krb5-user opus-tools pciutils pulseaudio
firmware (release)	Build toolchain	2026-10-07T23:27:53.7660828Z #6 8.785   lm-sensors libstdc++-13-doc m4-doc make-doc wine perl-doc
firmware (release)	Build toolchain	2026-10-07T23:27:53.7661375Z #6 8.785   libterm-readline-gnu-perl | libterm-readline-perl-perl
firmware (release)	Build toolchain	2026-10-07T23:27:53.7661956Z #6 8.785   libtap-harness-archive-perl python3-doc python3-tk python3-venv
firmware (release)	Build toolchain	2026-10-07T23:27:53.7663523Z #6 8.785   python3.12-venv python3.12-doc binfmt-support readline-doc
firmware (release)	Build toolchain	2026-10-07T23:27:53.7664335Z #6 8.785 Recommended packages:
firmware (release)	Build toolchain	2026-10-07T23:27:53.7664794Z #6 8.785   libfl-dev patch less ssh-client manpages manpages-dev libc-devtools dbus
firmware (release)	Build toolchain	2026-10-07T23:27:53.7665425Z #6 8.785   libglib2.0-data shared-mime-info xdg-user-dirs krb5-locales libldap-common
firmware (release)	Build toolchain	2026-10-07T23:27:53.7666030Z #6 8.785   publicsuffix libsasl2-modules mesa-vulkan-drivers | vulkan-icd
firmware (release)	Build toolchain	2026-10-07T23:27:53.7666511Z #6 8.785   qemu-block-extra xfonts-base
firmware (release)	Build toolchain	2026-10-07T23:27:53.9656164Z #6 9.137 The following NEW packages will be installed:
firmware (release)	Build toolchain	2026-10-07T23:27:53.9663210Z #6 9.137   binutils binutils-common binutils-mingw-w64-i686 binutils-x86-64-linux-gnu
firmware (release)	Build toolchain	2026-10-07T23:27:53.9669356Z #6 9.137   bison ca-certificates ccache cmake cmake-data cpp cpp-13
firmware (release)	Build toolchain	2026-10-07T23:27:53.9669881Z #6 9.137   cpp-13-x86-64-linux-gnu cpp-x86-64-linux-gnu curl flex g++ g++-13
firmware (release)	Build toolchain	2026-10-07T23:27:53.9670392Z #6 9.137   g++-13-multilib g++-13-x86-64-linux-gnu g++-mingw-w64-i686
firmware (release)	Build toolchain	2026-10-07T23:27:53.9670873Z #6 9.137   g++-mingw-w64-i686-posix g++-mingw-w64-i686-win32 g++-multilib
firmware (release)	Build toolchain	2026-10-07T23:27:54.1195579Z #6 9.138   g++-x86-64-linux-gnu gcc gcc-13 gcc-13-base gcc-13-multilib
firmware (release)	Build toolchain	2026-10-07T23:27:54.1196215Z #6 9.138   gcc-13-x86-64-linux-gnu gcc-mingw-w64-base gcc-mingw-w64-i686
firmware (release)	Build toolchain	2026-10-07T23:27:54.1196678Z #6 9.138   gcc-mingw-w64-i686-posix gcc-mingw-w64-i686-posix-runtime
firmware (release)	Build toolchain	2026-10-07T23:27:54.1197090Z #6 9.138   gcc-mingw-w64-i686-win32 gcc-mingw-w64-i686-win32-runtime gcc-multilib
firmware (release)	Build toolchain	2026-10-07T23:27:54.1197947Z #6 9.138   gcc-x86-64-linux-gnu git git-man lib32asan8 lib32atomic1 lib32gcc-13-dev
firmware (release)	Build toolchain	2026-10-07T23:27:54.1198341Z #6 9.138   lib32gcc-s1 lib32gomp1 lib32itm1 lib32quadmath0 lib32stdc++-13-dev
firmware (release)	Build toolchain	2026-10-07T23:27:54.1198773Z #6 9.138   lib32stdc++6 lib32ubsan1 libaio1t64 libapparmor1 libarchive13t64 libasan8
firmware (release)	Build toolchain	2026-10-07T23:27:54.1199423Z #6 9.138   libasyncns0 libatomic1 libbinutils libbrotli1 libbsd0 libc-dev-bin libc6-dev
firmware (release)	Build toolchain	2026-10-07T23:27:54.1199853Z #6 9.138   libc6-dev-i386 libc6-dev-x32 libc6-i386 libc6-x32 libcc1-0 libcrypt-dev
firmware (release)	Build toolchain	2026-10-07T23:27:54.1200237Z #6 9.138   libctf-nobfd0 libctf0 libcurl3t64-gnutls libcurl4t64 libdbus-1-3
firmware (release)	Build toolchain	2026-10-07T23:27:54.1200625Z #6 9.138   libdrm-amdgpu1 libdrm-common libdrm-intel1 libdrm2 libedit2 libegl-mesa0
firmware (release)	Build toolchain	2026-10-07T23:27:54.1201020Z #6 9.138   libegl1 libelf1t64 liberror-perl libexpat1 libflac12t64 libfontenc1
firmware (release)	Build toolchain	2026-10-07T23:27:54.1201424Z #6 9.138   libfreetype6 libfuse3-3 libgbm1 libgcc-13-dev libgdbm-compat4t64 libgdbm6t64
firmware (release)	Build toolchain	2026-10-07T23:27:54.1201867Z #6 9.138   libgl1 libgl1-mesa-dri libglib2.0-0t64 libglvnd0 libglx-mesa0 libglx0
firmware (release)	Build toolchain	2026-10-07T23:27:54.1202430Z #6 9.138   libgomp1 libgprofng0 libgssapi-krb5-2 libhiredis1.1.0 libhwasan0 libice6
firmware (release)	Build toolchain	2026-10-07T23:27:54.1202848Z #6 9.138   libicu74 libisl23 libitm1 libjansson4 libjsoncpp25 libk5crypto3 libkeyutils1
firmware (release)	Build toolchain	2026-10-07T23:27:54.1203258Z #6 9.138   libkrb5-3 libkrb5support0 libldap2 libllvm20 liblsan0 libmp3lame0 libmpc3
firmware (release)	Build toolchain	2026-10-07T23:27:54.1203643Z #6 9.138   libmpfr6 libmpg123-0t64 libnghttp2-14 libnuma1 libogg0 libopus0
firmware (release)	Build toolchain	2026-10-07T23:27:54.1204014Z #6 9.138   libpciaccess0 libperl5.38t64 libpixman-1-0 libpng16-16t64 libpsl5t64
firmware (release)	Build toolchain	2026-10-07T23:27:54.1204405Z #6 9.138   libpulse0 libpython3-stdlib libpython3.12-minimal libpython3.12-stdlib
firmware (release)	Build toolchain	2026-10-07T23:27:54.1204804Z #6 9.138   libquadmath0 libreadline8t64 librhash0 librtmp1 libsamplerate0 libsasl2-2
firmware (release)	Build toolchain	2026-10-07T23:27:54.1205205Z #6 9.138   libsasl2-modules-db libsensors-config libsensors5 libsframe1 libslirp0
firmware (release)	Build toolchain	2026-10-07T23:27:54.1205618Z #6 9.139   libsm6 libsndfile1 libsqlite3-0 libssh-4 libstdc++-13-dev libtsan2 libubsan1
firmware (release)	Build toolchain	2026-10-07T23:27:54.1206029Z #6 9.139   libunwind8 liburing2 libuv1t64 libvorbis0a libvorbisenc2 libvulkan1
firmware (release)	Build toolchain	2026-10-07T23:27:54.1206394Z #6 9.139   libwayland-client0 libx11-6 libx11-data libx11-xcb1 libx32asan8
firmware (release)	Build toolchain	2026-10-07T23:27:54.1206761Z #6 9.139   libx32atomic1 libx32gcc-13-dev libx32gcc-s1 libx32gomp1 libx32itm1
firmware (release)	Build toolchain	2026-10-07T23:27:54.1207150Z #6 9.139   libx32quadmath0 libx32stdc++-13-dev libx32stdc++6 libx32ubsan1 libxau6
firmware (release)	Build toolchain	2026-10-07T23:27:54.1207569Z #6 9.139   libxaw7 libxcb-dri3-0 libxcb-glx0 libxcb-present0 libxcb-randr0 libxcb-shm0
firmware (release)	Build toolchain	2026-10-07T23:27:54.1207997Z #6 9.139   libxcb-sync1 libxcb-xfixes0 libxcb1 libxdmcp6 libxext6 libxfont2 libxkbfile1
firmware (release)	Build toolchain	2026-10-07T23:27:54.1208408Z #6 9.139   libxml2 libxmu6 libxmuu1 libxpm4 libxrandr2 libxrender1 libxshmfence1
firmware (release)	Build toolchain	2026-10-07T23:27:54.1208810Z #6 9.139   libxt6t64 libxxf86vm1 linux-libc-dev lz4 m4 make media-types mesa-libgallium
firmware (release)	Build toolchain	2026-10-07T23:27:54.1209337Z #6 9.139   mingw-w64-common mingw-w64-i686-dev netbase ninja-build openssl perl
firmware (release)	Build toolchain	2026-10-07T23:27:54.1209746Z #6 9.139   perl-modules-5.38 python3 python3-minimal python3.12 python3.12-minimal
firmware (release)	Build toolchain	2026-10-07T23:27:54.1210145Z #6 9.139   qemu-utils readline-common rpcsvc-proto tzdata x11-common x11-xkb-utils
firmware (release)	Build toolchain	2026-10-07T23:27:54.1210484Z #6 9.139   xauth xkb-data xserver-common xvfb xz-utils
firmware (release)	Build toolchain	2026-10-07T23:27:54.1210747Z #6 9.141 The following packages will be upgraded:
firmware (release)	Build toolchain	2026-10-07T23:27:54.1210979Z #6 9.141   libssl3t64
firmware (release)	Build toolchain	2026-10-07T23:27:54.2865926Z #6 9.459 1 upgraded, 219 newly installed, 0 to remove and 2 not upgraded.
firmware (release)	Build toolchain	2026-10-07T23:27:54.2866481Z #6 9.459 Need to get 341 MB of archives.
firmware (release)	Build toolchain	2026-10-07T23:27:54.2866912Z #6 9.459 After this operation, 1438 MB of additional disk space will be used.
firmware (release)	Build toolchain	2026-10-07T23:27:54.2867419Z #6 9.459 Get:1 http://archive.ubuntu.com/ubuntu noble-updates/main amd64 libssl3t64 amd64 3.0.13-0ubuntu3.16 [1945 kB]
firmware (release)	Build toolchain	2026-10-07T23:27:55.7410833Z #6 10.91 Get:2 http://archive.ubuntu.com/ubuntu noble-updates/main amd64 libpython3.12-minimal amd64 3.12.3-1ubuntu0.17 [839 kB]
firmware (release)	Build toolchain	2026-10-07T23:27:55.8773290Z #6 11.05 Get:3 http://archive.ubuntu.com/ubuntu noble-updates/main amd64 libexpat1 amd64 2.6.1-2ubuntu0.6 [98.9 kB]
firmware (release)	Build toolchain	2026-10-07T23:27:56.0447311Z #6 11.07 Get:4 http://archive.ubuntu.com/ubuntu noble-updates/main amd64 python3.12-minimal amd64 3.12.3-1ubuntu0.17 [2335 kB]
firmware (release)	Build toolchain	2026-10-07T23:27:56.0957661Z #6 11.27 Get:5 http://archive.ubuntu.com/ubuntu noble-updates/main amd64 python3-minimal amd64 3.12.3-0ubuntu2.1 [27.4 kB]
firmware (release)	Build toolchain	2026-10-07T23:27:56.2013675Z #6 11.30 Get:6 http://archive.ubuntu.com/ubuntu noble/main amd64 media-types all 10.1.0 [27.5 kB]
firmware (release)	Build toolchain	2026-10-07T23:27:56.2014749Z #6 11.30 Get:7 http://archive.ubuntu.com/ubuntu noble/main amd64 netbase all 6.4 [13.1 kB]
firmware (release)	Build toolchain	2026-10-07T23:27:56.2015956Z #6 11.30 Get:8 http://archive.ubuntu.com/ubuntu noble-updates/main amd64 tzdata all 2026c-0ubuntu0.24.04.1 [280 kB]
firmware (release)	Build toolchain	2026-10-07T23:27:56.2016896Z #6 11.33 Get:9 http://archive.ubuntu.com/ubuntu noble/main amd64 readline-common all 8.2-4build1 [56.5 kB]
firmware (release)	Build toolchain	2026-10-07T23:27:56.2022088Z #6 11.34 Get:10 http://archive.ubuntu.com/ubuntu noble/main amd64 libreadline8t64 amd64 8.2-4build1 [153 kB]
firmware (release)	Build toolchain	2026-10-07T23:27:56.2023968Z #6 11.34 Get:11 http://archive.ubuntu.com/ubuntu noble-updates/main amd64 libsqlite3-0 amd64 3.45.1-1ubuntu2.8 [702 kB]
firmware (release)	Build toolchain	2026-10-07T23:27:56.2024917Z #6 11.37 Get:12 http://archive.ubuntu.com/ubuntu noble-updates/main amd64 libpython3.12-stdlib amd64 3.12.3-1ubuntu0.17 [2071 kB]
firmware (release)	Build toolchain	2026-10-07T23:27:56.3209323Z #6 11.49 Get:13 http://archive.ubuntu.com/ubuntu noble-updates/main amd64 python3.12 amd64 3.12.3-1ubuntu0.17 [651 kB]
firmware (release)	Build toolchain	2026-10-07T23:27:56.4209522Z #6 11.51 Get:14 http://archive.ubuntu.com/ubuntu noble-updates/main amd64 libpython3-stdlib amd64 3.12.3-0ubuntu2.1 [10.1 kB]
firmware (release)	Build toolchain	2026-10-07T23:27:56.4210978Z #6 11.51 Get:15 http://archive.ubuntu.com/ubuntu noble-updates/main amd64 python3 amd64 3.12.3-0ubuntu2.1 [23.0 kB]
firmware (release)	Build toolchain	2026-10-07T23:27:56.4211589Z #6 11.51 Get:16 http://archive.ubuntu.com/ubuntu noble/main amd64 m4 amd64 1.4.19-4build1 [244 kB]
firmware (release)	Build toolchain	2026-10-07T23:27:56.4212243Z #6 11.53 Get:17 http://archive.ubuntu.com/ubuntu noble/main amd64 flex amd64 2.6.4-8.2build1 [301 kB]
firmware (release)	Build toolchain	2026-10-07T23:27:56.4213206Z #6 11.59 Get:18 http://archive.ubuntu.com/ubuntu noble-updates/main amd64 perl-modules-5.38 all 5.38.2-3.2ubuntu0.6 [3110 kB]
firmware (release)	Build toolchain	2026-10-07T23:27:56.6331102Z #6 11.68 Get:19 http://archive.ubuntu.com/ubuntu noble/main amd64 libgdbm6t64 amd64 1.23-5.1build1 [34.4 kB]
firmware (release)	Build toolchain	2026-10-07T23:27:56.6332228Z #6 11.68 Get:20 http://archive.ubuntu.com/ubuntu noble/main amd64 libgdbm-compat4t64 amd64 1.23-5.1build1 [6710 B]
firmware (release)	Build toolchain	2026-10-07T23:27:56.6333504Z #6 11.68 Get:21 http://archive.ubuntu.com/ubuntu noble-updates/main amd64 libperl5.38t64 amd64 5.38.2-3.2ubuntu0.6 [4864 kB]
firmware (release)	Build toolchain	2026-10-07T23:27:56.6334547Z #6 11.80 Get:22 http://archive.ubuntu.com/ubuntu noble-updates/main amd64 perl amd64 5.38.2-3.2ubuntu0.6 [231 kB]
firmware (release)	Build toolchain	2026-10-07T23:27:56.7364405Z #6 11.84 Get:23 http://archive.ubuntu.com/ubuntu noble-updates/main amd64 openssl amd64 3.0.13-0ubuntu3.16 [1004 kB]
firmware (release)	Build toolchain	2026-10-07T23:27:56.7365484Z #6 11.88 Get:24 http://archive.ubuntu.com/ubuntu noble-updates/main amd64 ca-certificates all 20260601~24.04.1 [139 kB]
firmware (release)	Build toolchain	2026-10-07T23:27:56.7366502Z #6 11.88 Get:25 http://archive.ubuntu.com/ubuntu noble-updates/main amd64 libapparmor1 amd64 4.0.1really4.0.1-0ubuntu0.24.04.8 [51.4 kB]
firmware (release)	Build toolchain	2026-10-07T23:27:56.7367503Z #6 11.88 Get:26 http://archive.ubuntu.com/ubuntu noble-updates/main amd64 libbsd0 amd64 0.12.1-1build1.1 [41.2 kB]
firmware (release)	Build toolchain	2026-10-07T23:27:56.7368426Z #6 11.90 Get:27 http://archive.ubuntu.com/ubuntu noble-updates/main amd64 libdbus-1-3 amd64 1.14.10-4ubuntu4.1 [210 kB]
firmware (release)	Build toolchain	2026-10-07T23:27:56.7369557Z #6 11.90 Get:28 http://archive.ubuntu.com/ubuntu noble-updates/main amd64 libelf1t64 amd64 0.190-1.1ubuntu0.1 [57.8 kB]
firmware (release)	Build toolchain	2026-10-07T23:27:56.7370514Z #6 11.91 Get:29 http://archive.ubuntu.com/ubuntu noble-updates/main amd64 libglib2.0-0t64 amd64 2.80.0-6ubuntu3.9 [1547 kB]
firmware (release)	Build toolchain	2026-10-07T23:27:56.8643144Z #6 11.93 Get:30 http://archive.ubuntu.com/ubuntu noble-updates/main amd64 libkrb5support0 amd64 1.20.1-6ubuntu2.10 [34.9 kB]
firmware (release)	Build toolchain	2026-10-07T23:27:56.8644632Z #6 12.00 Get:31 http://archive.ubuntu.com/ubuntu noble-updates/main amd64 libk5crypto3 amd64 1.20.1-6ubuntu2.10 [81.9 kB]
firmware (release)	Build toolchain	2026-10-07T23:27:56.8645685Z #6 12.04 Get:32 http://archive.ubuntu.com/ubuntu noble/main amd64 libkeyutils1 amd64 1.6.3-3build1 [9490 B]
firmware (release)	Build toolchain	2026-10-07T23:27:56.9673818Z #6 12.14 Get:33 http://archive.ubuntu.com/ubuntu noble-updates/main amd64 libkrb5-3 amd64 1.20.1-6ubuntu2.10 [348 kB]
firmware (release)	Build toolchain	2026-10-07T23:27:57.1255305Z #6 12.15 Get:34 http://archive.ubuntu.com/ubuntu noble-updates/main amd64 libgssapi-krb5-2 amd64 1.20.1-6ubuntu2.10 [143 kB]
firmware (release)	Build toolchain	2026-10-07T23:27:57.1256429Z #6 12.15 Get:35 http://archive.ubuntu.com/ubuntu noble-updates/main amd64 libicu74 amd64 74.2-1ubuntu3.1 [10.9 MB]
firmware (release)	Build toolchain	2026-10-07T23:27:57.1257362Z #6 12.30 Get:36 http://archive.ubuntu.com/ubuntu noble-updates/main amd64 libxml2 amd64 2.9.14+dfsg-1.3ubuntu3.9 [765 kB]
firmware (release)	Build toolchain	2026-10-07T23:27:57.2385116Z #6 12.37 Get:37 http://archive.ubuntu.com/ubuntu noble-updates/main amd64 xkb-data all 2.41-2ubuntu1.1 [397 kB]
firmware (release)	Build toolchain	2026-10-07T23:27:57.2386544Z #6 12.37 Get:38 http://archive.ubuntu.com/ubuntu noble-updates/main amd64 libdrm-common all 2.4.125-1ubuntu0.1~24.04.2 [9250 B]
firmware (release)	Build toolchain	2026-10-07T23:27:57.2387483Z #6 12.40 Get:39 http://archive.ubuntu.com/ubuntu noble-updates/main amd64 libdrm2 amd64 2.4.125-1ubuntu0.1~24.04.2 [41.4 kB]
firmware (release)	Build toolchain	2026-10-07T23:27:57.2388356Z #6 12.40 Get:40 http://archive.ubuntu.com/ubuntu noble/main amd64 libedit2 amd64 3.1-20230828-1build1 [97.6 kB]
firmware (release)	Build toolchain	2026-10-07T23:27:57.2389292Z #6 12.41 Get:41 http://archive.ubuntu.com/ubuntu noble/main amd64 libfuse3-3 amd64 3.14.0-5build1 [83.1 kB]
firmware (release)	Build toolchain	2026-10-07T23:27:57.3763475Z #6 12.41 Get:42 http://archive.ubuntu.com/ubuntu noble/main amd64 libjansson4 amd64 2.14-2build2 [32.8 kB]
firmware (release)	Build toolchain	2026-10-07T23:27:57.3764350Z #6 12.43 Get:43 http://archive.ubuntu.com/ubuntu noble-updates/main amd64 libnghttp2-14 amd64 1.59.0-1ubuntu0.4 [74.6 kB]
firmware (release)	Build toolchain	2026-10-07T23:27:57.3765137Z #6 12.43 Get:44 http://archive.ubuntu.com/ubuntu noble-updates/main amd64 libnuma1 amd64 2.0.18-1ubuntu0.24.04.1 [23.4 kB]
firmware (release)	Build toolchain	2026-10-07T23:27:57.3765911Z #6 12.55 Get:45 http://archive.ubuntu.com/ubuntu noble-updates/main amd64 libpng16-16t64 amd64 1.6.43-5ubuntu0.6 [189 kB]
firmware (release)	Build toolchain	2026-10-07T23:27:57.5136622Z #6 12.55 Get:46 http://archive.ubuntu.com/ubuntu noble/main amd64 libpsl5t64 amd64 0.21.2-1.1build1 [57.1 kB]
firmware (release)	Build toolchain	2026-10-07T23:27:57.5137307Z #6 12.55 Get:47 http://archive.ubuntu.com/ubuntu noble/main amd64 libsensors-config all 1:3.6.0-9build1 [5546 B]
firmware (release)	Build toolchain	2026-10-07T23:27:57.5137842Z #6 12.56 Get:48 http://archive.ubuntu.com/ubuntu noble/main amd64 libsensors5 amd64 1:3.6.0-9build1 [26.6 kB]
firmware (release)	Build toolchain	2026-10-07T23:27:57.5139818Z #6 12.56 Get:49 http://archive.ubuntu.com/ubuntu noble/main amd64 libuv1t64 amd64 1.48.0-1.1build1 [97.3 kB]
firmware (release)	Build toolchain	2026-10-07T23:27:57.5140352Z #6 12.69 Get:50 http://archive.ubuntu.com/ubuntu noble/main amd64 libxau6 amd64 1:1.0.9-1build6 [7160 B]
firmware (release)	Build toolchain	2026-10-07T23:27:57.6891830Z #6 12.77 Get:51 http://archive.ubuntu.com/ubuntu noble/main amd64 libxdmcp6 amd64 1:1.1.3-0ubuntu6 [10.3 kB]
firmware (release)	Build toolchain	2026-10-07T23:27:57.6892817Z #6 12.77 Get:52 http://archive.ubuntu.com/ubuntu noble/main amd64 libxcb1 amd64 1.15-1ubuntu2 [47.7 kB]
firmware (release)	Build toolchain	2026-10-07T23:27:57.6893594Z #6 12.77 Get:53 http://archive.ubuntu.com/ubuntu noble/main amd64 libx11-data all 2:1.8.7-1build1 [115 kB]
firmware (release)	Build toolchain	2026-10-07T23:27:57.6894348Z #6 12.77 Get:54 http://archive.ubuntu.com/ubuntu noble/main amd64 libx11-6 amd64 2:1.8.7-1build1 [650 kB]
firmware (release)	Build toolchain	2026-10-07T23:27:57.6894961Z #6 12.86 Get:55 http://archive.ubuntu.com/ubuntu noble/main amd64 libxext6 amd64 2:1.3.4-1build2 [30.4 kB]
firmware (release)	Build toolchain	2026-10-07T23:27:57.8830372Z #6 12.86 Get:56 http://archive.ubuntu.com/ubuntu noble/main amd64 libxmuu1 amd64 2:1.1.3-3build2 [8958 B]
firmware (release)	Build toolchain	2026-10-07T23:27:57.8831276Z #6 12.86 Get:57 http://archive.ubuntu.com/ubuntu noble/main amd64 xauth amd64 1:1.1.2-1build1 [25.6 kB]
firmware (release)	Build toolchain	2026-10-07T23:27:57.8832147Z #6 12.87 Get:58 http://archive.ubuntu.com/ubuntu noble-updates/main amd64 xz-utils amd64 5.6.1+really5.4.5-1ubuntu0.3 [267 kB]
firmware (release)	Build toolchain	2026-10-07T23:27:57.8833004Z #6 12.87 Get:59 http://archive.ubuntu.com/ubuntu noble-updates/main amd64 binutils-common amd64 2.42-4ubuntu2.10 [240 kB]
firmware (release)	Build toolchain	2026-10-07T23:27:57.8833876Z #6 12.96 Get:60 http://archive.ubuntu.com/ubuntu noble-updates/main amd64 libsframe1 amd64 2.42-4ubuntu2.10 [15.7 kB]
firmware (release)	Build toolchain	2026-10-07T23:27:57.8834462Z #6 13.06 Get:61 http://archive.ubuntu.com/ubuntu noble-updates/main amd64 libbinutils amd64 2.42-4ubuntu2.10 [577 kB]
firmware (release)	Build toolchain	2026-10-07T23:27:58.0590540Z #6 13.06 Get:62 http://archive.ubuntu.com/ubuntu noble-updates/main amd64 libctf-nobfd0 amd64 2.42-4ubuntu2.10 [98.0 kB]
firmware (release)	Build toolchain	2026-10-07T23:27:58.0591558Z #6 13.06 Get:63 http://archive.ubuntu.com/ubuntu noble-updates/main amd64 libctf0 amd64 2.42-4ubuntu2.10 [94.5 kB]
firmware (release)	Build toolchain	2026-10-07T23:27:58.0592496Z #6 13.09 Get:64 http://archive.ubuntu.com/ubuntu noble-updates/main amd64 libgprofng0 amd64 2.42-4ubuntu2.10 [849 kB]
firmware (release)	Build toolchain	2026-10-07T23:27:58.0593493Z #6 13.10 Get:65 http://archive.ubuntu.com/ubuntu noble-updates/main amd64 binutils-x86-64-linux-gnu amd64 2.42-4ubuntu2.10 [2463 kB]
firmware (release)	Build toolchain	2026-10-07T23:27:58.0594515Z #6 13.12 Get:66 http://archive.ubuntu.com/ubuntu noble-updates/main amd64 binutils amd64 2.42-4ubuntu2.10 [18.2 kB]
firmware (release)	Build toolchain	2026-10-07T23:27:58.0595863Z #6 13.12 Get:67 http://archive.ubuntu.com/ubuntu noble-updates/main amd64 bison amd64 2:3.8.2+dfsg-1ubuntu0.24.04.1 [749 kB]
firmware (release)	Build toolchain	2026-10-07T23:27:58.0597438Z #6 13.14 Get:68 http://archive.ubuntu.com/ubuntu noble/universe amd64 libhiredis1.1.0 amd64 1.2.0-6ubuntu3 [41.4 kB]
firmware (release)	Build toolchain	2026-10-07T23:27:58.0598295Z #6 13.14 Get:69 http://archive.ubuntu.com/ubuntu noble/universe amd64 ccache amd64 4.9.1-1 [592 kB]
firmware (release)	Build toolchain	2026-10-07T23:27:58.0599365Z #6 13.23 Get:70 http://archive.ubuntu.com/ubuntu noble-updates/main amd64 libarchive13t64 amd64 3.7.2-2ubuntu0.8 [383 kB]
firmware (release)	Build toolchain	2026-10-07T23:27:58.1956519Z #6 13.24 Get:71 http://archive.ubuntu.com/ubuntu noble/main amd64 libbrotli1 amd64 1.1.0-2build2 [331 kB]
firmware (release)	Build toolchain	2026-10-07T23:27:58.1957195Z #6 13.26 Get:72 http://archive.ubuntu.com/ubuntu noble-updates/main amd64 libsasl2-modules-db amd64 2.1.28+dfsg1-5ubuntu3.1 [20.4 kB]
firmware (release)	Build toolchain	2026-10-07T23:27:58.1958100Z #6 13.26 Get:73 http://archive.ubuntu.com/ubuntu noble-updates/main amd64 libsasl2-2 amd64 2.1.28+dfsg1-5ubuntu3.1 [53.2 kB]
firmware (release)	Build toolchain	2026-10-07T23:27:58.1958741Z #6 13.37 Get:74 http://archive.ubuntu.com/ubuntu noble-updates/main amd64 libldap2 amd64 2.6.10+dfsg-0ubuntu0.24.04.1 [198 kB]
firmware (release)	Build toolchain	2026-10-07T23:27:58.3321408Z #6 13.40 Get:75 http://archive.ubuntu.com/ubuntu noble/main amd64 librtmp1 amd64 2.4+20151223.gitfa8646d.1-2build7 [56.3 kB]
firmware (release)	Build toolchain	2026-10-07T23:27:58.3322267Z #6 13.41 Get:76 http://archive.ubuntu.com/ubuntu noble-updates/main amd64 libssh-4 amd64 0.10.6-2ubuntu0.5 [191 kB]
firmware (release)	Build toolchain	2026-10-07T23:27:58.3322893Z #6 13.43 Get:77 http://archive.ubuntu.com/ubuntu noble-updates/main amd64 libcurl4t64 amd64 8.5.0-2ubuntu10.15 [343 kB]
firmware (release)	Build toolchain	2026-10-07T23:27:58.3323612Z #6 13.44 Get:78 http://archive.ubuntu.com/ubuntu noble/main amd64 libjsoncpp25 amd64 1.9.5-6build1 [82.8 kB]
firmware (release)	Build toolchain	2026-10-07T23:27:58.3324311Z #6 13.44 Get:79 http://archive.ubuntu.com/ubuntu noble/main amd64 librhash0 amd64 1.4.3-3build1 [129 kB]
firmware (release)	Build toolchain	2026-10-07T23:27:58.3324869Z #6 13.50 Get:80 http://archive.ubuntu.com/ubuntu noble/main amd64 cmake-data all 3.28.3-1build7 [2155 kB]
firmware (release)	Build toolchain	2026-10-07T23:27:58.4431229Z #6 13.53 Get:81 http://archive.ubuntu.com/ubuntu noble/main amd64 cmake amd64 3.28.3-1build7 [11.2 MB]
firmware (release)	Build toolchain	2026-10-07T23:27:58.4433763Z #6 13.61 Get:82 http://archive.ubuntu.com/ubuntu noble-updates/main amd64 gcc-13-base amd64 13.3.0-6ubuntu2~24.04.1 [51.6 kB]
firmware (release)	Build toolchain	2026-10-07T23:27:58.5700984Z #6 13.62 Get:83 http://archive.ubuntu.com/ubuntu noble-updates/main amd64 libisl23 amd64 0.26-3build1.1 [680 kB]
firmware (release)	Build toolchain	2026-10-07T23:27:58.5701721Z #6 13.65 Get:84 http://archive.ubuntu.com/ubuntu noble-updates/main amd64 libmpfr6 amd64 4.2.1-1build1.1 [353 kB]
firmware (release)	Build toolchain	2026-10-07T23:27:58.5702602Z #6 13.67 Get:85 http://archive.ubuntu.com/ubuntu noble-updates/main amd64 libmpc3 amd64 1.3.1-1build1.1 [54.6 kB]
firmware (release)	Build toolchain	2026-10-07T23:27:58.5704961Z #6 13.68 Get:86 http://archive.ubuntu.com/ubuntu noble-updates/main amd64 cpp-13-x86-64-linux-gnu amd64 13.3.0-6ubuntu2~24.04.1 [10.7 MB]
firmware (release)	Build toolchain	2026-10-07T23:27:58.5706198Z #6 13.74 Get:87 http://archive.ubuntu.com/ubuntu noble-updates/main amd64 cpp-13 amd64 13.3.0-6ubuntu2~24.04.1 [1042 B]
firmware (release)	Build toolchain	2026-10-07T23:27:58.7436908Z #6 13.74 Get:88 http://archive.ubuntu.com/ubuntu noble/main amd64 cpp-x86-64-linux-gnu amd64 4:13.2.0-7ubuntu1 [5326 B]
firmware (release)	Build toolchain	2026-10-07T23:27:58.7437900Z #6 13.74 Get:89 http://archive.ubuntu.com/ubuntu noble/main amd64 cpp amd64 4:13.2.0-7ubuntu1 [22.4 kB]
firmware (release)	Build toolchain	2026-10-07T23:27:58.7438726Z #6 13.78 Get:90 http://archive.ubuntu.com/ubuntu noble-updates/main amd64 curl amd64 8.5.0-2ubuntu10.15 [227 kB]
firmware (release)	Build toolchain	2026-10-07T23:27:58.7439728Z #6 13.78 Get:91 http://archive.ubuntu.com/ubuntu noble-updates/main amd64 libcc1-0 amd64 14.2.0-4ubuntu2~24.04.1 [48.0 kB]
firmware (release)	Build toolchain	2026-10-07T23:27:58.7440656Z #6 13.83 Get:92 http://archive.ubuntu.com/ubuntu noble-updates/main amd64 libgomp1 amd64 14.2.0-4ubuntu2~24.04.1 [148 kB]
firmware (release)	Build toolchain	2026-10-07T23:27:58.7441550Z #6 13.92 Get:93 http://archive.ubuntu.com/ubuntu noble-updates/main amd64 libitm1 amd64 14.2.0-4ubuntu2~24.04.1 [29.7 kB]
firmware (release)	Build toolchain	2026-10-07T23:27:58.8790307Z #6 13.92 Get:94 http://archive.ubuntu.com/ubuntu noble-updates/main amd64 libatomic1 amd64 14.2.0-4ubuntu2~24.04.1 [10.5 kB]
firmware (release)	Build toolchain	2026-10-07T23:27:58.8792398Z #6 13.92 Get:95 http://archive.ubuntu.com/ubuntu noble-updates/main amd64 libasan8 amd64 14.2.0-4ubuntu2~24.04.1 [3027 kB]
firmware (release)	Build toolchain	2026-10-07T23:27:58.8793958Z #6 13.95 Get:96 http://archive.ubuntu.com/ubuntu noble-updates/main amd64 liblsan0 amd64 14.2.0-4ubuntu2~24.04.1 [1322 kB]
firmware (release)	Build toolchain	2026-10-07T23:27:58.8794982Z #6 13.96 Get:97 http://archive.ubuntu.com/ubuntu noble-updates/main amd64 libtsan2 amd64 14.2.0-4ubuntu2~24.04.1 [2772 kB]
firmware (release)	Build toolchain	2026-10-07T23:27:58.8797149Z #6 13.98 Get:98 http://archive.ubuntu.com/ubuntu noble-updates/main amd64 libubsan1 amd64 14.2.0-4ubuntu2~24.04.1 [1184 kB]
firmware (release)	Build toolchain	2026-10-07T23:27:58.8798264Z #6 14.00 Get:99 http://archive.ubuntu.com/ubuntu noble-updates/main amd64 libhwasan0 amd64 14.2.0-4ubuntu2~24.04.1 [1641 kB]
firmware (release)	Build toolchain	2026-10-07T23:27:58.8799621Z #6 14.05 Get:100 http://archive.ubuntu.com/ubuntu noble-updates/main amd64 libquadmath0 amd64 14.2.0-4ubuntu2~24.04.1 [153 kB]
firmware (release)	Build toolchain	2026-10-07T23:27:59.0539277Z #6 14.08 Get:101 http://archive.ubuntu.com/ubuntu noble-updates/main amd64 libgcc-13-dev amd64 13.3.0-6ubuntu2~24.04.1 [2681 kB]
firmware (release)	Build toolchain	2026-10-07T23:27:59.1967994Z #6 14.37 Get:102 http://archive.ubuntu.com/ubuntu noble-updates/main amd64 gcc-13-x86-64-linux-gnu amd64 13.3.0-6ubuntu2~24.04.1 [21.1 MB]
firmware (release)	Build toolchain	2026-10-07T23:28:01.5900870Z #6 16.76 Get:103 http://archive.ubuntu.com/ubuntu noble-updates/main amd64 gcc-13 amd64 13.3.0-6ubuntu2~24.04.1 [494 kB]
firmware (release)	Build toolchain	2026-10-07T23:28:01.7288751Z #6 16.77 Get:104 http://archive.ubuntu.com/ubuntu noble/main amd64 gcc-x86-64-linux-gnu amd64 4:13.2.0-7ubuntu1 [1212 B]
firmware (release)	Build toolchain	2026-10-07T23:28:01.7291473Z #6 16.77 Get:105 http://archive.ubuntu.com/ubuntu noble/main amd64 gcc amd64 4:13.2.0-7ubuntu1 [5018 B]
firmware (release)	Build toolchain	2026-10-07T23:28:01.7292330Z #6 16.77 Get:106 http://archive.ubuntu.com/ubuntu noble-updates/main amd64 libc-dev-bin amd64 2.39-0ubuntu8.9 [20.4 kB]
firmware (release)	Build toolchain	2026-10-07T23:28:01.7293265Z #6 16.77 Get:107 http://archive.ubuntu.com/ubuntu noble-updates/main amd64 linux-libc-dev amd64 6.8.0-146.146 [1540 kB]
firmware (release)	Build toolchain	2026-10-07T23:28:01.7293944Z #6 16.78 Get:108 http://archive.ubuntu.com/ubuntu noble/main amd64 libcrypt-dev amd64 1:4.4.36-4build1 [112 kB]
firmware (release)	Build toolchain	2026-10-07T23:28:01.7295573Z #6 16.78 Get:109 http://archive.ubuntu.com/ubuntu noble/main amd64 rpcsvc-proto amd64 1.4.2-0ubuntu7 [67.4 kB]
firmware (release)	Build toolchain	2026-10-07T23:28:01.7296413Z #6 16.78 Get:110 http://archive.ubuntu.com/ubuntu noble-updates/main amd64 libc6-dev amd64 2.39-0ubuntu8.9 [2126 kB]
firmware (release)	Build toolchain	2026-10-07T23:28:01.7297016Z #6 16.80 Get:111 http://archive.ubuntu.com/ubuntu noble-updates/main amd64 libstdc++-13-dev amd64 13.3.0-6ubuntu2~24.04.1 [2420 kB]
firmware (release)	Build toolchain	2026-10-07T23:28:01.7297653Z #6 16.90 Get:112 http://archive.ubuntu.com/ubuntu noble-updates/main amd64 g++-13-x86-64-linux-gnu amd64 13.3.0-6ubuntu2~24.04.1 [12.2 MB]
firmware (release)	Build toolchain	2026-10-07T23:28:01.8779697Z #6 17.05 Get:113 http://archive.ubuntu.com/ubuntu noble-updates/main amd64 g++-13 amd64 13.3.0-6ubuntu2~24.04.1 [16.0 kB]
firmware (release)	Build toolchain	2026-10-07T23:28:02.0162531Z #6 17.05 Get:114 http://archive.ubuntu.com/ubuntu noble/main amd64 g++-x86-64-linux-gnu amd64 4:13.2.0-7ubuntu1 [964 B]
firmware (release)	Build toolchain	2026-10-07T23:28:02.0163879Z #6 17.05 Get:115 http://archive.ubuntu.com/ubuntu noble/main amd64 g++ amd64 4:13.2.0-7ubuntu1 [1100 B]
firmware (release)	Build toolchain	2026-10-07T23:28:02.0164654Z #6 17.05 Get:116 http://archive.ubuntu.com/ubuntu noble-updates/main amd64 libc6-i386 amd64 2.39-0ubuntu8.9 [2787 kB]
firmware (release)	Build toolchain	2026-10-07T23:28:02.0165449Z #6 17.07 Get:117 http://archive.ubuntu.com/ubuntu noble-updates/main amd64 libc6-dev-i386 amd64 2.39-0ubuntu8.9 [1447 kB]
firmware (release)	Build toolchain	2026-10-07T23:28:02.0166057Z #6 17.08 Get:118 http://archive.ubuntu.com/ubuntu noble-updates/main amd64 libc6-x32 amd64 2.39-0ubuntu8.9 [2917 kB]
firmware (release)	Build toolchain	2026-10-07T23:28:02.0166800Z #6 17.10 Get:119 http://archive.ubuntu.com/ubuntu noble-updates/main amd64 libc6-dev-x32 amd64 2.39-0ubuntu8.9 [1637 kB]
firmware (release)	Build toolchain	2026-10-07T23:28:02.0167387Z #6 17.11 Get:120 http://archive.ubuntu.com/ubuntu noble-updates/main amd64 lib32gcc-s1 amd64 14.2.0-4ubuntu2~24.04.1 [92.3 kB]
firmware (release)	Build toolchain	2026-10-07T23:28:02.0167991Z #6 17.11 Get:121 http://archive.ubuntu.com/ubuntu noble-updates/main amd64 libx32gcc-s1 amd64 14.2.0-4ubuntu2~24.04.1 [78.5 kB]
firmware (release)	Build toolchain	2026-10-07T23:28:02.0169072Z #6 17.19 Get:122 http://archive.ubuntu.com/ubuntu noble-updates/main amd64 lib32gomp1 amd64 14.2.0-4ubuntu2~24.04.1 [141 kB]
firmware (release)	Build toolchain	2026-10-07T23:28:02.1536721Z #6 17.33 Get:123 http://archive.ubuntu.com/ubuntu noble-updates/main amd64 libx32gomp1 amd64 14.2.0-4ubuntu2~24.04.1 [144 kB]
firmware (release)	Build toolchain	2026-10-07T23:28:02.2912353Z #6 17.33 Get:124 http://archive.ubuntu.com/ubuntu noble-updates/main amd64 lib32itm1 amd64 14.2.0-4ubuntu2~24.04.1 [29.5 kB]
firmware (release)	Build toolchain	2026-10-07T23:28:02.2913442Z #6 17.33 Get:125 http://archive.ubuntu.com/ubuntu noble-updates/main amd64 libx32itm1 amd64 14.2.0-4ubuntu2~24.04.1 [29.8 kB]
firmware (release)	Build toolchain	2026-10-07T23:28:02.2914482Z #6 17.33 Get:126 http://archive.ubuntu.com/ubuntu noble-updates/main amd64 lib32atomic1 amd64 14.2.0-4ubuntu2~24.04.1 [8594 B]
firmware (release)	Build toolchain	2026-10-07T23:28:02.2915490Z #6 17.33 Get:127 http://archive.ubuntu.com/ubuntu noble-updates/main amd64 libx32atomic1 amd64 14.2.0-4ubuntu2~24.04.1 [10.3 kB]
firmware (release)	Build toolchain	2026-10-07T23:28:02.2916547Z #6 17.33 Get:128 http://archive.ubuntu.com/ubuntu noble-updates/main amd64 lib32asan8 amd64 14.2.0-4ubuntu2~24.04.1 [2880 kB]
firmware (release)	Build toolchain	2026-10-07T23:28:02.2917500Z #6 17.34 Get:129 http://archive.ubuntu.com/ubuntu noble-updates/main amd64 libx32asan8 amd64 14.2.0-4ubuntu2~24.04.1 [2893 kB]
firmware (release)	Build toolchain	2026-10-07T23:28:02.2918484Z #6 17.36 Get:130 http://archive.ubuntu.com/ubuntu noble-updates/main amd64 lib32stdc++6 amd64 14.2.0-4ubuntu2~24.04.1 [814 kB]
firmware (release)	Build toolchain	2026-10-07T23:28:02.2919643Z #6 17.36 Get:131 http://archive.ubuntu.com/ubuntu noble-updates/main amd64 lib32ubsan1 amd64 14.2.0-4ubuntu2~24.04.1 [1150 kB]
firmware (release)	Build toolchain	2026-10-07T23:28:02.2920632Z #6 17.46 Get:132 http://archive.ubuntu.com/ubuntu noble-updates/main amd64 libx32stdc++6 amd64 14.2.0-4ubuntu2~24.04.1 [778 kB]
firmware (release)	Build toolchain	2026-10-07T23:28:02.4384478Z #6 17.51 Get:133 http://archive.ubuntu.com/ubuntu noble-updates/main amd64 libx32ubsan1 amd64 14.2.0-4ubuntu2~24.04.1 [1169 kB]
firmware (release)	Build toolchain	2026-10-07T23:28:02.4385621Z #6 17.51 Get:134 http://archive.ubuntu.com/ubuntu noble-updates/main amd64 lib32quadmath0 amd64 14.2.0-4ubuntu2~24.04.1 [227 kB]
firmware (release)	Build toolchain	2026-10-07T23:28:02.4386303Z #6 17.52 Get:135 http://archive.ubuntu.com/ubuntu noble-updates/main amd64 libx32quadmath0 amd64 14.2.0-4ubuntu2~24.04.1 [157 kB]
firmware (release)	Build toolchain	2026-10-07T23:28:02.4386889Z #6 17.52 Get:136 http://archive.ubuntu.com/ubuntu noble-updates/main amd64 lib32gcc-13-dev amd64 13.3.0-6ubuntu2~24.04.1 [2380 kB]
firmware (release)	Build toolchain	2026-10-07T23:28:02.4387483Z #6 17.53 Get:137 http://archive.ubuntu.com/ubuntu noble-updates/main amd64 libx32gcc-13-dev amd64 13.3.0-6ubuntu2~24.04.1 [2190 kB]
firmware (release)	Build toolchain	2026-10-07T23:28:02.4388631Z #6 17.61 Get:138 http://archive.ubuntu.com/ubuntu noble-updates/main amd64 gcc-13-multilib amd64 13.3.0-6ubuntu2~24.04.1 [880 B]
firmware (release)	Build toolchain	2026-10-07T23:28:02.5648825Z #6 17.61 Get:139 http://archive.ubuntu.com/ubuntu noble-updates/main amd64 lib32stdc++-13-dev amd64 13.3.0-6ubuntu2~24.04.1 [1150 kB]
firmware (release)	Build toolchain	2026-10-07T23:28:02.5650471Z #6 17.62 Get:140 http://archive.ubuntu.com/ubuntu noble-updates/main amd64 libx32stdc++-13-dev amd64 13.3.0-6ubuntu2~24.04.1 [1086 kB]
firmware (release)	Build toolchain	2026-10-07T23:28:02.5652437Z #6 17.62 Get:141 http://archive.ubuntu.com/ubuntu noble-updates/main amd64 g++-13-multilib amd64 13.3.0-6ubuntu2~24.04.1 [892 B]
firmware (release)	Build toolchain	2026-10-07T23:28:02.5653775Z #6 17.74 Get:142 http://archive.ubuntu.com/ubuntu noble/universe amd64 binutils-mingw-w64-i686 amd64 2.41.90.20240122-1ubuntu1+11.4 [2975 kB]
firmware (release)	Build toolchain	2026-10-07T23:28:02.7303004Z #6 17.75 Get:143 http://archive.ubuntu.com/ubuntu noble/universe amd64 mingw-w64-common all 11.0.1-3build1 [5580 kB]
firmware (release)	Build toolchain	2026-10-07T23:28:02.7303919Z #6 17.78 Get:144 http://archive.ubuntu.com/ubuntu noble/universe amd64 mingw-w64-i686-dev all 11.0.1-3build1 [3153 kB]
firmware (release)	Build toolchain	2026-10-07T23:28:02.7305021Z #6 17.79 Get:145 http://archive.ubuntu.com/ubuntu noble/universe amd64 gcc-mingw-w64-base amd64 13.2.0-6ubuntu1+26.1 [188 kB]
firmware (release)	Build toolchain	2026-10-07T23:28:02.7306161Z #6 17.80 Get:146 http://archive.ubuntu.com/ubuntu noble/universe amd64 gcc-mingw-w64-i686-posix-runtime amd64 13.2.0-6ubuntu1+26.1 [13.1 MB]
firmware (release)	Build toolchain	2026-10-07T23:28:02.7307313Z #6 17.90 Get:147 http://archive.ubuntu.com/ubuntu noble/universe amd64 gcc-mingw-w64-i686-posix amd64 13.2.0-6ubuntu1+26.1 [35.2 MB]
firmware (release)	Build toolchain	2026-10-07T23:28:03.1251137Z #6 18.30 Get:148 http://archive.ubuntu.com/ubuntu noble/universe amd64 g++-mingw-w64-i686-posix amd64 13.2.0-6ubuntu1+26.1 [14.5 MB]
firmware (release)	Build toolchain	2026-10-07T23:28:03.2544894Z #6 18.43 Get:149 http://archive.ubuntu.com/ubuntu noble/universe amd64 gcc-mingw-w64-i686-win32-runtime amd64 13.2.0-6ubuntu1+26.1 [13.3 MB]
firmware (release)	Build toolchain	2026-10-07T23:28:03.4674158Z #6 18.49 Get:150 http://archive.ubuntu.com/ubuntu noble/universe amd64 gcc-mingw-w64-i686-win32 amd64 13.2.0-6ubuntu1+26.1 [35.2 MB]
firmware (release)	Build toolchain	2026-10-07T23:28:03.6773999Z #6 18.85 Get:151 http://archive.ubuntu.com/ubuntu noble/universe amd64 g++-mingw-w64-i686-win32 amd64 13.2.0-6ubuntu1+26.1 [14.5 MB]
firmware (release)	Build toolchain	2026-10-07T23:28:03.8152646Z #6 18.92 Get:152 http://archive.ubuntu.com/ubuntu noble/main amd64 gcc-multilib amd64 4:13.2.0-7ubuntu1 [1474 B]
firmware (release)	Build toolchain	2026-10-07T23:28:03.8153431Z #6 18.92 Get:153 http://archive.ubuntu.com/ubuntu noble/main amd64 g++-multilib amd64 4:13.2.0-7ubuntu1 [884 B]
firmware (release)	Build toolchain	2026-10-07T23:28:03.8154171Z #6 18.92 Get:154 http://archive.ubuntu.com/ubuntu noble-updates/main amd64 libcurl3t64-gnutls amd64 8.5.0-2ubuntu10.15 [336 kB]
firmware (release)	Build toolchain	2026-10-07T23:28:03.8154742Z #6 18.92 Get:155 http://archive.ubuntu.com/ubuntu noble/main amd64 liberror-perl all 0.17029-2 [25.6 kB]
firmware (release)	Build toolchain	2026-10-07T23:28:03.8155265Z #6 18.92 Get:156 http://archive.ubuntu.com/ubuntu noble-updates/main amd64 git-man all 1:2.43.0-1ubuntu7.3 [1100 kB]
firmware (release)	Build toolchain	2026-10-07T23:28:03.8155814Z #6 18.93 Get:157 http://archive.ubuntu.com/ubuntu noble-updates/main amd64 git amd64 1:2.43.0-1ubuntu7.3 [3680 kB]
firmware (release)	Build toolchain	2026-10-07T23:28:03.8156381Z #6 18.95 Get:158 http://archive.ubuntu.com/ubuntu noble-updates/main amd64 libaio1t64 amd64 0.3.113-6build1.1 [7210 B]
firmware (release)	Build toolchain	2026-10-07T23:28:03.8156912Z #6 18.95 Get:159 http://archive.ubuntu.com/ubuntu noble/main amd64 libasyncns0 amd64 0.8-6build4 [11.3 kB]
firmware (release)	Build toolchain	2026-10-07T23:28:03.8157484Z #6 18.99 Get:160 http://archive.ubuntu.com/ubuntu noble-updates/main amd64 libdrm-amdgpu1 amd64 2.4.125-1ubuntu0.1~24.04.2 [21.4 kB]
firmware (release)	Build toolchain	2026-10-07T23:28:03.9511181Z #6 19.12 Get:161 http://archive.ubuntu.com/ubuntu noble-updates/main amd64 libpciaccess0 amd64 0.17-3ubuntu0.24.04.3 [19.2 kB]
firmware (release)	Build toolchain	2026-10-07T23:28:04.1033949Z #6 19.12 Get:162 http://archive.ubuntu.com/ubuntu noble-updates/main amd64 libdrm-intel1 amd64 2.4.125-1ubuntu0.1~24.04.2 [63.9 kB]
firmware (release)	Build toolchain	2026-10-07T23:28:04.1035103Z #6 19.12 Get:163 http://archive.ubuntu.com/ubuntu noble-updates/main amd64 libllvm20 amd64 1:20.1.2-0ubuntu1~24.04.3 [30.6 MB]
firmware (release)	Build toolchain	2026-10-07T23:28:04.2490720Z #6 19.42 Get:164 http://archive.ubuntu.com/ubuntu noble/main amd64 libx11-xcb1 amd64 2:1.8.7-1build1 [7800 B]
firmware (release)	Build toolchain	2026-10-07T23:28:04.3853659Z #6 19.42 Get:165 http://archive.ubuntu.com/ubuntu noble/main amd64 libxcb-dri3-0 amd64 1.15-1ubuntu2 [7142 B]
firmware (release)	Build toolchain	2026-10-07T23:28:04.3854348Z #6 19.42 Get:166 http://archive.ubuntu.com/ubuntu noble/main amd64 libxcb-present0 amd64 1.15-1ubuntu2 [5676 B]
firmware (release)	Build toolchain	2026-10-07T23:28:04.3854907Z #6 19.42 Get:167 http://archive.ubuntu.com/ubuntu noble/main amd64 libxcb-randr0 amd64 1.15-1ubuntu2 [17.9 kB]
firmware (release)	Build toolchain	2026-10-07T23:28:04.3855716Z #6 19.42 Get:168 http://archive.ubuntu.com/ubuntu noble/main amd64 libxcb-sync1 amd64 1.15-1ubuntu2 [9312 B]
firmware (release)	Build toolchain	2026-10-07T23:28:04.3856997Z #6 19.42 Get:169 http://archive.ubuntu.com/ubuntu noble/main amd64 libxcb-xfixes0 amd64 1.15-1ubuntu2 [10.2 kB]
firmware (release)	Build toolchain	2026-10-07T23:28:04.3857731Z #6 19.42 Get:170 http://archive.ubuntu.com/ubuntu noble/main amd64 libxshmfence1 amd64 1.3-1build5 [4764 B]
firmware (release)	Build toolchain	2026-10-07T23:28:04.3858412Z #6 19.42 Get:171 http://archive.ubuntu.com/ubuntu noble-updates/main amd64 mesa-libgallium amd64 25.2.8-0ubuntu0.24.04.4 [10.8 MB]
firmware (release)	Build toolchain	2026-10-07T23:28:04.3859166Z #6 19.47 Get:172 http://archive.ubuntu.com/ubuntu noble-updates/main amd64 libgbm1 amd64 25.2.8-0ubuntu0.24.04.4 [34.2 kB]
firmware (release)	Build toolchain	2026-10-07T23:28:04.3859736Z #6 19.56 Get:173 http://archive.ubuntu.com/ubuntu noble/main amd64 libwayland-client0 amd64 1.22.0-2.1build1 [26.4 kB]
firmware (release)	Build toolchain	2026-10-07T23:28:04.5212810Z #6 19.69 Get:174 http://archive.ubuntu.com/ubuntu noble/main amd64 libxcb-shm0 amd64 1.15-1ubuntu2 [5756 B]
firmware (release)	Build toolchain	2026-10-07T23:28:04.6582516Z #6 19.70 Get:175 http://archive.ubuntu.com/ubuntu noble-updates/main amd64 libegl-mesa0 amd64 25.2.8-0ubuntu0.24.04.4 [117 kB]
firmware (release)	Build toolchain	2026-10-07T23:28:04.6583480Z #6 19.70 Get:176 http://archive.ubuntu.com/ubuntu noble/main amd64 libogg0 amd64 1.3.5-3build1 [22.7 kB]
firmware (release)	Build toolchain	2026-10-07T23:28:04.6584409Z #6 19.70 Get:177 http://archive.ubuntu.com/ubuntu noble/main amd64 libflac12t64 amd64 1.4.3+ds-2.1ubuntu2 [197 kB]
firmware (release)	Build toolchain	2026-10-07T23:28:04.6585073Z #6 19.70 Get:178 http://archive.ubuntu.com/ubuntu noble/main amd64 libfontenc1 amd64 1:1.1.8-1build1 [14.0 kB]
firmware (release)	Build toolchain	2026-10-07T23:28:04.6585759Z #6 19.70 Get:179 http://archive.ubuntu.com/ubuntu noble-updates/main amd64 libfreetype6 amd64 2.13.2+dfsg-1ubuntu0.2 [403 kB]
firmware (release)	Build toolchain	2026-10-07T23:28:04.6586409Z #6 19.70 Get:180 http://archive.ubuntu.com/ubuntu noble/main amd64 libvulkan1 amd64 1.3.275.0-1build1 [142 kB]
firmware (release)	Build toolchain	2026-10-07T23:28:04.6586997Z #6 19.70 Get:181 http://archive.ubuntu.com/ubuntu noble-updates/main amd64 libgl1-mesa-dri amd64 25.2.8-0ubuntu0.24.04.4 [38.0 kB]
firmware (release)	Build toolchain	2026-10-07T23:28:04.6587697Z #6 19.70 Get:182 http://archive.ubuntu.com/ubuntu noble/main amd64 libxcb-glx0 amd64 1.15-1ubuntu2 [24.8 kB]
firmware (release)	Build toolchain	2026-10-07T23:28:04.6588331Z #6 19.83 Get:183 http://archive.ubuntu.com/ubuntu noble/main amd64 libxxf86vm1 amd64 1:1.1.4-1build4 [9282 B]
firmware (release)	Build toolchain	2026-10-07T23:28:04.7982646Z #6 19.97 Get:184 http://archive.ubuntu.com/ubuntu noble-updates/main amd64 libglx-mesa0 amd64 25.2.8-0ubuntu0.24.04.4 [110 kB]
firmware (release)	Build toolchain	2026-10-07T23:28:04.9331706Z #6 19.97 Get:185 http://archive.ubuntu.com/ubuntu noble/main amd64 x11-common all 1:7.7+23ubuntu3 [21.7 kB]
firmware (release)	Build toolchain	2026-10-07T23:28:04.9332631Z #6 19.97 Get:186 http://archive.ubuntu.com/ubuntu noble/main amd64 libice6 amd64 2:1.0.10-1build3 [41.4 kB]
firmware (release)	Build toolchain	2026-10-07T23:28:04.9333493Z #6 19.97 Get:187 http://archive.ubuntu.com/ubuntu noble/main amd64 libmp3lame0 amd64 3.100-6build1 [142 kB]
firmware (release)	Build toolchain	2026-10-07T23:28:04.9334413Z #6 19.97 Get:188 http://archive.ubuntu.com/ubuntu noble-updates/main amd64 libmpg123-0t64 amd64 1.32.5-1ubuntu1.1 [169 kB]
firmware (release)	Build toolchain	2026-10-07T23:28:04.9335637Z #6 19.97 Get:189 http://archive.ubuntu.com/ubuntu noble/main amd64 libopus0 amd64 1.4-1build1 [208 kB]
firmware (release)	Build toolchain	2026-10-07T23:28:04.9337558Z #6 19.97 Get:190 http://archive.ubuntu.com/ubuntu noble/main amd64 libpixman-1-0 amd64 0.42.2-1build1 [279 kB]
firmware (release)	Build toolchain	2026-10-07T23:28:04.9339708Z #6 19.98 Get:191 http://archive.ubuntu.com/ubuntu noble/main amd64 libvorbis0a amd64 1.3.7-1build3 [97.6 kB]
firmware (release)	Build toolchain	2026-10-07T23:28:04.9345136Z #6 19.98 Get:192 http://archive.ubuntu.com/ubuntu noble/main amd64 libvorbisenc2 amd64 1.3.7-1build3 [80.8 kB]
firmware (release)	Build toolchain	2026-10-07T23:28:04.9345982Z #6 20.11 Get:193 http://archive.ubuntu.com/ubuntu noble-updates/main amd64 libsndfile1 amd64 1.2.2-1ubuntu5.24.04.1 [209 kB]
firmware (release)	Build toolchain	2026-10-07T23:28:05.0710610Z #6 20.24 Get:194 http://archive.ubuntu.com/ubuntu noble-updates/main amd64 libpulse0 amd64 1:16.1+dfsg1-2ubuntu10.1 [292 kB]
firmware (release)	Build toolchain	2026-10-07T23:28:05.2337106Z #6 20.25 Get:195 http://archive.ubuntu.com/ubuntu noble/main amd64 libsamplerate0 amd64 0.2.2-4build1 [1344 kB]
firmware (release)	Build toolchain	2026-10-07T23:28:05.2338386Z #6 20.25 Get:196 http://archive.ubuntu.com/ubuntu noble-updates/main amd64 libslirp0 amd64 4.7.0-1ubuntu3.1 [63.8 kB]
firmware (release)	Build toolchain	2026-10-07T23:28:05.2339204Z #6 20.25 Get:197 http://archive.ubuntu.com/ubuntu noble/main amd64 libsm6 amd64 2:1.2.3-1build3 [15.7 kB]
firmware (release)	Build toolchain	2026-10-07T23:28:05.2340042Z #6 20.25 Get:198 http://archive.ubuntu.com/ubuntu noble-updates/main amd64 libunwind8 amd64 1.6.2-3build1.1 [55.3 kB]
firmware (release)	Build toolchain	2026-10-07T23:28:05.2340570Z #6 20.25 Get:199 http://archive.ubuntu.com/ubuntu noble/main amd64 liburing2 amd64 2.5-1build1 [21.1 kB]
firmware (release)	Build toolchain	2026-10-07T23:28:05.2341074Z #6 20.25 Get:200 http://archive.ubuntu.com/ubuntu noble/main amd64 libxt6t64 amd64 1:1.2.1-1.2build1 [171 kB]
firmware (release)	Build toolchain	2026-10-07T23:28:05.2341565Z #6 20.25 Get:201 http://archive.ubuntu.com/ubuntu noble/main amd64 libxmu6 amd64 2:1.1.3-3build2 [47.6 kB]
firmware (release)	Build toolchain	2026-10-07T23:28:05.2342109Z #6 20.26 Get:202 http://archive.ubuntu.com/ubuntu noble-updates/main amd64 libxpm4 amd64 1:3.5.17-1ubuntu0.24.04.2 [36.7 kB]
firmware (release)	Build toolchain	2026-10-07T23:28:05.5149743Z #6 20.69 Get:203 http://archive.ubuntu.com/ubuntu noble/main amd64 libxaw7 amd64 2:1.0.14-1build2 [187 kB]
firmware (release)	Build toolchain	2026-10-07T23:28:06.2139300Z #6 21.39 Get:204 http://archive.ubuntu.com/ubuntu noble-updates/main amd64 libxfont2 amd64 1:2.0.6-1+deb13u1build0.24.04.2 [94.0 kB]
firmware (release)	Build toolchain	2026-10-07T23:28:06.3783748Z #6 21.44 Get:205 http://archive.ubuntu.com/ubuntu noble/main amd64 libxkbfile1 amd64 1:1.1.0-1build4 [70.0 kB]
firmware (release)	Build toolchain	2026-10-07T23:28:06.3784509Z #6 21.55 Get:206 http://archive.ubuntu.com/ubuntu noble/main amd64 libxrender1 amd64 1:0.9.10-1.1build1 [19.0 kB]
firmware (release)	Build toolchain	2026-10-07T23:28:06.4920205Z #6 21.56 Get:207 http://archive.ubuntu.com/ubuntu noble/main amd64 libxrandr2 amd64 2:1.5.2-2build1 [19.7 kB]
firmware (release)	Build toolchain	2026-10-07T23:28:06.4920874Z #6 21.57 Get:208 http://archive.ubuntu.com/ubuntu noble-updates/universe amd64 lz4 amd64 1.9.4-1build1.1 [93.8 kB]
firmware (release)	Build toolchain	2026-10-07T23:28:06.4921407Z #6 21.66 Get:209 http://archive.ubuntu.com/ubuntu noble/main amd64 make amd64 4.3-4.1build2 [180 kB]
firmware (release)	Build toolchain	2026-10-07T23:28:06.6499146Z #6 21.74 Get:210 http://archive.ubuntu.com/ubuntu noble/universe amd64 ninja-build amd64 1.11.1-2 [129 kB]
firmware (release)	Build toolchain	2026-10-07T23:28:06.6499988Z #6 21.82 Get:211 http://archive.ubuntu.com/ubuntu noble-updates/main amd64 qemu-utils amd64 1:8.2.2+ds-0ubuntu1.18 [2221 kB]
firmware (release)	Build toolchain	2026-10-07T23:28:07.1092357Z #6 22.28 Get:212 http://archive.ubuntu.com/ubuntu noble/main amd64 x11-xkb-utils amd64 7.7+8build2 [170 kB]
firmware (release)	Build toolchain	2026-10-07T23:28:07.2449181Z #6 22.35 Get:213 http://archive.ubuntu.com/ubuntu noble-updates/main amd64 xserver-common all 2:21.1.12-1ubuntu1.8 [34.8 kB]
firmware (release)	Build toolchain	2026-10-07T23:28:07.2449884Z #6 22.35 Get:214 http://archive.ubuntu.com/ubuntu noble/main amd64 libglvnd0 amd64 1.7.0-1build1 [69.6 kB]
firmware (release)	Build toolchain	2026-10-07T23:28:07.2450384Z #6 22.36 Get:215 http://archive.ubuntu.com/ubuntu noble/main amd64 libglx0 amd64 1.7.0-1build1 [38.6 kB]
firmware (release)	Build toolchain	2026-10-07T23:28:07.2450867Z #6 22.36 Get:216 http://archive.ubuntu.com/ubuntu noble/main amd64 libgl1 amd64 1.7.0-1build1 [102 kB]
firmware (release)	Build toolchain	2026-10-07T23:28:07.2451397Z #6 22.37 Get:217 http://archive.ubuntu.com/ubuntu noble-updates/universe amd64 xvfb amd64 2:21.1.12-1ubuntu1.8 [877 kB]
firmware (release)	Build toolchain	2026-10-07T23:28:07.2452051Z #6 22.42 Get:218 http://archive.ubuntu.com/ubuntu noble/universe amd64 g++-mingw-w64-i686 all 13.2.0-6ubuntu1+26.1 [187 kB]
firmware (release)	Build toolchain	2026-10-07T23:28:07.4701788Z #6 22.48 Get:219 http://archive.ubuntu.com/ubuntu noble/universe amd64 gcc-mingw-w64-i686 all 13.2.0-6ubuntu1+26.1 [187 kB]
firmware (release)	Build toolchain	2026-10-07T23:28:07.4702691Z #6 22.49 Get:220 http://archive.ubuntu.com/ubuntu noble/main amd64 libegl1 amd64 1.7.0-1build1 [28.7 kB]
firmware (release)	Build toolchain	2026-10-07T23:28:09.1782629Z #6 24.35 debconf: delaying package configuration, since apt-utils is not installed
firmware (release)	Build toolchain	2026-10-07T23:28:09.3827559Z #6 24.40 Fetched 341 MB in 13s (25.6 MB/s)
firmware (release)	Build toolchain	2026-10-07T23:28:09.6654565Z #6 24.73 (Reading database ... 
firmware (release)	Build toolchain	2026-10-07T23:28:09.6654891Z (Reading database ... 5%
firmware (release)	Build toolchain	2026-10-07T23:28:09.6655095Z (Reading database ... 10%
firmware (release)	Build toolchain	2026-10-07T23:28:09.6655285Z (Reading database ... 15%
firmware (release)	Build toolchain	2026-10-07T23:28:09.6655465Z (Reading database ... 20%
firmware (release)	Build toolchain	2026-10-07T23:28:09.6655638Z (Reading database ... 25%
firmware (release)	Build toolchain	2026-10-07T23:28:09.6655821Z (Reading database ... 30%
firmware (release)	Build toolchain	2026-10-07T23:28:09.6656344Z (Reading database ... 35%
firmware (release)	Build toolchain	2026-10-07T23:28:09.6656527Z (Reading database ... 40%
firmware (release)	Build toolchain	2026-10-07T23:28:09.6656706Z (Reading database ... 45%
firmware (release)	Build toolchain	2026-10-07T23:28:09.6656886Z (Reading database ... 50%
firmware (release)	Build toolchain	2026-10-07T23:28:09.6657054Z (Reading database ... 55%
firmware (release)	Build toolchain	2026-10-07T23:28:09.6657226Z (Reading database ... 60%
firmware (release)	Build toolchain	2026-10-07T23:28:09.6657398Z (Reading database ... 65%
firmware (release)	Build toolchain	2026-10-07T23:28:09.6657570Z (Reading database ... 70%
firmware (release)	Build toolchain	2026-10-07T23:28:09.7659842Z (Reading database ... 75%
firmware (release)	Build toolchain	2026-10-07T23:28:09.8848763Z (Reading database ... 80%
firmware (release)	Build toolchain	2026-10-07T23:28:10.0334127Z (Reading database ... 85%
firmware (release)	Build toolchain	2026-10-07T23:28:10.2459568Z (Reading database ... 90%
firmware (release)	Build toolchain	2026-10-07T23:28:10.2459960Z (Reading database ... 95%
firmware (release)	Build toolchain	2026-10-07T23:28:10.2460245Z (Reading database ... 100%
firmware (release)	Build toolchain	2026-10-07T23:28:10.2460644Z (Reading database ... 4381 files and directories currently installed.)
firmware (release)	Build toolchain	2026-10-07T23:28:10.4248419Z #6 25.42 Preparing to unpack .../libssl3t64_3.0.13-0ubuntu3.16_amd64.deb ...
firmware (release)	Build toolchain	2026-10-07T23:28:10.4249141Z #6 25.45 Unpacking libssl3t64:amd64 (3.0.13-0ubuntu3.16) over (3.0.13-0ubuntu3.15) ...
firmware (release)	Build toolchain	2026-10-07T23:28:11.0435096Z #6 26.22 Setting up libssl3t64:amd64 (3.0.13-0ubuntu3.16) ...
firmware (release)	Build toolchain	2026-10-07T23:28:11.1514884Z #6 26.23 Selecting previously unselected package libpython3.12-minimal:amd64.
firmware (release)	Build toolchain	2026-10-07T23:28:11.1515569Z #6 26.23 (Reading database ... 
firmware (release)	Build toolchain	2026-10-07T23:28:11.1516028Z (Reading database ... 5%
firmware (release)	Build toolchain	2026-10-07T23:28:11.1516351Z (Reading database ... 10%
firmware (release)	Build toolchain	2026-10-07T23:28:11.1516635Z (Reading database ... 15%
firmware (release)	Build toolchain	2026-10-07T23:28:11.1516905Z (Reading database ... 20%
firmware (release)	Build toolchain	2026-10-07T23:28:11.1517168Z (Reading database ... 25%
firmware (release)	Build toolchain	2026-10-07T23:28:11.1517434Z (Reading database ... 30%
firmware (release)	Build toolchain	2026-10-07T23:28:11.1517708Z (Reading database ... 35%
firmware (release)	Build toolchain	2026-10-07T23:28:11.1517972Z (Reading database ... 40%
firmware (release)	Build toolchain	2026-10-07T23:28:11.1518232Z (Reading database ... 45%
firmware (release)	Build toolchain	2026-10-07T23:28:11.1518497Z (Reading database ... 50%
firmware (release)	Build toolchain	2026-10-07T23:28:11.1518760Z (Reading database ... 55%
firmware (release)	Build toolchain	2026-10-07T23:28:11.1519188Z (Reading database ... 60%
firmware (release)	Build toolchain	2026-10-07T23:28:11.1519481Z (Reading database ... 65%
firmware (release)	Build toolchain	2026-10-07T23:28:11.1519759Z (Reading database ... 70%
firmware (release)	Build toolchain	2026-10-07T23:28:11.1520011Z (Reading database ... 75%
firmware (release)	Build toolchain	2026-10-07T23:28:11.1520267Z (Reading database ... 80%
firmware (release)	Build toolchain	2026-10-07T23:28:11.1520537Z (Reading database ... 85%
firmware (release)	Build toolchain	2026-10-07T23:28:11.1520799Z (Reading database ... 90%
firmware (release)	Build toolchain	2026-10-07T23:28:11.1521056Z (Reading database ... 95%
firmware (release)	Build toolchain	2026-10-07T23:28:11.1521309Z (Reading database ... 100%
firmware (release)	Build toolchain	2026-10-07T23:28:11.1521698Z (Reading database ... 4381 files and directories currently installed.)
firmware (release)	Build toolchain	2026-10-07T23:28:11.1522312Z #6 26.24 Preparing to unpack .../libpython3.12-minimal_3.12.3-1ubuntu0.17_amd64.deb ...
firmware (release)	Build toolchain	2026-10-07T23:28:11.1522920Z #6 26.24 Unpacking libpython3.12-minimal:amd64 (3.12.3-1ubuntu0.17) ...
firmware (release)	Build toolchain	2026-10-07T23:28:11.1523447Z #6 26.30 Selecting previously unselected package libexpat1:amd64.
firmware (release)	Build toolchain	2026-10-07T23:28:11.1523919Z #6 26.30 Preparing to unpack .../libexpat1_2.6.1-2ubuntu0.6_amd64.deb ...
firmware (release)	Build toolchain	2026-10-07T23:28:11.1524226Z #6 26.30 Unpacking libexpat1:amd64 (2.6.1-2ubuntu0.6) ...
firmware (release)	Build toolchain	2026-10-07T23:28:11.1524554Z #6 26.31 Selecting previously unselected package python3.12-minimal.
firmware (release)	Build toolchain	2026-10-07T23:28:11.1524918Z #6 26.31 Preparing to unpack .../python3.12-minimal_3.12.3-1ubuntu0.17_amd64.deb ...
firmware (release)	Build toolchain	2026-10-07T23:28:11.1525257Z #6 26.32 Unpacking python3.12-minimal (3.12.3-1ubuntu0.17) ...
firmware (release)	Build toolchain	2026-10-07T23:28:11.3862779Z #6 26.40 Setting up libpython3.12-minimal:amd64 (3.12.3-1ubuntu0.17) ...
firmware (release)	Build toolchain	2026-10-07T23:28:11.3881332Z #6 26.41 Setting up libexpat1:amd64 (2.6.1-2ubuntu0.6) ...
firmware (release)	Build toolchain	2026-10-07T23:28:11.3882325Z #6 26.41 Setting up python3.12-minimal (3.12.3-1ubuntu0.17) ...
firmware (release)	Build toolchain	2026-10-07T23:28:12.0385456Z #6 27.21 Selecting previously unselected package python3-minimal.
firmware (release)	Build toolchain	2026-10-07T23:28:12.1832937Z #6 27.21 (Reading database ... 
firmware (release)	Build toolchain	2026-10-07T23:28:12.1834258Z (Reading database ... 5%
firmware (release)	Build toolchain	2026-10-07T23:28:12.1834776Z (Reading database ... 10%
firmware (release)	Build toolchain	2026-10-07T23:28:12.1837253Z (Reading database ... 15%
firmware (release)	Build toolchain	2026-10-07T23:28:12.1837661Z (Reading database ... 20%
firmware (release)	Build toolchain	2026-10-07T23:28:12.1837879Z (Reading database ... 25%
firmware (release)	Build toolchain	2026-10-07T23:28:12.1838404Z (Reading database ... 30%
firmware (release)	Build toolchain	2026-10-07T23:28:12.1838606Z (Reading database ... 35%
firmware (release)	Build toolchain	2026-10-07T23:28:12.1838783Z (Reading database ... 40%
firmware (release)	Build toolchain	2026-10-07T23:28:12.1839243Z (Reading database ... 45%
firmware (release)	Build toolchain	2026-10-07T23:28:12.1839517Z (Reading database ... 50%
firmware (release)	Build toolchain	2026-10-07T23:28:12.1839778Z (Reading database ... 55%
firmware (release)	Build toolchain	2026-10-07T23:28:12.1840046Z (Reading database ... 60%
firmware (release)	Build toolchain	2026-10-07T23:28:12.1840277Z (Reading database ... 65%
firmware (release)	Build toolchain	2026-10-07T23:28:12.1840513Z (Reading database ... 70%
firmware (release)	Build toolchain	2026-10-07T23:28:12.1840780Z (Reading database ... 75%
firmware (release)	Build toolchain	2026-10-07T23:28:12.1841028Z (Reading database ... 80%
firmware (release)	Build toolchain	2026-10-07T23:28:12.1841201Z (Reading database ... 85%
firmware (release)	Build toolchain	2026-10-07T23:28:12.1841468Z (Reading database ... 90%
firmware (release)	Build toolchain	2026-10-07T23:28:12.1841733Z (Reading database ... 95%
firmware (release)	Build toolchain	2026-10-07T23:28:12.1842008Z (Reading database ... 100%
firmware (release)	Build toolchain	2026-10-07T23:28:12.1842421Z (Reading database ... 4700 files and directories currently installed.)
firmware (release)	Build toolchain	2026-10-07T23:28:12.1843011Z #6 27.22 Preparing to unpack .../0-python3-minimal_3.12.3-0ubuntu2.1_amd64.deb ...
firmware (release)	Build toolchain	2026-10-07T23:28:12.1843632Z #6 27.24 Unpacking python3-minimal (3.12.3-0ubuntu2.1) ...
firmware (release)	Build toolchain	2026-10-07T23:28:12.1844243Z #6 27.25 Selecting previously unselected package media-types.
firmware (release)	Build toolchain	2026-10-07T23:28:12.1844725Z #6 27.25 Preparing to unpack .../1-media-types_10.1.0_all.deb ...
firmware (release)	Build toolchain	2026-10-07T23:28:12.1845130Z #6 27.25 Unpacking media-types (10.1.0) ...
firmware (release)	Build toolchain	2026-10-07T23:28:12.1845466Z #6 27.26 Selecting previously unselected package netbase.
firmware (release)	Build toolchain	2026-10-07T23:28:12.1845746Z #6 27.27 Preparing to unpack .../2-netbase_6.4_all.deb ...
firmware (release)	Build toolchain	2026-10-07T23:28:12.1845997Z #6 27.27 Unpacking netbase (6.4) ...
firmware (release)	Build toolchain	2026-10-07T23:28:12.1846245Z #6 27.28 Selecting previously unselected package tzdata.
firmware (release)	Build toolchain	2026-10-07T23:28:12.1846742Z #6 27.28 Preparing to unpack .../3-tzdata_2026c-0ubuntu0.24.04.1_all.deb ...
firmware (release)	Build toolchain	2026-10-07T23:28:12.1847228Z #6 27.29 Unpacking tzdata (2026c-0ubuntu0.24.04.1) ...
firmware (release)	Build toolchain	2026-10-07T23:28:12.1847660Z #6 27.36 Selecting previously unselected package readline-common.
firmware (release)	Build toolchain	2026-10-07T23:28:12.2952479Z #6 27.36 Preparing to unpack .../4-readline-common_8.2-4build1_all.deb ...
firmware (release)	Build toolchain	2026-10-07T23:28:12.2960311Z #6 27.36 Unpacking readline-common (8.2-4build1) ...
firmware (release)	Build toolchain	2026-10-07T23:28:12.2960897Z #6 27.37 Selecting previously unselected package libreadline8t64:amd64.
firmware (release)	Build toolchain	2026-10-07T23:28:12.2961510Z #6 27.37 Preparing to unpack .../5-libreadline8t64_8.2-4build1_amd64.deb ...
firmware (release)	Build toolchain	2026-10-07T23:28:12.2962327Z #6 27.42 Adding 'diversion of /lib/x86_64-linux-gnu/libhistory.so.8 to /lib/x86_64-linux-gnu/libhistory.so.8.usr-is-merged by libreadline8t64'
firmware (release)	Build toolchain	2026-10-07T23:28:12.2963168Z #6 27.42 Adding 'diversion of /lib/x86_64-linux-gnu/libhistory.so.8.2 to /lib/x86_64-linux-gnu/libhistory.so.8.2.usr-is-merged by libreadline8t64'
firmware (release)	Build toolchain	2026-10-07T23:28:12.2963888Z #6 27.43 Adding 'diversion of /lib/x86_64-linux-gnu/libreadline.so.8 to /lib/x86_64-linux-gnu/libreadline.so.8.usr-is-merged by libreadline8t64'
firmware (release)	Build toolchain	2026-10-07T23:28:12.2964666Z #6 27.43 Adding 'diversion of /lib/x86_64-linux-gnu/libreadline.so.8.2 to /lib/x86_64-linux-gnu/libreadline.so.8.2.usr-is-merged by libreadline8t64'
firmware (release)	Build toolchain	2026-10-07T23:28:12.2965273Z #6 27.43 Unpacking libreadline8t64:amd64 (8.2-4build1) ...
firmware (release)	Build toolchain	2026-10-07T23:28:12.2965757Z #6 27.47 Selecting previously unselected package libsqlite3-0:amd64.
firmware (release)	Build toolchain	2026-10-07T23:28:12.4617616Z #6 27.47 Preparing to unpack .../6-libsqlite3-0_3.45.1-1ubuntu2.8_amd64.deb ...
firmware (release)	Build toolchain	2026-10-07T23:28:12.4618216Z #6 27.47 Unpacking libsqlite3-0:amd64 (3.45.1-1ubuntu2.8) ...
firmware (release)	Build toolchain	2026-10-07T23:28:12.4618691Z #6 27.49 Selecting previously unselected package libpython3.12-stdlib:amd64.
firmware (release)	Build toolchain	2026-10-07T23:28:12.4619406Z #6 27.49 Preparing to unpack .../7-libpython3.12-stdlib_3.12.3-1ubuntu0.17_amd64.deb ...
firmware (release)	Build toolchain	2026-10-07T23:28:12.4619944Z #6 27.49 Unpacking libpython3.12-stdlib:amd64 (3.12.3-1ubuntu0.17) ...
firmware (release)	Build toolchain	2026-10-07T23:28:12.4620390Z #6 27.63 Selecting previously unselected package python3.12.
firmware (release)	Build toolchain	2026-10-07T23:28:12.6556549Z #6 27.64 Preparing to unpack .../8-python3.12_3.12.3-1ubuntu0.17_amd64.deb ...
firmware (release)	Build toolchain	2026-10-07T23:28:12.6557139Z #6 27.64 Unpacking python3.12 (3.12.3-1ubuntu0.17) ...
firmware (release)	Build toolchain	2026-10-07T23:28:12.6557926Z #6 27.65 Selecting previously unselected package libpython3-stdlib:amd64.
firmware (release)	Build toolchain	2026-10-07T23:28:12.6558539Z #6 27.66 Preparing to unpack .../9-libpython3-stdlib_3.12.3-0ubuntu2.1_amd64.deb ...
firmware (release)	Build toolchain	2026-10-07T23:28:12.6561717Z #6 27.66 Unpacking libpython3-stdlib:amd64 (3.12.3-0ubuntu2.1) ...
firmware (release)	Build toolchain	2026-10-07T23:28:12.6562213Z #6 27.69 Setting up python3-minimal (3.12.3-0ubuntu2.1) ...
firmware (release)	Build toolchain	2026-10-07T23:28:12.6562653Z #6 27.83 Selecting previously unselected package python3.
firmware (release)	Build toolchain	2026-10-07T23:28:12.7655418Z #6 27.83 (Reading database ... 
firmware (release)	Build toolchain	2026-10-07T23:28:12.7655852Z (Reading database ... 5%
firmware (release)	Build toolchain	2026-10-07T23:28:12.7656152Z (Reading database ... 10%
firmware (release)	Build toolchain	2026-10-07T23:28:12.7656432Z (Reading database ... 15%
firmware (release)	Build toolchain	2026-10-07T23:28:12.7656703Z (Reading database ... 20%
firmware (release)	Build toolchain	2026-10-07T23:28:12.7656976Z (Reading database ... 25%
firmware (release)	Build toolchain	2026-10-07T23:28:12.7657244Z (Reading database ... 30%
firmware (release)	Build toolchain	2026-10-07T23:28:12.7657521Z (Reading database ... 35%
firmware (release)	Build toolchain	2026-10-07T23:28:12.7657800Z (Reading database ... 40%
firmware (release)	Build toolchain	2026-10-07T23:28:12.7658066Z (Reading database ... 45%
firmware (release)	Build toolchain	2026-10-07T23:28:12.7658369Z (Reading database ... 50%
firmware (release)	Build toolchain	2026-10-07T23:28:12.7660011Z (Reading database ... 55%
firmware (release)	Build toolchain	2026-10-07T23:28:12.7660297Z (Reading database ... 60%
firmware (release)	Build toolchain	2026-10-07T23:28:12.7660567Z (Reading database ... 65%
firmware (release)	Build toolchain	2026-10-07T23:28:12.7660748Z (Reading database ... 70%
firmware (release)	Build toolchain	2026-10-07T23:28:12.7660929Z (Reading database ... 75%
firmware (release)	Build toolchain	2026-10-07T23:28:12.7661112Z (Reading database ... 80%
firmware (release)	Build toolchain	2026-10-07T23:28:12.7661299Z (Reading database ... 85%
firmware (release)	Build toolchain	2026-10-07T23:28:12.7661482Z (Reading database ... 90%
firmware (release)	Build toolchain	2026-10-07T23:28:12.7661736Z (Reading database ... 95%
firmware (release)	Build toolchain	2026-10-07T23:28:12.7662004Z (Reading database ... 100%
firmware (release)	Build toolchain	2026-10-07T23:28:12.7662352Z (Reading database ... 5706 files and directories currently installed.)
firmware (release)	Build toolchain	2026-10-07T23:28:12.7662851Z #6 27.83 Preparing to unpack .../000-python3_3.12.3-0ubuntu2.1_amd64.deb ...
firmware (release)	Build toolchain	2026-10-07T23:28:12.7663266Z #6 27.88 Unpacking python3 (3.12.3-0ubuntu2.1) ...
firmware (release)	Build toolchain	2026-10-07T23:28:12.7663922Z #6 27.92 Selecting previously unselected package m4.
firmware (release)	Build toolchain	2026-10-07T23:28:12.7664363Z #6 27.92 Preparing to unpack .../001-m4_1.4.19-4build1_amd64.deb ...
firmware (release)	Build toolchain	2026-10-07T23:28:12.7664836Z #6 27.92 Unpacking m4 (1.4.19-4build1) ...
firmware (release)	Build toolchain	2026-10-07T23:28:12.7665243Z #6 27.94 Selecting previously unselected package flex.
firmware (release)	Build toolchain	2026-10-07T23:28:12.9380988Z #6 27.94 Preparing to unpack .../002-flex_2.6.4-8.2build1_amd64.deb ...
firmware (release)	Build toolchain	2026-10-07T23:28:12.9381557Z #6 27.94 Unpacking flex (2.6.4-8.2build1) ...
firmware (release)	Build toolchain	2026-10-07T23:28:12.9382006Z #6 27.96 Selecting previously unselected package perl-modules-5.38.
firmware (release)	Build toolchain	2026-10-07T23:28:12.9382417Z #6 27.96 Preparing to unpack .../003-perl-modules-5.38_5.38.2-3.2ubuntu0.6_all.deb ...
firmware (release)	Build toolchain	2026-10-07T23:28:12.9382789Z #6 27.96 Unpacking perl-modules-5.38 (5.38.2-3.2ubuntu0.6) ...
firmware (release)	Build toolchain	2026-10-07T23:28:13.0156949Z #6 28.19 Selecting previously unselected package libgdbm6t64:amd64.
firmware (release)	Build toolchain	2026-10-07T23:28:13.2005778Z #6 28.19 Preparing to unpack .../004-libgdbm6t64_1.23-5.1build1_amd64.deb ...
firmware (release)	Build toolchain	2026-10-07T23:28:13.2006332Z #6 28.19 Unpacking libgdbm6t64:amd64 (1.23-5.1build1) ...
firmware (release)	Build toolchain	2026-10-07T23:28:13.2006693Z #6 28.21 Selecting previously unselected package libgdbm-compat4t64:amd64.
firmware (release)	Build toolchain	2026-10-07T23:28:13.2007160Z #6 28.21 Preparing to unpack .../005-libgdbm-compat4t64_1.23-5.1build1_amd64.deb ...
firmware (release)	Build toolchain	2026-10-07T23:28:13.2007519Z #6 28.21 Unpacking libgdbm-compat4t64:amd64 (1.23-5.1build1) ...
firmware (release)	Build toolchain	2026-10-07T23:28:13.2007853Z #6 28.22 Selecting previously unselected package libperl5.38t64:amd64.
firmware (release)	Build toolchain	2026-10-07T23:28:13.2008418Z #6 28.22 Preparing to unpack .../006-libperl5.38t64_5.38.2-3.2ubuntu0.6_amd64.deb ...
firmware (release)	Build toolchain	2026-10-07T23:28:13.2009110Z #6 28.22 Unpacking libperl5.38t64:amd64 (5.38.2-3.2ubuntu0.6) ...
firmware (release)	Build toolchain	2026-10-07T23:28:13.2063817Z #6 28.38 Selecting previously unselected package perl.
firmware (release)	Build toolchain	2026-10-07T23:28:13.3361790Z #6 28.38 Preparing to unpack .../007-perl_5.38.2-3.2ubuntu0.6_amd64.deb ...
firmware (release)	Build toolchain	2026-10-07T23:28:13.3362343Z #6 28.41 Unpacking perl (5.38.2-3.2ubuntu0.6) ...
firmware (release)	Build toolchain	2026-10-07T23:28:13.3362642Z #6 28.44 Selecting previously unselected package openssl.
firmware (release)	Build toolchain	2026-10-07T23:28:13.3363003Z #6 28.44 Preparing to unpack .../008-openssl_3.0.13-0ubuntu3.16_amd64.deb ...
firmware (release)	Build toolchain	2026-10-07T23:28:13.3363685Z #6 28.44 Unpacking openssl (3.0.13-0ubuntu3.16) ...
firmware (release)	Build toolchain	2026-10-07T23:28:13.3363990Z #6 28.47 Selecting previously unselected package ca-certificates.
firmware (release)	Build toolchain	2026-10-07T23:28:13.3364344Z #6 28.48 Preparing to unpack .../009-ca-certificates_20260601~24.04.1_all.deb ...
firmware (release)	Build toolchain	2026-10-07T23:28:13.3364674Z #6 28.48 Unpacking ca-certificates (20260601~24.04.1) ...
firmware (release)	Build toolchain	2026-10-07T23:28:13.3364992Z #6 28.51 Selecting previously unselected package libapparmor1:amd64.
firmware (release)	Build toolchain	2026-10-07T23:28:13.4584886Z #6 28.51 Preparing to unpack .../010-libapparmor1_4.0.1really4.0.1-0ubuntu0.24.04.8_amd64.deb ...
firmware (release)	Build toolchain	2026-10-07T23:28:13.4585586Z #6 28.51 Unpacking libapparmor1:amd64 (4.0.1really4.0.1-0ubuntu0.24.04.8) ...
firmware (release)	Build toolchain	2026-10-07T23:28:13.4585953Z #6 28.52 Selecting previously unselected package libbsd0:amd64.
firmware (release)	Build toolchain	2026-10-07T23:28:13.4586299Z #6 28.52 Preparing to unpack .../011-libbsd0_0.12.1-1build1.1_amd64.deb ...
firmware (release)	Build toolchain	2026-10-07T23:28:13.4586654Z #6 28.53 Unpacking libbsd0:amd64 (0.12.1-1build1.1) ...
firmware (release)	Build toolchain	2026-10-07T23:28:13.4586992Z #6 28.54 Selecting previously unselected package libdbus-1-3:amd64.
firmware (release)	Build toolchain	2026-10-07T23:28:13.4587653Z #6 28.54 Preparing to unpack .../012-libdbus-1-3_1.14.10-4ubuntu4.1_amd64.deb ...
firmware (release)	Build toolchain	2026-10-07T23:28:13.4587987Z #6 28.54 Unpacking libdbus-1-3:amd64 (1.14.10-4ubuntu4.1) ...
firmware (release)	Build toolchain	2026-10-07T23:28:13.4588294Z #6 28.57 Selecting previously unselected package libelf1t64:amd64.
firmware (release)	Build toolchain	2026-10-07T23:28:13.4588646Z #6 28.57 Preparing to unpack .../013-libelf1t64_0.190-1.1ubuntu0.1_amd64.deb ...
firmware (release)	Build toolchain	2026-10-07T23:28:13.4589164Z #6 28.57 Unpacking libelf1t64:amd64 (0.190-1.1ubuntu0.1) ...
firmware (release)	Build toolchain	2026-10-07T23:28:13.4589496Z #6 28.59 Selecting previously unselected package libglib2.0-0t64:amd64.
firmware (release)	Build toolchain	2026-10-07T23:28:13.4589885Z #6 28.59 Preparing to unpack .../014-libglib2.0-0t64_2.80.0-6ubuntu3.9_amd64.deb ...
firmware (release)	Build toolchain	2026-10-07T23:28:13.4590237Z #6 28.60 Unpacking libglib2.0-0t64:amd64 (2.80.0-6ubuntu3.9) ...
firmware (release)	Build toolchain	2026-10-07T23:28:13.4590564Z #6 28.63 Selecting previously unselected package libkrb5support0:amd64.
firmware (release)	Build toolchain	2026-10-07T23:28:13.6895309Z #6 28.63 Preparing to unpack .../015-libkrb5support0_1.20.1-6ubuntu2.10_amd64.deb ...
firmware (release)	Build toolchain	2026-10-07T23:28:13.6896060Z #6 28.63 Unpacking libkrb5support0:amd64 (1.20.1-6ubuntu2.10) ...
firmware (release)	Build toolchain	2026-10-07T23:28:13.6896583Z #6 28.65 Selecting previously unselected package libk5crypto3:amd64.
firmware (release)	Build toolchain	2026-10-07T23:28:13.6897152Z #6 28.65 Preparing to unpack .../016-libk5crypto3_1.20.1-6ubuntu2.10_amd64.deb ...
firmware (release)	Build toolchain	2026-10-07T23:28:13.6897699Z #6 28.65 Unpacking libk5crypto3:amd64 (1.20.1-6ubuntu2.10) ...
firmware (release)	Build toolchain	2026-10-07T23:28:13.6898080Z #6 28.66 Selecting previously unselected package libkeyutils1:amd64.
firmware (release)	Build toolchain	2026-10-07T23:28:13.6898430Z #6 28.66 Preparing to unpack .../017-libkeyutils1_1.6.3-3build1_amd64.deb ...
firmware (release)	Build toolchain	2026-10-07T23:28:13.6898751Z #6 28.66 Unpacking libkeyutils1:amd64 (1.6.3-3build1) ...
firmware (release)	Build toolchain	2026-10-07T23:28:13.6899235Z #6 28.68 Selecting previously unselected package libkrb5-3:amd64.
firmware (release)	Build toolchain	2026-10-07T23:28:13.6899582Z #6 28.68 Preparing to unpack .../018-libkrb5-3_1.20.1-6ubuntu2.10_amd64.deb ...
firmware (release)	Build toolchain	2026-10-07T23:28:13.6899906Z #6 28.68 Unpacking libkrb5-3:amd64 (1.20.1-6ubuntu2.10) ...
firmware (release)	Build toolchain	2026-10-07T23:28:13.6900281Z #6 28.70 Selecting previously unselected package libgssapi-krb5-2:amd64.
firmware (release)	Build toolchain	2026-10-07T23:28:13.6900666Z #6 28.70 Preparing to unpack .../019-libgssapi-krb5-2_1.20.1-6ubuntu2.10_amd64.deb ...
firmware (release)	Build toolchain	2026-10-07T23:28:13.6901031Z #6 28.70 Unpacking libgssapi-krb5-2:amd64 (1.20.1-6ubuntu2.10) ...
firmware (release)	Build toolchain	2026-10-07T23:28:13.6901348Z #6 28.71 Selecting previously unselected package libicu74:amd64.
firmware (release)	Build toolchain	2026-10-07T23:28:13.6901696Z #6 28.71 Preparing to unpack .../020-libicu74_74.2-1ubuntu3.1_amd64.deb ...
firmware (release)	Build toolchain	2026-10-07T23:28:13.6902008Z #6 28.71 Unpacking libicu74:amd64 (74.2-1ubuntu3.1) ...
firmware (release)	Build toolchain	2026-10-07T23:28:13.6902307Z #6 28.86 Selecting previously unselected package libxml2:amd64.
firmware (release)	Build toolchain	2026-10-07T23:28:13.7898148Z #6 28.86 Preparing to unpack .../021-libxml2_2.9.14+dfsg-1.3ubuntu3.9_amd64.deb ...
firmware (release)	Build toolchain	2026-10-07T23:28:13.7899163Z #6 28.86 Unpacking libxml2:amd64 (2.9.14+dfsg-1.3ubuntu3.9) ...
firmware (release)	Build toolchain	2026-10-07T23:28:13.7899933Z #6 28.88 Selecting previously unselected package xkb-data.
firmware (release)	Build toolchain	2026-10-07T23:28:13.7901126Z #6 28.88 Preparing to unpack .../022-xkb-data_2.41-2ubuntu1.1_all.deb ...
firmware (release)	Build toolchain	2026-10-07T23:28:13.7901834Z #6 28.89 Unpacking xkb-data (2.41-2ubuntu1.1) ...
firmware (release)	Build toolchain	2026-10-07T23:28:13.7902570Z #6 28.95 Selecting previously unselected package libdrm-common.
firmware (release)	Build toolchain	2026-10-07T23:28:13.7903328Z #6 28.95 Preparing to unpack .../023-libdrm-common_2.4.125-1ubuntu0.1~24.04.2_all.deb ...
firmware (release)	Build toolchain	2026-10-07T23:28:13.7903969Z #6 28.95 Unpacking libdrm-common (2.4.125-1ubuntu0.1~24.04.2) ...
firmware (release)	Build toolchain	2026-10-07T23:28:13.7904439Z #6 28.96 Selecting previously unselected package libdrm2:amd64.
firmware (release)	Build toolchain	2026-10-07T23:28:13.7904940Z #6 28.96 Preparing to unpack .../024-libdrm2_2.4.125-1ubuntu0.1~24.04.2_amd64.deb ...
firmware (release)	Build toolchain	2026-10-07T23:28:13.7905415Z #6 28.96 Unpacking libdrm2:amd64 (2.4.125-1ubuntu0.1~24.04.2) ...
firmware (release)	Build toolchain	2026-10-07T23:28:13.8907316Z #6 28.98 Selecting previously unselected package libedit2:amd64.
firmware (release)	Build toolchain	2026-10-07T23:28:13.8907885Z #6 28.98 Preparing to unpack .../025-libedit2_3.1-20230828-1build1_amd64.deb ...
firmware (release)	Build toolchain	2026-10-07T23:28:13.8908253Z #6 28.98 Unpacking libedit2:amd64 (3.1-20230828-1build1) ...
firmware (release)	Build toolchain	2026-10-07T23:28:13.8909837Z #6 29.01 Selecting previously unselected package libfuse3-3:amd64.
firmware (release)	Build toolchain	2026-10-07T23:28:13.8910243Z #6 29.02 Preparing to unpack .../026-libfuse3-3_3.14.0-5build1_amd64.deb ...
firmware (release)	Build toolchain	2026-10-07T23:28:13.8910707Z #6 29.02 Unpacking libfuse3-3:amd64 (3.14.0-5build1) ...
firmware (release)	Build toolchain	2026-10-07T23:28:13.8911161Z #6 29.03 Selecting previously unselected package libjansson4:amd64.
firmware (release)	Build toolchain	2026-10-07T23:28:13.8911685Z #6 29.03 Preparing to unpack .../027-libjansson4_2.14-2build2_amd64.deb ...
firmware (release)	Build toolchain	2026-10-07T23:28:13.8912260Z #6 29.03 Unpacking libjansson4:amd64 (2.14-2build2) ...
firmware (release)	Build toolchain	2026-10-07T23:28:13.8912777Z #6 29.04 Selecting previously unselected package libnghttp2-14:amd64.
firmware (release)	Build toolchain	2026-10-07T23:28:13.8913270Z #6 29.05 Preparing to unpack .../028-libnghttp2-14_1.59.0-1ubuntu0.4_amd64.deb ...
firmware (release)	Build toolchain	2026-10-07T23:28:13.8913644Z #6 29.05 Unpacking libnghttp2-14:amd64 (1.59.0-1ubuntu0.4) ...
firmware (release)	Build toolchain	2026-10-07T23:28:13.8913966Z #6 29.06 Selecting previously unselected package libnuma1:amd64.
firmware (release)	Build toolchain	2026-10-07T23:28:13.8914334Z #6 29.06 Preparing to unpack .../029-libnuma1_2.0.18-1ubuntu0.24.04.1_amd64.deb ...
firmware (release)	Build toolchain	2026-10-07T23:28:13.9936971Z #6 29.06 Unpacking libnuma1:amd64 (2.0.18-1ubuntu0.24.04.1) ...
firmware (release)	Build toolchain	2026-10-07T23:28:13.9937481Z #6 29.08 Selecting previously unselected package libpng16-16t64:amd64.
firmware (release)	Build toolchain	2026-10-07T23:28:13.9937893Z #6 29.08 Preparing to unpack .../030-libpng16-16t64_1.6.43-5ubuntu0.6_amd64.deb ...
firmware (release)	Build toolchain	2026-10-07T23:28:13.9938260Z #6 29.08 Unpacking libpng16-16t64:amd64 (1.6.43-5ubuntu0.6) ...
firmware (release)	Build toolchain	2026-10-07T23:28:13.9938585Z #6 29.09 Selecting previously unselected package libpsl5t64:amd64.
firmware (release)	Build toolchain	2026-10-07T23:28:13.9939141Z #6 29.09 Preparing to unpack .../031-libpsl5t64_0.21.2-1.1build1_amd64.deb ...
firmware (release)	Build toolchain	2026-10-07T23:28:13.9939512Z #6 29.09 Unpacking libpsl5t64:amd64 (0.21.2-1.1build1) ...
firmware (release)	Build toolchain	2026-10-07T23:28:13.9939831Z #6 29.11 Selecting previously unselected package libsensors-config.
firmware (release)	Build toolchain	2026-10-07T23:28:13.9940198Z #6 29.11 Preparing to unpack .../032-libsensors-config_1%3a3.6.0-9build1_all.deb ...
firmware (release)	Build toolchain	2026-10-07T23:28:13.9940577Z #6 29.11 Unpacking libsensors-config (1:3.6.0-9build1) ...
firmware (release)	Build toolchain	2026-10-07T23:28:13.9940897Z #6 29.12 Selecting previously unselected package libsensors5:amd64.
firmware (release)	Build toolchain	2026-10-07T23:28:13.9941240Z #6 29.13 Preparing to unpack .../033-libsensors5_1%3a3.6.0-9build1_amd64.deb ...
firmware (release)	Build toolchain	2026-10-07T23:28:13.9941573Z #6 29.17 Unpacking libsensors5:amd64 (1:3.6.0-9build1) ...
firmware (release)	Build toolchain	2026-10-07T23:28:14.1033729Z #6 29.18 Selecting previously unselected package libuv1t64:amd64.
firmware (release)	Build toolchain	2026-10-07T23:28:14.1034544Z #6 29.18 Preparing to unpack .../034-libuv1t64_1.48.0-1.1build1_amd64.deb ...
firmware (release)	Build toolchain	2026-10-07T23:28:14.1035066Z #6 29.18 Unpacking libuv1t64:amd64 (1.48.0-1.1build1) ...
firmware (release)	Build toolchain	2026-10-07T23:28:14.1035390Z #6 29.20 Selecting previously unselected package libxau6:amd64.
firmware (release)	Build toolchain	2026-10-07T23:28:14.1035767Z #6 29.20 Preparing to unpack .../035-libxau6_1%3a1.0.9-1build6_amd64.deb ...
firmware (release)	Build toolchain	2026-10-07T23:28:14.1036087Z #6 29.20 Unpacking libxau6:amd64 (1:1.0.9-1build6) ...
firmware (release)	Build toolchain	2026-10-07T23:28:14.1036388Z #6 29.24 Selecting previously unselected package libxdmcp6:amd64.
firmware (release)	Build toolchain	2026-10-07T23:28:14.1037005Z #6 29.24 Preparing to unpack .../036-libxdmcp6_1%3a1.1.3-0ubuntu6_amd64.deb ...
firmware (release)	Build toolchain	2026-10-07T23:28:14.1037327Z #6 29.25 Unpacking libxdmcp6:amd64 (1:1.1.3-0ubuntu6) ...
firmware (release)	Build toolchain	2026-10-07T23:28:14.1037622Z #6 29.26 Selecting previously unselected package libxcb1:amd64.
firmware (release)	Build toolchain	2026-10-07T23:28:14.1037943Z #6 29.26 Preparing to unpack .../037-libxcb1_1.15-1ubuntu2_amd64.deb ...
firmware (release)	Build toolchain	2026-10-07T23:28:14.1038236Z #6 29.26 Unpacking libxcb1:amd64 (1.15-1ubuntu2) ...
firmware (release)	Build toolchain	2026-10-07T23:28:14.1038516Z #6 29.28 Selecting previously unselected package libx11-data.
firmware (release)	Build toolchain	2026-10-07T23:28:14.2073848Z #6 29.28 Preparing to unpack .../038-libx11-data_2%3a1.8.7-1build1_all.deb ...
firmware (release)	Build toolchain	2026-10-07T23:28:14.2074424Z #6 29.28 Unpacking libx11-data (2:1.8.7-1build1) ...
firmware (release)	Build toolchain	2026-10-07T23:28:14.2074824Z #6 29.33 Selecting previously unselected package libx11-6:amd64.
firmware (release)	Build toolchain	2026-10-07T23:28:14.2075293Z #6 29.33 Preparing to unpack .../039-libx11-6_2%3a1.8.7-1build1_amd64.deb ...
firmware (release)	Build toolchain	2026-10-07T23:28:14.2075723Z #6 29.33 Unpacking libx11-6:amd64 (2:1.8.7-1build1) ...
firmware (release)	Build toolchain	2026-10-07T23:28:14.2076409Z #6 29.35 Selecting previously unselected package libxext6:amd64.
firmware (release)	Build toolchain	2026-10-07T23:28:14.2076854Z #6 29.35 Preparing to unpack .../040-libxext6_2%3a1.3.4-1build2_amd64.deb ...
firmware (release)	Build toolchain	2026-10-07T23:28:14.2077266Z #6 29.35 Unpacking libxext6:amd64 (2:1.3.4-1build2) ...
firmware (release)	Build toolchain	2026-10-07T23:28:14.2077643Z #6 29.36 Selecting previously unselected package libxmuu1:amd64.
firmware (release)	Build toolchain	2026-10-07T23:28:14.2078074Z #6 29.37 Preparing to unpack .../041-libxmuu1_2%3a1.1.3-3build2_amd64.deb ...
firmware (release)	Build toolchain	2026-10-07T23:28:14.2078487Z #6 29.37 Unpacking libxmuu1:amd64 (2:1.1.3-3build2) ...
firmware (release)	Build toolchain	2026-10-07T23:28:14.2078832Z #6 29.38 Selecting previously unselected package xauth.
firmware (release)	Build toolchain	2026-10-07T23:28:14.3157107Z #6 29.38 Preparing to unpack .../042-xauth_1%3a1.1.2-1build1_amd64.deb ...
firmware (release)	Build toolchain	2026-10-07T23:28:14.3157522Z #6 29.38 Unpacking xauth (1:1.1.2-1build1) ...
firmware (release)	Build toolchain	2026-10-07T23:28:14.3157823Z #6 29.40 Selecting previously unselected package xz-utils.
firmware (release)	Build toolchain	2026-10-07T23:28:14.3158187Z #6 29.40 Preparing to unpack .../043-xz-utils_5.6.1+really5.4.5-1ubuntu0.3_amd64.deb ...
firmware (release)	Build toolchain	2026-10-07T23:28:14.3158609Z #6 29.40 Unpacking xz-utils (5.6.1+really5.4.5-1ubuntu0.3) ...
firmware (release)	Build toolchain	2026-10-07T23:28:14.3160094Z #6 29.47 Selecting previously unselected package binutils-common:amd64.
firmware (release)	Build toolchain	2026-10-07T23:28:14.3160504Z #6 29.47 Preparing to unpack .../044-binutils-common_2.42-4ubuntu2.10_amd64.deb ...
firmware (release)	Build toolchain	2026-10-07T23:28:14.3160865Z #6 29.47 Unpacking binutils-common:amd64 (2.42-4ubuntu2.10) ...
firmware (release)	Build toolchain	2026-10-07T23:28:14.3161188Z #6 29.49 Selecting previously unselected package libsframe1:amd64.
firmware (release)	Build toolchain	2026-10-07T23:28:14.4167486Z #6 29.49 Preparing to unpack .../045-libsframe1_2.42-4ubuntu2.10_amd64.deb ...
firmware (release)	Build toolchain	2026-10-07T23:28:14.4168079Z #6 29.49 Unpacking libsframe1:amd64 (2.42-4ubuntu2.10) ...
firmware (release)	Build toolchain	2026-10-07T23:28:14.4170743Z #6 29.50 Selecting previously unselected package libbinutils:amd64.
firmware (release)	Build toolchain	2026-10-07T23:28:14.4171298Z #6 29.50 Preparing to unpack .../046-libbinutils_2.42-4ubuntu2.10_amd64.deb ...
firmware (release)	Build toolchain	2026-10-07T23:28:14.4171818Z #6 29.55 Unpacking libbinutils:amd64 (2.42-4ubuntu2.10) ...
firmware (release)	Build toolchain	2026-10-07T23:28:14.4172339Z #6 29.57 Selecting previously unselected package libctf-nobfd0:amd64.
firmware (release)	Build toolchain	2026-10-07T23:28:14.4172981Z #6 29.57 Preparing to unpack .../047-libctf-nobfd0_2.42-4ubuntu2.10_amd64.deb ...
firmware (release)	Build toolchain	2026-10-07T23:28:14.4173590Z #6 29.57 Unpacking libctf-nobfd0:amd64 (2.42-4ubuntu2.10) ...
firmware (release)	Build toolchain	2026-10-07T23:28:14.4174058Z #6 29.59 Selecting previously unselected package libctf0:amd64.
firmware (release)	Build toolchain	2026-10-07T23:28:14.4174402Z #6 29.59 Preparing to unpack .../048-libctf0_2.42-4ubuntu2.10_amd64.deb ...
firmware (release)	Build toolchain	2026-10-07T23:28:14.5324330Z #6 29.59 Unpacking libctf0:amd64 (2.42-4ubuntu2.10) ...
firmware (release)	Build toolchain	2026-10-07T23:28:14.5324972Z #6 29.60 Selecting previously unselected package libgprofng0:amd64.
firmware (release)	Build toolchain	2026-10-07T23:28:14.5325773Z #6 29.61 Preparing to unpack .../049-libgprofng0_2.42-4ubuntu2.10_amd64.deb ...
firmware (release)	Build toolchain	2026-10-07T23:28:14.5326430Z #6 29.61 Unpacking libgprofng0:amd64 (2.42-4ubuntu2.10) ...
firmware (release)	Build toolchain	2026-10-07T23:28:14.5326944Z #6 29.63 Selecting previously unselected package binutils-x86-64-linux-gnu.
firmware (release)	Build toolchain	2026-10-07T23:28:14.5327917Z #6 29.64 Preparing to unpack .../050-binutils-x86-64-linux-gnu_2.42-4ubuntu2.10_amd64.deb ...
firmware (release)	Build toolchain	2026-10-07T23:28:14.5329135Z #6 29.64 Unpacking binutils-x86-64-linux-gnu (2.42-4ubuntu2.10) ...
firmware (release)	Build toolchain	2026-10-07T23:28:14.5329518Z #6 29.70 Selecting previously unselected package binutils.
firmware (release)	Build toolchain	2026-10-07T23:28:14.6467522Z #6 29.71 Preparing to unpack .../051-binutils_2.42-4ubuntu2.10_amd64.deb ...
firmware (release)	Build toolchain	2026-10-07T23:28:14.6467945Z #6 29.71 Unpacking binutils (2.42-4ubuntu2.10) ...
firmware (release)	Build toolchain	2026-10-07T23:28:14.6468230Z #6 29.72 Selecting previously unselected package bison.
firmware (release)	Build toolchain	2026-10-07T23:28:14.6468607Z #6 29.72 Preparing to unpack .../052-bison_2%3a3.8.2+dfsg-1ubuntu0.24.04.1_amd64.deb ...
firmware (release)	Build toolchain	2026-10-07T23:28:14.6469415Z #6 29.73 Unpacking bison (2:3.8.2+dfsg-1ubuntu0.24.04.1) ...
firmware (release)	Build toolchain	2026-10-07T23:28:14.6469770Z #6 29.75 Selecting previously unselected package libhiredis1.1.0:amd64.
firmware (release)	Build toolchain	2026-10-07T23:28:14.6470137Z #6 29.76 Preparing to unpack .../053-libhiredis1.1.0_1.2.0-6ubuntu3_amd64.deb ...
firmware (release)	Build toolchain	2026-10-07T23:28:14.6470495Z #6 29.76 Unpacking libhiredis1.1.0:amd64 (1.2.0-6ubuntu3) ...
firmware (release)	Build toolchain	2026-10-07T23:28:14.6471055Z #6 29.77 Selecting previously unselected package ccache.
firmware (release)	Build toolchain	2026-10-07T23:28:14.6471360Z #6 29.78 Preparing to unpack .../054-ccache_4.9.1-1_amd64.deb ...
firmware (release)	Build toolchain	2026-10-07T23:28:14.6471634Z #6 29.78 Unpacking ccache (4.9.1-1) ...
firmware (release)	Build toolchain	2026-10-07T23:28:14.6471915Z #6 29.80 Selecting previously unselected package libarchive13t64:amd64.
firmware (release)	Build toolchain	2026-10-07T23:28:14.6472293Z #6 29.80 Preparing to unpack .../055-libarchive13t64_3.7.2-2ubuntu0.8_amd64.deb ...
firmware (release)	Build toolchain	2026-10-07T23:28:14.6472639Z #6 29.80 Unpacking libarchive13t64:amd64 (3.7.2-2ubuntu0.8) ...
firmware (release)	Build toolchain	2026-10-07T23:28:14.6472953Z #6 29.82 Selecting previously unselected package libbrotli1:amd64.
firmware (release)	Build toolchain	2026-10-07T23:28:14.7488147Z #6 29.82 Preparing to unpack .../056-libbrotli1_1.1.0-2build2_amd64.deb ...
firmware (release)	Build toolchain	2026-10-07T23:28:14.7488728Z #6 29.82 Unpacking libbrotli1:amd64 (1.1.0-2build2) ...
firmware (release)	Build toolchain	2026-10-07T23:28:14.7489248Z #6 29.84 Selecting previously unselected package libsasl2-modules-db:amd64.
firmware (release)	Build toolchain	2026-10-07T23:28:14.7489705Z #6 29.84 Preparing to unpack .../057-libsasl2-modules-db_2.1.28+dfsg1-5ubuntu3.1_amd64.deb ...
firmware (release)	Build toolchain	2026-10-07T23:28:14.7490170Z #6 29.84 Unpacking libsasl2-modules-db:amd64 (2.1.28+dfsg1-5ubuntu3.1) ...
firmware (release)	Build toolchain	2026-10-07T23:28:14.7490524Z #6 29.85 Selecting previously unselected package libsasl2-2:amd64.
firmware (release)	Build toolchain	2026-10-07T23:28:14.7490890Z #6 29.85 Preparing to unpack .../058-libsasl2-2_2.1.28+dfsg1-5ubuntu3.1_amd64.deb ...
firmware (release)	Build toolchain	2026-10-07T23:28:14.7491246Z #6 29.85 Unpacking libsasl2-2:amd64 (2.1.28+dfsg1-5ubuntu3.1) ...
firmware (release)	Build toolchain	2026-10-07T23:28:14.7491561Z #6 29.87 Selecting previously unselected package libldap2:amd64.
firmware (release)	Build toolchain	2026-10-07T23:28:14.7491921Z #6 29.87 Preparing to unpack .../059-libldap2_2.6.10+dfsg-0ubuntu0.24.04.1_amd64.deb ...
firmware (release)	Build toolchain	2026-10-07T23:28:14.7492284Z #6 29.87 Unpacking libldap2:amd64 (2.6.10+dfsg-0ubuntu0.24.04.1) ...
firmware (release)	Build toolchain	2026-10-07T23:28:14.7492596Z #6 29.89 Selecting previously unselected package librtmp1:amd64.
firmware (release)	Build toolchain	2026-10-07T23:28:14.7492968Z #6 29.89 Preparing to unpack .../060-librtmp1_2.4+20151223.gitfa8646d.1-2build7_amd64.deb ...
firmware (release)	Build toolchain	2026-10-07T23:28:14.7493358Z #6 29.91 Unpacking librtmp1:amd64 (2.4+20151223.gitfa8646d.1-2build7) ...
firmware (release)	Build toolchain	2026-10-07T23:28:14.7493695Z #6 29.92 Selecting previously unselected package libssh-4:amd64.
firmware (release)	Build toolchain	2026-10-07T23:28:14.9777865Z #6 29.92 Preparing to unpack .../061-libssh-4_0.10.6-2ubuntu0.5_amd64.deb ...
firmware (release)	Build toolchain	2026-10-07T23:28:14.9778508Z #6 29.92 Unpacking libssh-4:amd64 (0.10.6-2ubuntu0.5) ...
firmware (release)	Build toolchain	2026-10-07T23:28:14.9779186Z #6 29.94 Selecting previously unselected package libcurl4t64:amd64.
firmware (release)	Build toolchain	2026-10-07T23:28:14.9779753Z #6 29.94 Preparing to unpack .../062-libcurl4t64_8.5.0-2ubuntu10.15_amd64.deb ...
firmware (release)	Build toolchain	2026-10-07T23:28:14.9780282Z #6 29.94 Unpacking libcurl4t64:amd64 (8.5.0-2ubuntu10.15) ...
firmware (release)	Build toolchain	2026-10-07T23:28:14.9780768Z #6 29.96 Selecting previously unselected package libjsoncpp25:amd64.
firmware (release)	Build toolchain	2026-10-07T23:28:14.9781311Z #6 29.96 Preparing to unpack .../063-libjsoncpp25_1.9.5-6build1_amd64.deb ...
firmware (release)	Build toolchain	2026-10-07T23:28:14.9781812Z #6 29.96 Unpacking libjsoncpp25:amd64 (1.9.5-6build1) ...
firmware (release)	Build toolchain	2026-10-07T23:28:14.9782277Z #6 29.97 Selecting previously unselected package librhash0:amd64.
firmware (release)	Build toolchain	2026-10-07T23:28:14.9783146Z #6 29.98 Preparing to unpack .../064-librhash0_1.4.3-3build1_amd64.deb ...
firmware (release)	Build toolchain	2026-10-07T23:28:14.9783626Z #6 29.98 Unpacking librhash0:amd64 (1.4.3-3build1) ...
firmware (release)	Build toolchain	2026-10-07T23:28:14.9784062Z #6 29.99 Selecting previously unselected package cmake-data.
firmware (release)	Build toolchain	2026-10-07T23:28:14.9784558Z #6 29.99 Preparing to unpack .../065-cmake-data_3.28.3-1build7_all.deb ...
firmware (release)	Build toolchain	2026-10-07T23:28:14.9785027Z #6 30.00 Unpacking cmake-data (3.28.3-1build7) ...
firmware (release)	Build toolchain	2026-10-07T23:28:15.2519577Z #6 30.42 Selecting previously unselected package cmake.
firmware (release)	Build toolchain	2026-10-07T23:28:15.4059997Z #6 30.43 Preparing to unpack .../066-cmake_3.28.3-1build7_amd64.deb ...
firmware (release)	Build toolchain	2026-10-07T23:28:15.4060419Z #6 30.43 Unpacking cmake (3.28.3-1build7) ...
firmware (release)	Build toolchain	2026-10-07T23:28:15.4184337Z #6 30.59 Selecting previously unselected package gcc-13-base:amd64.
firmware (release)	Build toolchain	2026-10-07T23:28:15.5185924Z #6 30.59 Preparing to unpack .../067-gcc-13-base_13.3.0-6ubuntu2~24.04.1_amd64.deb ...
firmware (release)	Build toolchain	2026-10-07T23:28:15.5187642Z #6 30.59 Unpacking gcc-13-base:amd64 (13.3.0-6ubuntu2~24.04.1) ...
firmware (release)	Build toolchain	2026-10-07T23:28:15.5188250Z #6 30.61 Selecting previously unselected package libisl23:amd64.
firmware (release)	Build toolchain	2026-10-07T23:28:15.5188727Z #6 30.61 Preparing to unpack .../068-libisl23_0.26-3build1.1_amd64.deb ...
firmware (release)	Build toolchain	2026-10-07T23:28:15.5189243Z #6 30.61 Unpacking libisl23:amd64 (0.26-3build1.1) ...
firmware (release)	Build toolchain	2026-10-07T23:28:15.5189542Z #6 30.64 Selecting previously unselected package libmpfr6:amd64.
firmware (release)	Build toolchain	2026-10-07T23:28:15.5189944Z #6 30.65 Preparing to unpack .../069-libmpfr6_4.2.1-1build1.1_amd64.deb ...
firmware (release)	Build toolchain	2026-10-07T23:28:15.5190445Z #6 30.65 Unpacking libmpfr6:amd64 (4.2.1-1build1.1) ...
firmware (release)	Build toolchain	2026-10-07T23:28:15.5190896Z #6 30.67 Selecting previously unselected package libmpc3:amd64.
firmware (release)	Build toolchain	2026-10-07T23:28:15.5191662Z #6 30.67 Preparing to unpack .../070-libmpc3_1.3.1-1build1.1_amd64.deb ...
firmware (release)	Build toolchain	2026-10-07T23:28:15.5192406Z #6 30.67 Unpacking libmpc3:amd64 (1.3.1-1build1.1) ...
firmware (release)	Build toolchain	2026-10-07T23:28:15.5193018Z #6 30.69 Selecting previously unselected package cpp-13-x86-64-linux-gnu.
firmware (release)	Build toolchain	2026-10-07T23:28:15.5193573Z #6 30.69 Preparing to unpack .../071-cpp-13-x86-64-linux-gnu_13.3.0-6ubuntu2~24.04.1_amd64.deb ...
firmware (release)	Build toolchain	2026-10-07T23:28:15.6510546Z #6 30.69 Unpacking cpp-13-x86-64-linux-gnu (13.3.0-6ubuntu2~24.04.1) ...
firmware (release)	Build toolchain	2026-10-07T23:28:15.6511487Z #6 30.82 Selecting previously unselected package cpp-13.
firmware (release)	Build toolchain	2026-10-07T23:28:15.7505722Z #6 30.82 Preparing to unpack .../072-cpp-13_13.3.0-6ubuntu2~24.04.1_amd64.deb ...
firmware (release)	Build toolchain	2026-10-07T23:28:15.7506355Z #6 30.83 Unpacking cpp-13 (13.3.0-6ubuntu2~24.04.1) ...
firmware (release)	Build toolchain	2026-10-07T23:28:15.7506753Z #6 30.84 Selecting previously unselected package cpp-x86-64-linux-gnu.
firmware (release)	Build toolchain	2026-10-07T23:28:15.7507807Z #6 30.84 Preparing to unpack .../073-cpp-x86-64-linux-gnu_4%3a13.2.0-7ubuntu1_amd64.deb ...
firmware (release)	Build toolchain	2026-10-07T23:28:15.7508242Z #6 30.84 Unpacking cpp-x86-64-linux-gnu (4:13.2.0-7ubuntu1) ...
firmware (release)	Build toolchain	2026-10-07T23:28:15.7508541Z #6 30.85 Selecting previously unselected package cpp.
firmware (release)	Build toolchain	2026-10-07T23:28:15.7509018Z #6 30.85 Preparing to unpack .../074-cpp_4%3a13.2.0-7ubuntu1_amd64.deb ...
firmware (release)	Build toolchain	2026-10-07T23:28:15.7509361Z #6 30.86 Unpacking cpp (4:13.2.0-7ubuntu1) ...
firmware (release)	Build toolchain	2026-10-07T23:28:15.7509640Z #6 30.87 Selecting previously unselected package curl.
firmware (release)	Build toolchain	2026-10-07T23:28:15.7509971Z #6 30.87 Preparing to unpack .../075-curl_8.5.0-2ubuntu10.15_amd64.deb ...
firmware (release)	Build toolchain	2026-10-07T23:28:15.7510282Z #6 30.87 Unpacking curl (8.5.0-2ubuntu10.15) ...
firmware (release)	Build toolchain	2026-10-07T23:28:15.7510560Z #6 30.89 Selecting previously unselected package libcc1-0:amd64.
firmware (release)	Build toolchain	2026-10-07T23:28:15.7510931Z #6 30.89 Preparing to unpack .../076-libcc1-0_14.2.0-4ubuntu2~24.04.1_amd64.deb ...
firmware (release)	Build toolchain	2026-10-07T23:28:15.7511291Z #6 30.89 Unpacking libcc1-0:amd64 (14.2.0-4ubuntu2~24.04.1) ...
firmware (release)	Build toolchain	2026-10-07T23:28:15.7511604Z #6 30.90 Selecting previously unselected package libgomp1:amd64.
firmware (release)	Build toolchain	2026-10-07T23:28:15.7511958Z #6 30.90 Preparing to unpack .../077-libgomp1_14.2.0-4ubuntu2~24.04.1_amd64.deb ...
firmware (release)	Build toolchain	2026-10-07T23:28:15.7512297Z #6 30.91 Unpacking libgomp1:amd64 (14.2.0-4ubuntu2~24.04.1) ...
firmware (release)	Build toolchain	2026-10-07T23:28:15.7512602Z #6 30.92 Selecting previously unselected package libitm1:amd64.
firmware (release)	Build toolchain	2026-10-07T23:28:15.7513228Z #6 30.92 Preparing to unpack .../078-libitm1_14.2.0-4ubuntu2~24.04.1_amd64.deb ...
firmware (release)	Build toolchain	2026-10-07T23:28:15.7513573Z #6 30.92 Unpacking libitm1:amd64 (14.2.0-4ubuntu2~24.04.1) ...
firmware (release)	Build toolchain	2026-10-07T23:28:15.8741498Z #6 30.94 Selecting previously unselected package libatomic1:amd64.
firmware (release)	Build toolchain	2026-10-07T23:28:15.8742128Z #6 30.94 Preparing to unpack .../079-libatomic1_14.2.0-4ubuntu2~24.04.1_amd64.deb ...
firmware (release)	Build toolchain	2026-10-07T23:28:15.8742651Z #6 30.94 Unpacking libatomic1:amd64 (14.2.0-4ubuntu2~24.04.1) ...
firmware (release)	Build toolchain	2026-10-07T23:28:15.8743091Z #6 30.96 Selecting previously unselected package libasan8:amd64.
firmware (release)	Build toolchain	2026-10-07T23:28:15.8743590Z #6 30.96 Preparing to unpack .../080-libasan8_14.2.0-4ubuntu2~24.04.1_amd64.deb ...
firmware (release)	Build toolchain	2026-10-07T23:28:15.8744054Z #6 30.96 Unpacking libasan8:amd64 (14.2.0-4ubuntu2~24.04.1) ...
firmware (release)	Build toolchain	2026-10-07T23:28:15.8744486Z #6 31.01 Selecting previously unselected package liblsan0:amd64.
firmware (release)	Build toolchain	2026-10-07T23:28:15.8744948Z #6 31.02 Preparing to unpack .../081-liblsan0_14.2.0-4ubuntu2~24.04.1_amd64.deb ...
firmware (release)	Build toolchain	2026-10-07T23:28:15.8745445Z #6 31.02 Unpacking liblsan0:amd64 (14.2.0-4ubuntu2~24.04.1) ...
firmware (release)	Build toolchain	2026-10-07T23:28:15.8746147Z #6 31.05 Selecting previously unselected package libtsan2:amd64.
firmware (release)	Build toolchain	2026-10-07T23:28:15.9913402Z #6 31.05 Preparing to unpack .../082-libtsan2_14.2.0-4ubuntu2~24.04.1_amd64.deb ...
firmware (release)	Build toolchain	2026-10-07T23:28:15.9914612Z #6 31.05 Unpacking libtsan2:amd64 (14.2.0-4ubuntu2~24.04.1) ...
firmware (release)	Build toolchain	2026-10-07T23:28:15.9915269Z #6 31.09 Selecting previously unselected package libubsan1:amd64.
firmware (release)	Build toolchain	2026-10-07T23:28:15.9915694Z #6 31.10 Preparing to unpack .../083-libubsan1_14.2.0-4ubuntu2~24.04.1_amd64.deb ...
firmware (release)	Build toolchain	2026-10-07T23:28:15.9916073Z #6 31.10 Unpacking libubsan1:amd64 (14.2.0-4ubuntu2~24.04.1) ...
firmware (release)	Build toolchain	2026-10-07T23:28:15.9916391Z #6 31.16 Selecting previously unselected package libhwasan0:amd64.
firmware (release)	Build toolchain	2026-10-07T23:28:16.1510479Z #6 31.17 Preparing to unpack .../084-libhwasan0_14.2.0-4ubuntu2~24.04.1_amd64.deb ...
firmware (release)	Build toolchain	2026-10-07T23:28:16.1510975Z #6 31.17 Unpacking libhwasan0:amd64 (14.2.0-4ubuntu2~24.04.1) ...
firmware (release)	Build toolchain	2026-10-07T23:28:16.1511319Z #6 31.20 Selecting previously unselected package libquadmath0:amd64.
firmware (release)	Build toolchain	2026-10-07T23:28:16.1511921Z #6 31.20 Preparing to unpack .../085-libquadmath0_14.2.0-4ubuntu2~24.04.1_amd64.deb ...
firmware (release)	Build toolchain	2026-10-07T23:28:16.1512293Z #6 31.21 Unpacking libquadmath0:amd64 (14.2.0-4ubuntu2~24.04.1) ...
firmware (release)	Build toolchain	2026-10-07T23:28:16.1512618Z #6 31.24 Selecting previously unselected package libgcc-13-dev:amd64.
firmware (release)	Build toolchain	2026-10-07T23:28:16.1512988Z #6 31.24 Preparing to unpack .../086-libgcc-13-dev_13.3.0-6ubuntu2~24.04.1_amd64.deb ...
firmware (release)	Build toolchain	2026-10-07T23:28:16.1513350Z #6 31.24 Unpacking libgcc-13-dev:amd64 (13.3.0-6ubuntu2~24.04.1) ...
firmware (release)	Build toolchain	2026-10-07T23:28:16.1513943Z #6 31.32 Selecting previously unselected package gcc-13-x86-64-linux-gnu.
firmware (release)	Build toolchain	2026-10-07T23:28:16.3036562Z #6 31.32 Preparing to unpack .../087-gcc-13-x86-64-linux-gnu_13.3.0-6ubuntu2~24.04.1_amd64.deb ...
firmware (release)	Build toolchain	2026-10-07T23:28:16.3037093Z #6 31.33 Unpacking gcc-13-x86-64-linux-gnu (13.3.0-6ubuntu2~24.04.1) ...
firmware (release)	Build toolchain	2026-10-07T23:28:16.4240634Z #6 31.60 Selecting previously unselected package gcc-13.
firmware (release)	Build toolchain	2026-10-07T23:28:16.5549253Z #6 31.60 Preparing to unpack .../088-gcc-13_13.3.0-6ubuntu2~24.04.1_amd64.deb ...
firmware (release)	Build toolchain	2026-10-07T23:28:16.5549911Z #6 31.60 Unpacking gcc-13 (13.3.0-6ubuntu2~24.04.1) ...
firmware (release)	Build toolchain	2026-10-07T23:28:16.5550244Z #6 31.61 Selecting previously unselected package gcc-x86-64-linux-gnu.
firmware (release)	Build toolchain	2026-10-07T23:28:16.5550641Z #6 31.62 Preparing to unpack .../089-gcc-x86-64-linux-gnu_4%3a13.2.0-7ubuntu1_amd64.deb ...
firmware (release)	Build toolchain	2026-10-07T23:28:16.5551013Z #6 31.62 Unpacking gcc-x86-64-linux-gnu (4:13.2.0-7ubuntu1) ...
firmware (release)	Build toolchain	2026-10-07T23:28:16.5551313Z #6 31.73 Selecting previously unselected package gcc.
firmware (release)	Build toolchain	2026-10-07T23:28:16.7355060Z #6 31.73 Preparing to unpack .../090-gcc_4%3a13.2.0-7ubuntu1_amd64.deb ...
firmware (release)	Build toolchain	2026-10-07T23:28:16.7355495Z #6 31.73 Unpacking gcc (4:13.2.0-7ubuntu1) ...
firmware (release)	Build toolchain	2026-10-07T23:28:16.7355798Z #6 31.74 Selecting previously unselected package libc-dev-bin.
firmware (release)	Build toolchain	2026-10-07T23:28:16.7356176Z #6 31.74 Preparing to unpack .../091-libc-dev-bin_2.39-0ubuntu8.9_amd64.deb ...
firmware (release)	Build toolchain	2026-10-07T23:28:16.7356540Z #6 31.74 Unpacking libc-dev-bin (2.39-0ubuntu8.9) ...
firmware (release)	Build toolchain	2026-10-07T23:28:16.7553706Z #6 31.76 Selecting previously unselected package linux-libc-dev:amd64.
firmware (release)	Build toolchain	2026-10-07T23:28:16.7554233Z #6 31.76 Preparing to unpack .../092-linux-libc-dev_6.8.0-146.146_amd64.deb ...
firmware (release)	Build toolchain	2026-10-07T23:28:16.7554575Z #6 31.76 Unpacking linux-libc-dev:amd64 (6.8.0-146.146) ...
firmware (release)	Build toolchain	2026-10-07T23:28:16.7854131Z #6 31.96 Selecting previously unselected package libcrypt-dev:amd64.
firmware (release)	Build toolchain	2026-10-07T23:28:17.0311267Z #6 31.96 Preparing to unpack .../093-libcrypt-dev_1%3a4.4.36-4build1_amd64.deb ...
firmware (release)	Build toolchain	2026-10-07T23:28:17.0311744Z #6 31.97 Unpacking libcrypt-dev:amd64 (1:4.4.36-4build1) ...
firmware (release)	Build toolchain	2026-10-07T23:28:17.0312065Z #6 32.03 Selecting previously unselected package rpcsvc-proto.
firmware (release)	Build toolchain	2026-10-07T23:28:17.0312434Z #6 32.03 Preparing to unpack .../094-rpcsvc-proto_1.4.2-0ubuntu7_amd64.deb ...
firmware (release)	Build toolchain	2026-10-07T23:28:17.0312778Z #6 32.03 Unpacking rpcsvc-proto (1.4.2-0ubuntu7) ...
firmware (release)	Build toolchain	2026-10-07T23:28:17.0313092Z #6 32.05 Selecting previously unselected package libc6-dev:amd64.
firmware (release)	Build toolchain	2026-10-07T23:28:17.0313528Z #6 32.05 Preparing to unpack .../095-libc6-dev_2.39-0ubuntu8.9_amd64.deb ...
firmware (release)	Build toolchain	2026-10-07T23:28:17.0316472Z #6 32.05 Unpacking libc6-dev:amd64 (2.39-0ubuntu8.9) ...
firmware (release)	Build toolchain	2026-10-07T23:28:17.0674944Z #6 32.24 Selecting previously unselected package libstdc++-13-dev:amd64.
firmware (release)	Build toolchain	2026-10-07T23:28:17.2222719Z #6 32.24 Preparing to unpack .../096-libstdc++-13-dev_13.3.0-6ubuntu2~24.04.1_amd64.deb ...
firmware (release)	Build toolchain	2026-10-07T23:28:17.2223282Z #6 32.24 Unpacking libstdc++-13-dev:amd64 (13.3.0-6ubuntu2~24.04.1) ...
firmware (release)	Build toolchain	2026-10-07T23:28:17.2409125Z #6 32.41 Selecting previously unselected package g++-13-x86-64-linux-gnu.
firmware (release)	Build toolchain	2026-10-07T23:28:17.3917753Z #6 32.42 Preparing to unpack .../097-g++-13-x86-64-linux-gnu_13.3.0-6ubuntu2~24.04.1_amd64.deb ...
firmware (release)	Build toolchain	2026-10-07T23:28:17.3918535Z #6 32.42 Unpacking g++-13-x86-64-linux-gnu (13.3.0-6ubuntu2~24.04.1) ...
firmware (release)	Build toolchain	2026-10-07T23:28:17.3920219Z #6 32.56 Selecting previously unselected package g++-13.
firmware (release)	Build toolchain	2026-10-07T23:28:17.5606299Z #6 32.57 Preparing to unpack .../098-g++-13_13.3.0-6ubuntu2~24.04.1_amd64.deb ...
firmware (release)	Build toolchain	2026-10-07T23:28:17.5607126Z #6 32.57 Unpacking g++-13 (13.3.0-6ubuntu2~24.04.1) ...
firmware (release)	Build toolchain	2026-10-07T23:28:17.5607892Z #6 32.58 Selecting previously unselected package g++-x86-64-linux-gnu.
firmware (release)	Build toolchain	2026-10-07T23:28:17.5612006Z #6 32.58 Preparing to unpack .../099-g++-x86-64-linux-gnu_4%3a13.2.0-7ubuntu1_amd64.deb ...
firmware (release)	Build toolchain	2026-10-07T23:28:17.5612751Z #6 32.59 Unpacking g++-x86-64-linux-gnu (4:13.2.0-7ubuntu1) ...
firmware (release)	Build toolchain	2026-10-07T23:28:17.5613233Z #6 32.61 Selecting previously unselected package g++.
firmware (release)	Build toolchain	2026-10-07T23:28:17.5614017Z #6 32.61 Preparing to unpack .../100-g++_4%3a13.2.0-7ubuntu1_amd64.deb ...
firmware (release)	Build toolchain	2026-10-07T23:28:17.5614505Z #6 32.62 Unpacking g++ (4:13.2.0-7ubuntu1) ...
firmware (release)	Build toolchain	2026-10-07T23:28:17.5614966Z #6 32.63 Selecting previously unselected package libc6-i386.
firmware (release)	Build toolchain	2026-10-07T23:28:17.5615462Z #6 32.63 Preparing to unpack .../101-libc6-i386_2.39-0ubuntu8.9_amd64.deb ...
firmware (release)	Build toolchain	2026-10-07T23:28:17.5615944Z #6 32.65 Unpacking libc6-i386 (2.39-0ubuntu8.9) ...
firmware (release)	Build toolchain	2026-10-07T23:28:17.5616379Z #6 32.73 Selecting previously unselected package libc6-dev-i386.
firmware (release)	Build toolchain	2026-10-07T23:28:17.7017660Z #6 32.73 Preparing to unpack .../102-libc6-dev-i386_2.39-0ubuntu8.9_amd64.deb ...
firmware (release)	Build toolchain	2026-10-07T23:28:17.7018371Z #6 32.74 Unpacking libc6-dev-i386 (2.39-0ubuntu8.9) ...
firmware (release)	Build toolchain	2026-10-07T23:28:17.7019512Z #6 32.79 Selecting previously unselected package libc6-x32.
firmware (release)	Build toolchain	2026-10-07T23:28:17.7020063Z #6 32.79 Preparing to unpack .../103-libc6-x32_2.39-0ubuntu8.9_amd64.deb ...
firmware (release)	Build toolchain	2026-10-07T23:28:17.7020543Z #6 32.79 Unpacking libc6-x32 (2.39-0ubuntu8.9) ...
firmware (release)	Build toolchain	2026-10-07T23:28:17.7020972Z #6 32.87 Selecting previously unselected package libc6-dev-x32.
firmware (release)	Build toolchain	2026-10-07T23:28:17.8028317Z #6 32.88 Preparing to unpack .../104-libc6-dev-x32_2.39-0ubuntu8.9_amd64.deb ...
firmware (release)	Build toolchain	2026-10-07T23:28:17.8030158Z #6 32.88 Unpacking libc6-dev-x32 (2.39-0ubuntu8.9) ...
firmware (release)	Build toolchain	2026-10-07T23:28:17.8030660Z #6 32.92 Selecting previously unselected package lib32gcc-s1.
firmware (release)	Build toolchain	2026-10-07T23:28:17.8031056Z #6 32.92 Preparing to unpack .../105-lib32gcc-s1_14.2.0-4ubuntu2~24.04.1_amd64.deb ...
firmware (release)	Build toolchain	2026-10-07T23:28:17.8031648Z #6 32.92 Unpacking lib32gcc-s1 (14.2.0-4ubuntu2~24.04.1) ...
firmware (release)	Build toolchain	2026-10-07T23:28:17.8032475Z #6 32.94 Selecting previously unselected package libx32gcc-s1.
firmware (release)	Build toolchain	2026-10-07T23:28:17.8033018Z #6 32.94 Preparing to unpack .../106-libx32gcc-s1_14.2.0-4ubuntu2~24.04.1_amd64.deb ...
firmware (release)	Build toolchain	2026-10-07T23:28:17.8033687Z #6 32.94 Unpacking libx32gcc-s1 (14.2.0-4ubuntu2~24.04.1) ...
firmware (release)	Build toolchain	2026-10-07T23:28:17.8034133Z #6 32.95 Selecting previously unselected package lib32gomp1.
firmware (release)	Build toolchain	2026-10-07T23:28:17.8034669Z #6 32.96 Preparing to unpack .../107-lib32gomp1_14.2.0-4ubuntu2~24.04.1_amd64.deb ...
firmware (release)	Build toolchain	2026-10-07T23:28:17.8035068Z #6 32.96 Unpacking lib32gomp1 (14.2.0-4ubuntu2~24.04.1) ...
firmware (release)	Build toolchain	2026-10-07T23:28:17.8035465Z #6 32.97 Selecting previously unselected package libx32gomp1.
firmware (release)	Build toolchain	2026-10-07T23:28:17.8035891Z #6 32.97 Preparing to unpack .../108-libx32gomp1_14.2.0-4ubuntu2~24.04.1_amd64.deb ...
firmware (release)	Build toolchain	2026-10-07T23:28:17.9134340Z #6 32.98 Unpacking libx32gomp1 (14.2.0-4ubuntu2~24.04.1) ...
firmware (release)	Build toolchain	2026-10-07T23:28:17.9134888Z #6 33.00 Selecting previously unselected package lib32itm1.
firmware (release)	Build toolchain	2026-10-07T23:28:17.9135428Z #6 33.01 Preparing to unpack .../109-lib32itm1_14.2.0-4ubuntu2~24.04.1_amd64.deb ...
firmware (release)	Build toolchain	2026-10-07T23:28:17.9136335Z #6 33.01 Unpacking lib32itm1 (14.2.0-4ubuntu2~24.04.1) ...
firmware (release)	Build toolchain	2026-10-07T23:28:17.9136742Z #6 33.02 Selecting previously unselected package libx32itm1.
firmware (release)	Build toolchain	2026-10-07T23:28:17.9137222Z #6 33.02 Preparing to unpack .../110-libx32itm1_14.2.0-4ubuntu2~24.04.1_amd64.deb ...
firmware (release)	Build toolchain	2026-10-07T23:28:17.9137689Z #6 33.02 Unpacking libx32itm1 (14.2.0-4ubuntu2~24.04.1) ...
firmware (release)	Build toolchain	2026-10-07T23:28:17.9138087Z #6 33.05 Selecting previously unselected package lib32atomic1.
firmware (release)	Build toolchain	2026-10-07T23:28:17.9138551Z #6 33.05 Preparing to unpack .../111-lib32atomic1_14.2.0-4ubuntu2~24.04.1_amd64.deb ...
firmware (release)	Build toolchain	2026-10-07T23:28:17.9139880Z #6 33.06 Unpacking lib32atomic1 (14.2.0-4ubuntu2~24.04.1) ...
firmware (release)	Build toolchain	2026-10-07T23:28:17.9140282Z #6 33.07 Selecting previously unselected package libx32atomic1.
firmware (release)	Build toolchain	2026-10-07T23:28:17.9140747Z #6 33.07 Preparing to unpack .../112-libx32atomic1_14.2.0-4ubuntu2~24.04.1_amd64.deb ...
firmware (release)	Build toolchain	2026-10-07T23:28:17.9141202Z #6 33.07 Unpacking libx32atomic1 (14.2.0-4ubuntu2~24.04.1) ...
firmware (release)	Build toolchain	2026-10-07T23:28:17.9141602Z #6 33.09 Selecting previously unselected package lib32asan8.
firmware (release)	Build toolchain	2026-10-07T23:28:18.0267562Z #6 33.09 Preparing to unpack .../113-lib32asan8_14.2.0-4ubuntu2~24.04.1_amd64.deb ...
firmware (release)	Build toolchain	2026-10-07T23:28:18.0268219Z #6 33.09 Unpacking lib32asan8 (14.2.0-4ubuntu2~24.04.1) ...
firmware (release)	Build toolchain	2026-10-07T23:28:18.0268680Z #6 33.14 Selecting previously unselected package libx32asan8.
firmware (release)	Build toolchain	2026-10-07T23:28:18.0270487Z #6 33.15 Preparing to unpack .../114-libx32asan8_14.2.0-4ubuntu2~24.04.1_amd64.deb ...
firmware (release)	Build toolchain	2026-10-07T23:28:18.0270899Z #6 33.15 Unpacking libx32asan8 (14.2.0-4ubuntu2~24.04.1) ...
firmware (release)	Build toolchain	2026-10-07T23:28:18.0271224Z #6 33.20 Selecting previously unselected package lib32stdc++6.
firmware (release)	Build toolchain	2026-10-07T23:28:18.1468201Z #6 33.20 Preparing to unpack .../115-lib32stdc++6_14.2.0-4ubuntu2~24.04.1_amd64.deb ...
firmware (release)	Build toolchain	2026-10-07T23:28:18.1469017Z #6 33.20 Unpacking lib32stdc++6 (14.2.0-4ubuntu2~24.04.1) ...
firmware (release)	Build toolchain	2026-10-07T23:28:18.1469479Z #6 33.27 Selecting previously unselected package lib32ubsan1.
firmware (release)	Build toolchain	2026-10-07T23:28:18.1470085Z #6 33.27 Preparing to unpack .../116-lib32ubsan1_14.2.0-4ubuntu2~24.04.1_amd64.deb ...
firmware (release)	Build toolchain	2026-10-07T23:28:18.1470618Z #6 33.27 Unpacking lib32ubsan1 (14.2.0-4ubuntu2~24.04.1) ...
firmware (release)	Build toolchain	2026-10-07T23:28:18.1471072Z #6 33.30 Selecting previously unselected package libx32stdc++6.
firmware (release)	Build toolchain	2026-10-07T23:28:18.1471618Z #6 33.30 Preparing to unpack .../117-libx32stdc++6_14.2.0-4ubuntu2~24.04.1_amd64.deb ...
firmware (release)	Build toolchain	2026-10-07T23:28:18.1472160Z #6 33.30 Unpacking libx32stdc++6 (14.2.0-4ubuntu2~24.04.1) ...
firmware (release)	Build toolchain	2026-10-07T23:28:18.1472605Z #6 33.32 Selecting previously unselected package libx32ubsan1.
firmware (release)	Build toolchain	2026-10-07T23:28:18.2554407Z #6 33.32 Preparing to unpack .../118-libx32ubsan1_14.2.0-4ubuntu2~24.04.1_amd64.deb ...
firmware (release)	Build toolchain	2026-10-07T23:28:18.2554984Z #6 33.32 Unpacking libx32ubsan1 (14.2.0-4ubuntu2~24.04.1) ...
firmware (release)	Build toolchain	2026-10-07T23:28:18.2555358Z #6 33.35 Selecting previously unselected package lib32quadmath0.
firmware (release)	Build toolchain	2026-10-07T23:28:18.2555793Z #6 33.35 Preparing to unpack .../119-lib32quadmath0_14.2.0-4ubuntu2~24.04.1_amd64.deb ...
firmware (release)	Build toolchain	2026-10-07T23:28:18.2556547Z #6 33.35 Unpacking lib32quadmath0 (14.2.0-4ubuntu2~24.04.1) ...
firmware (release)	Build toolchain	2026-10-07T23:28:18.2556864Z #6 33.37 Selecting previously unselected package libx32quadmath0.
firmware (release)	Build toolchain	2026-10-07T23:28:18.2557330Z #6 33.37 Preparing to unpack .../120-libx32quadmath0_14.2.0-4ubuntu2~24.04.1_amd64.deb ...
firmware (release)	Build toolchain	2026-10-07T23:28:18.2557689Z #6 33.37 Unpacking libx32quadmath0 (14.2.0-4ubuntu2~24.04.1) ...
firmware (release)	Build toolchain	2026-10-07T23:28:18.2558090Z #6 33.38 Selecting previously unselected package lib32gcc-13-dev.
firmware (release)	Build toolchain	2026-10-07T23:28:18.2560939Z #6 33.39 Preparing to unpack .../121-lib32gcc-13-dev_13.3.0-6ubuntu2~24.04.1_amd64.deb ...
firmware (release)	Build toolchain	2026-10-07T23:28:18.2561414Z #6 33.39 Unpacking lib32gcc-13-dev (13.3.0-6ubuntu2~24.04.1) ...
firmware (release)	Build toolchain	2026-10-07T23:28:18.2563038Z #6 33.43 Selecting previously unselected package libx32gcc-13-dev.
firmware (release)	Build toolchain	2026-10-07T23:28:18.3738803Z #6 33.43 Preparing to unpack .../122-libx32gcc-13-dev_13.3.0-6ubuntu2~24.04.1_amd64.deb ...
firmware (release)	Build toolchain	2026-10-07T23:28:18.3739964Z #6 33.43 Unpacking libx32gcc-13-dev (13.3.0-6ubuntu2~24.04.1) ...
firmware (release)	Build toolchain	2026-10-07T23:28:18.3740943Z #6 33.49 Selecting previously unselected package gcc-13-multilib.
firmware (release)	Build toolchain	2026-10-07T23:28:18.3741695Z #6 33.49 Preparing to unpack .../123-gcc-13-multilib_13.3.0-6ubuntu2~24.04.1_amd64.deb ...
firmware (release)	Build toolchain	2026-10-07T23:28:18.3742346Z #6 33.49 Unpacking gcc-13-multilib (13.3.0-6ubuntu2~24.04.1) ...
firmware (release)	Build toolchain	2026-10-07T23:28:18.3742949Z #6 33.50 Selecting previously unselected package lib32stdc++-13-dev.
firmware (release)	Build toolchain	2026-10-07T23:28:18.3743735Z #6 33.51 Preparing to unpack .../124-lib32stdc++-13-dev_13.3.0-6ubuntu2~24.04.1_amd64.deb ...
firmware (release)	Build toolchain	2026-10-07T23:28:18.3744189Z #6 33.51 Unpacking lib32stdc++-13-dev (13.3.0-6ubuntu2~24.04.1) ...
firmware (release)	Build toolchain	2026-10-07T23:28:18.3744544Z #6 33.55 Selecting previously unselected package libx32stdc++-13-dev.
firmware (release)	Build toolchain	2026-10-07T23:28:18.5301574Z #6 33.55 Preparing to unpack .../125-libx32stdc++-13-dev_13.3.0-6ubuntu2~24.04.1_amd64.deb ...
firmware (release)	Build toolchain	2026-10-07T23:28:18.5302097Z #6 33.55 Unpacking libx32stdc++-13-dev (13.3.0-6ubuntu2~24.04.1) ...
firmware (release)	Build toolchain	2026-10-07T23:28:18.5302438Z #6 33.59 Selecting previously unselected package g++-13-multilib.
firmware (release)	Build toolchain	2026-10-07T23:28:18.5302863Z #6 33.59 Preparing to unpack .../126-g++-13-multilib_13.3.0-6ubuntu2~24.04.1_amd64.deb ...
firmware (release)	Build toolchain	2026-10-07T23:28:18.5303219Z #6 33.59 Unpacking g++-13-multilib (13.3.0-6ubuntu2~24.04.1) ...
firmware (release)	Build toolchain	2026-10-07T23:28:18.5303627Z #6 33.60 Selecting previously unselected package binutils-mingw-w64-i686.
firmware (release)	Build toolchain	2026-10-07T23:28:18.5304059Z #6 33.61 Preparing to unpack .../127-binutils-mingw-w64-i686_2.41.90.20240122-1ubuntu1+11.4_amd64.deb ...
firmware (release)	Build toolchain	2026-10-07T23:28:18.5304513Z #6 33.61 Unpacking binutils-mingw-w64-i686 (2.41.90.20240122-1ubuntu1+11.4) ...
firmware (release)	Build toolchain	2026-10-07T23:28:18.5304880Z #6 33.70 Selecting previously unselected package mingw-w64-common.
firmware (release)	Build toolchain	2026-10-07T23:28:18.6835580Z #6 33.70 Preparing to unpack .../128-mingw-w64-common_11.0.1-3build1_all.deb ...
firmware (release)	Build toolchain	2026-10-07T23:28:18.6836244Z #6 33.71 Unpacking mingw-w64-common (11.0.1-3build1) ...
firmware (release)	Build toolchain	2026-10-07T23:28:18.9197482Z #6 34.09 Selecting previously unselected package mingw-w64-i686-dev.
firmware (release)	Build toolchain	2026-10-07T23:28:19.0732466Z #6 34.09 Preparing to unpack .../129-mingw-w64-i686-dev_11.0.1-3build1_all.deb ...
firmware (release)	Build toolchain	2026-10-07T23:28:19.0733068Z #6 34.10 Unpacking mingw-w64-i686-dev (11.0.1-3build1) ...
firmware (release)	Build toolchain	2026-10-07T23:28:19.3169658Z #6 34.49 Selecting previously unselected package gcc-mingw-w64-base:amd64.
firmware (release)	Build toolchain	2026-10-07T23:28:19.4954230Z #6 34.49 Preparing to unpack .../130-gcc-mingw-w64-base_13.2.0-6ubuntu1+26.1_amd64.deb ...
firmware (release)	Build toolchain	2026-10-07T23:28:19.4955088Z #6 34.49 Unpacking gcc-mingw-w64-base:amd64 (13.2.0-6ubuntu1+26.1) ...
firmware (release)	Build toolchain	2026-10-07T23:28:19.4955738Z #6 34.51 Selecting previously unselected package gcc-mingw-w64-i686-posix-runtime.
firmware (release)	Build toolchain	2026-10-07T23:28:19.4956234Z #6 34.52 Preparing to unpack .../131-gcc-mingw-w64-i686-posix-runtime_13.2.0-6ubuntu1+26.1_amd64.deb ...
firmware (release)	Build toolchain	2026-10-07T23:28:19.4956687Z #6 34.52 Unpacking gcc-mingw-w64-i686-posix-runtime (13.2.0-6ubuntu1+26.1) ...
firmware (release)	Build toolchain	2026-10-07T23:28:19.5745077Z #6 34.75 Selecting previously unselected package gcc-mingw-w64-i686-posix.
firmware (release)	Build toolchain	2026-10-07T23:28:19.7273260Z #6 34.75 Preparing to unpack .../132-gcc-mingw-w64-i686-posix_13.2.0-6ubuntu1+26.1_amd64.deb ...
firmware (release)	Build toolchain	2026-10-07T23:28:19.7274200Z #6 34.75 Unpacking gcc-mingw-w64-i686-posix (13.2.0-6ubuntu1+26.1) ...
firmware (release)	Build toolchain	2026-10-07T23:28:20.1100297Z #6 35.28 Selecting previously unselected package g++-mingw-w64-i686-posix.
firmware (release)	Build toolchain	2026-10-07T23:28:20.2636890Z #6 35.28 Preparing to unpack .../133-g++-mingw-w64-i686-posix_13.2.0-6ubuntu1+26.1_amd64.deb ...
firmware (release)	Build toolchain	2026-10-07T23:28:20.2637640Z #6 35.29 Unpacking g++-mingw-w64-i686-posix (13.2.0-6ubuntu1+26.1) ...
firmware (release)	Build toolchain	2026-10-07T23:28:20.5585071Z #6 35.73 Selecting previously unselected package gcc-mingw-w64-i686-win32-runtime.
firmware (release)	Build toolchain	2026-10-07T23:28:20.7120740Z #6 35.73 Preparing to unpack .../134-gcc-mingw-w64-i686-win32-runtime_13.2.0-6ubuntu1+26.1_amd64.deb ...
firmware (release)	Build toolchain	2026-10-07T23:28:20.7121319Z #6 35.73 Unpacking gcc-mingw-w64-i686-win32-runtime (13.2.0-6ubuntu1+26.1) ...
firmware (release)	Build toolchain	2026-10-07T23:28:20.8096170Z #6 35.98 Selecting previously unselected package gcc-mingw-w64-i686-win32.
firmware (release)	Build toolchain	2026-10-07T23:28:20.9630578Z #6 35.98 Preparing to unpack .../135-gcc-mingw-w64-i686-win32_13.2.0-6ubuntu1+26.1_amd64.deb ...
firmware (release)	Build toolchain	2026-10-07T23:28:20.9631861Z #6 35.98 Unpacking gcc-mingw-w64-i686-win32 (13.2.0-6ubuntu1+26.1) ...
firmware (release)	Build toolchain	2026-10-07T23:28:21.4550520Z #6 36.63 Selecting previously unselected package g++-mingw-w64-i686-win32.
firmware (release)	Build toolchain	2026-10-07T23:28:21.6080425Z #6 36.63 Preparing to unpack .../136-g++-mingw-w64-i686-win32_13.2.0-6ubuntu1+26.1_amd64.deb ...
firmware (release)	Build toolchain	2026-10-07T23:28:21.6080989Z #6 36.63 Unpacking g++-mingw-w64-i686-win32 (13.2.0-6ubuntu1+26.1) ...
firmware (release)	Build toolchain	2026-10-07T23:28:21.7890187Z #6 36.96 Selecting previously unselected package gcc-multilib.
firmware (release)	Build toolchain	2026-10-07T23:28:21.9150795Z #6 36.96 Preparing to unpack .../137-gcc-multilib_4%3a13.2.0-7ubuntu1_amd64.deb ...
firmware (release)	Build toolchain	2026-10-07T23:28:21.9151528Z #6 36.96 Unpacking gcc-multilib (4:13.2.0-7ubuntu1) ...
firmware (release)	Build toolchain	2026-10-07T23:28:21.9152288Z #6 36.98 Selecting previously unselected package g++-multilib.
firmware (release)	Build toolchain	2026-10-07T23:28:21.9152751Z #6 36.98 Preparing to unpack .../138-g++-multilib_4%3a13.2.0-7ubuntu1_amd64.deb ...
firmware (release)	Build toolchain	2026-10-07T23:28:21.9153105Z #6 36.98 Unpacking g++-multilib (4:13.2.0-7ubuntu1) ...
firmware (release)	Build toolchain	2026-10-07T23:28:21.9153973Z #6 37.01 Selecting previously unselected package libcurl3t64-gnutls:amd64.
firmware (release)	Build toolchain	2026-10-07T23:28:21.9154361Z #6 37.01 Preparing to unpack .../139-libcurl3t64-gnutls_8.5.0-2ubuntu10.15_amd64.deb ...
firmware (release)	Build toolchain	2026-10-07T23:28:21.9154760Z #6 37.01 Unpacking libcurl3t64-gnutls:amd64 (8.5.0-2ubuntu10.15) ...
firmware (release)	Build toolchain	2026-10-07T23:28:21.9155564Z #6 37.04 Selecting previously unselected package liberror-perl.
firmware (release)	Build toolchain	2026-10-07T23:28:21.9156275Z #6 37.04 Preparing to unpack .../140-liberror-perl_0.17029-2_all.deb ...
firmware (release)	Build toolchain	2026-10-07T23:28:21.9156585Z #6 37.04 Unpacking liberror-perl (0.17029-2) ...
firmware (release)	Build toolchain	2026-10-07T23:28:21.9156875Z #6 37.06 Selecting previously unselected package git-man.
firmware (release)	Build toolchain	2026-10-07T23:28:21.9157204Z #6 37.06 Preparing to unpack .../141-git-man_1%3a2.43.0-1ubuntu7.3_all.deb ...
firmware (release)	Build toolchain	2026-10-07T23:28:21.9157518Z #6 37.06 Unpacking git-man (1:2.43.0-1ubuntu7.3) ...
firmware (release)	Build toolchain	2026-10-07T23:28:21.9157784Z #6 37.09 Selecting previously unselected package git.
firmware (release)	Build toolchain	2026-10-07T23:28:22.0666910Z #6 37.09 Preparing to unpack .../142-git_1%3a2.43.0-1ubuntu7.3_amd64.deb ...
firmware (release)	Build toolchain	2026-10-07T23:28:22.0667408Z #6 37.09 Unpacking git (1:2.43.0-1ubuntu7.3) ...
firmware (release)	Build toolchain	2026-10-07T23:28:22.0667722Z #6 37.24 Selecting previously unselected package libaio1t64:amd64.
firmware (release)	Build toolchain	2026-10-07T23:28:22.3094463Z #6 37.24 Preparing to unpack .../143-libaio1t64_0.3.113-6build1.1_amd64.deb ...
firmware (release)	Build toolchain	2026-10-07T23:28:22.3095069Z #6 37.24 Unpacking libaio1t64:amd64 (0.3.113-6build1.1) ...
firmware (release)	Build toolchain	2026-10-07T23:28:22.3095479Z #6 37.26 Selecting previously unselected package libasyncns0:amd64.
firmware (release)	Build toolchain	2026-10-07T23:28:22.3095860Z #6 37.26 Preparing to unpack .../144-libasyncns0_0.8-6build4_amd64.deb ...
firmware (release)	Build toolchain	2026-10-07T23:28:22.3096313Z #6 37.26 Unpacking libasyncns0:amd64 (0.8-6build4) ...
firmware (release)	Build toolchain	2026-10-07T23:28:22.3096714Z #6 37.28 Selecting previously unselected package libdrm-amdgpu1:amd64.
firmware (release)	Build toolchain	2026-10-07T23:28:22.3097310Z #6 37.28 Preparing to unpack .../145-libdrm-amdgpu1_2.4.125-1ubuntu0.1~24.04.2_amd64.deb ...
firmware (release)	Build toolchain	2026-10-07T23:28:22.3097876Z #6 37.28 Unpacking libdrm-amdgpu1:amd64 (2.4.125-1ubuntu0.1~24.04.2) ...
firmware (release)	Build toolchain	2026-10-07T23:28:22.3098726Z #6 37.30 Selecting previously unselected package libpciaccess0:amd64.
firmware (release)	Build toolchain	2026-10-07T23:28:22.3099425Z #6 37.30 Preparing to unpack .../146-libpciaccess0_0.17-3ubuntu0.24.04.3_amd64.deb ...
firmware (release)	Build toolchain	2026-10-07T23:28:22.3099953Z #6 37.30 Unpacking libpciaccess0:amd64 (0.17-3ubuntu0.24.04.3) ...
firmware (release)	Build toolchain	2026-10-07T23:28:22.3100429Z #6 37.31 Selecting previously unselected package libdrm-intel1:amd64.
firmware (release)	Build toolchain	2026-10-07T23:28:22.3101000Z #6 37.31 Preparing to unpack .../147-libdrm-intel1_2.4.125-1ubuntu0.1~24.04.2_amd64.deb ...
firmware (release)	Build toolchain	2026-10-07T23:28:22.3101384Z #6 37.32 Unpacking libdrm-intel1:amd64 (2.4.125-1ubuntu0.1~24.04.2) ...
firmware (release)	Build toolchain	2026-10-07T23:28:22.3101822Z #6 37.33 Selecting previously unselected package libllvm20:amd64.
firmware (release)	Build toolchain	2026-10-07T23:28:22.3102187Z #6 37.33 Preparing to unpack .../148-libllvm20_1%3a20.1.2-0ubuntu1~24.04.3_amd64.deb ...
firmware (release)	Build toolchain	2026-10-07T23:28:22.3102765Z #6 37.33 Unpacking libllvm20:amd64 (1:20.1.2-0ubuntu1~24.04.3) ...
firmware (release)	Build toolchain	2026-10-07T23:28:22.6616142Z #6 37.83 Selecting previously unselected package libx11-xcb1:amd64.
firmware (release)	Build toolchain	2026-10-07T23:28:22.7708802Z #6 37.84 Preparing to unpack .../149-libx11-xcb1_2%3a1.8.7-1build1_amd64.deb ...
firmware (release)	Build toolchain	2026-10-07T23:28:22.7709402Z #6 37.84 Unpacking libx11-xcb1:amd64 (2:1.8.7-1build1) ...
firmware (release)	Build toolchain	2026-10-07T23:28:22.7709736Z #6 37.85 Selecting previously unselected package libxcb-dri3-0:amd64.
firmware (release)	Build toolchain	2026-10-07T23:28:22.7710127Z #6 37.85 Preparing to unpack .../150-libxcb-dri3-0_1.15-1ubuntu2_amd64.deb ...
firmware (release)	Build toolchain	2026-10-07T23:28:22.7711063Z #6 37.85 Unpacking libxcb-dri3-0:amd64 (1.15-1ubuntu2) ...
firmware (release)	Build toolchain	2026-10-07T23:28:22.7711409Z #6 37.87 Selecting previously unselected package libxcb-present0:amd64.
firmware (release)	Build toolchain	2026-10-07T23:28:22.7711779Z #6 37.87 Preparing to unpack .../151-libxcb-present0_1.15-1ubuntu2_amd64.deb ...
firmware (release)	Build toolchain	2026-10-07T23:28:22.7712121Z #6 37.89 Unpacking libxcb-present0:amd64 (1.15-1ubuntu2) ...
firmware (release)	Build toolchain	2026-10-07T23:28:22.7712445Z #6 37.91 Selecting previously unselected package libxcb-randr0:amd64.
firmware (release)	Build toolchain	2026-10-07T23:28:22.7712799Z #6 37.91 Preparing to unpack .../152-libxcb-randr0_1.15-1ubuntu2_amd64.deb ...
firmware (release)	Build toolchain	2026-10-07T23:28:22.7713171Z #6 37.91 Unpacking libxcb-randr0:amd64 (1.15-1ubuntu2) ...
firmware (release)	Build toolchain	2026-10-07T23:28:22.7713545Z #6 37.93 Selecting previously unselected package libxcb-sync1:amd64.
firmware (release)	Build toolchain	2026-10-07T23:28:22.7713910Z #6 37.93 Preparing to unpack .../153-libxcb-sync1_1.15-1ubuntu2_amd64.deb ...
firmware (release)	Build toolchain	2026-10-07T23:28:22.7714248Z #6 37.93 Unpacking libxcb-sync1:amd64 (1.15-1ubuntu2) ...
firmware (release)	Build toolchain	2026-10-07T23:28:22.7714574Z #6 37.94 Selecting previously unselected package libxcb-xfixes0:amd64.
firmware (release)	Build toolchain	2026-10-07T23:28:22.9575363Z #6 37.95 Preparing to unpack .../154-libxcb-xfixes0_1.15-1ubuntu2_amd64.deb ...
firmware (release)	Build toolchain	2026-10-07T23:28:22.9576012Z #6 37.95 Unpacking libxcb-xfixes0:amd64 (1.15-1ubuntu2) ...
firmware (release)	Build toolchain	2026-10-07T23:28:22.9576573Z #6 37.96 Selecting previously unselected package libxshmfence1:amd64.
firmware (release)	Build toolchain	2026-10-07T23:28:22.9577567Z #6 37.96 Preparing to unpack .../155-libxshmfence1_1.3-1build5_amd64.deb ...
firmware (release)	Build toolchain	2026-10-07T23:28:22.9578086Z #6 37.96 Unpacking libxshmfence1:amd64 (1.3-1build5) ...
firmware (release)	Build toolchain	2026-10-07T23:28:22.9578524Z #6 37.98 Selecting previously unselected package mesa-libgallium:amd64.
firmware (release)	Build toolchain	2026-10-07T23:28:22.9579255Z #6 37.98 Preparing to unpack .../156-mesa-libgallium_25.2.8-0ubuntu0.24.04.4_amd64.deb ...
firmware (release)	Build toolchain	2026-10-07T23:28:22.9579762Z #6 37.98 Unpacking mesa-libgallium:amd64 (25.2.8-0ubuntu0.24.04.4) ...
firmware (release)	Build toolchain	2026-10-07T23:28:22.9810979Z #6 38.15 Selecting previously unselected package libgbm1:amd64.
firmware (release)	Build toolchain	2026-10-07T23:28:23.0962541Z #6 38.16 Preparing to unpack .../157-libgbm1_25.2.8-0ubuntu0.24.04.4_amd64.deb ...
firmware (release)	Build toolchain	2026-10-07T23:28:23.0963135Z #6 38.16 Unpacking libgbm1:amd64 (25.2.8-0ubuntu0.24.04.4) ...
firmware (release)	Build toolchain	2026-10-07T23:28:23.0963559Z #6 38.17 Selecting previously unselected package libwayland-client0:amd64.
firmware (release)	Build toolchain	2026-10-07T23:28:23.0963981Z #6 38.17 Preparing to unpack .../158-libwayland-client0_1.22.0-2.1build1_amd64.deb ...
firmware (release)	Build toolchain	2026-10-07T23:28:23.0964355Z #6 38.17 Unpacking libwayland-client0:amd64 (1.22.0-2.1build1) ...
firmware (release)	Build toolchain	2026-10-07T23:28:23.0964679Z #6 38.19 Selecting previously unselected package libxcb-shm0:amd64.
firmware (release)	Build toolchain	2026-10-07T23:28:23.0965035Z #6 38.19 Preparing to unpack .../159-libxcb-shm0_1.15-1ubuntu2_amd64.deb ...
firmware (release)	Build toolchain	2026-10-07T23:28:23.0965647Z #6 38.19 Unpacking libxcb-shm0:amd64 (1.15-1ubuntu2) ...
firmware (release)	Build toolchain	2026-10-07T23:28:23.0965953Z #6 38.21 Selecting previously unselected package libegl-mesa0:amd64.
firmware (release)	Build toolchain	2026-10-07T23:28:23.0966315Z #6 38.21 Preparing to unpack .../160-libegl-mesa0_25.2.8-0ubuntu0.24.04.4_amd64.deb ...
firmware (release)	Build toolchain	2026-10-07T23:28:23.0966676Z #6 38.21 Unpacking libegl-mesa0:amd64 (25.2.8-0ubuntu0.24.04.4) ...
firmware (release)	Build toolchain	2026-10-07T23:28:23.0966990Z #6 38.23 Selecting previously unselected package libogg0:amd64.
firmware (release)	Build toolchain	2026-10-07T23:28:23.0967312Z #6 38.23 Preparing to unpack .../161-libogg0_1.3.5-3build1_amd64.deb ...
firmware (release)	Build toolchain	2026-10-07T23:28:23.0967614Z #6 38.23 Unpacking libogg0:amd64 (1.3.5-3build1) ...
firmware (release)	Build toolchain	2026-10-07T23:28:23.0967914Z #6 38.25 Selecting previously unselected package libflac12t64:amd64.
firmware (release)	Build toolchain	2026-10-07T23:28:23.0968264Z #6 38.25 Preparing to unpack .../162-libflac12t64_1.4.3+ds-2.1ubuntu2_amd64.deb ...
firmware (release)	Build toolchain	2026-10-07T23:28:23.0968601Z #6 38.25 Unpacking libflac12t64:amd64 (1.4.3+ds-2.1ubuntu2) ...
firmware (release)	Build toolchain	2026-10-07T23:28:23.0969286Z #6 38.27 Selecting previously unselected package libfontenc1:amd64.
firmware (release)	Build toolchain	2026-10-07T23:28:23.2056674Z #6 38.27 Preparing to unpack .../163-libfontenc1_1%3a1.1.8-1build1_amd64.deb ...
firmware (release)	Build toolchain	2026-10-07T23:28:23.2057138Z #6 38.27 Unpacking libfontenc1:amd64 (1:1.1.8-1build1) ...
firmware (release)	Build toolchain	2026-10-07T23:28:23.2057467Z #6 38.29 Selecting previously unselected package libfreetype6:amd64.
firmware (release)	Build toolchain	2026-10-07T23:28:23.2057885Z #6 38.29 Preparing to unpack .../164-libfreetype6_2.13.2+dfsg-1ubuntu0.2_amd64.deb ...
firmware (release)	Build toolchain	2026-10-07T23:28:23.2058287Z #6 38.29 Unpacking libfreetype6:amd64 (2.13.2+dfsg-1ubuntu0.2) ...
firmware (release)	Build toolchain	2026-10-07T23:28:23.2058627Z #6 38.33 Selecting previously unselected package libvulkan1:amd64.
firmware (release)	Build toolchain	2026-10-07T23:28:23.2059147Z #6 38.33 Preparing to unpack .../165-libvulkan1_1.3.275.0-1build1_amd64.deb ...
firmware (release)	Build toolchain	2026-10-07T23:28:23.2059509Z #6 38.34 Unpacking libvulkan1:amd64 (1.3.275.0-1build1) ...
firmware (release)	Build toolchain	2026-10-07T23:28:23.2059839Z #6 38.35 Selecting previously unselected package libgl1-mesa-dri:amd64.
firmware (release)	Build toolchain	2026-10-07T23:28:23.2060257Z #6 38.35 Preparing to unpack .../166-libgl1-mesa-dri_25.2.8-0ubuntu0.24.04.4_amd64.deb ...
firmware (release)	Build toolchain	2026-10-07T23:28:23.2060663Z #6 38.36 Unpacking libgl1-mesa-dri:amd64 (25.2.8-0ubuntu0.24.04.4) ...
firmware (release)	Build toolchain	2026-10-07T23:28:23.2060990Z #6 38.38 Selecting previously unselected package libxcb-glx0:amd64.
firmware (release)	Build toolchain	2026-10-07T23:28:23.3196815Z #6 38.38 Preparing to unpack .../167-libxcb-glx0_1.15-1ubuntu2_amd64.deb ...
firmware (release)	Build toolchain	2026-10-07T23:28:23.3197870Z #6 38.42 Unpacking libxcb-glx0:amd64 (1.15-1ubuntu2) ...
firmware (release)	Build toolchain	2026-10-07T23:28:23.3198199Z #6 38.43 Selecting previously unselected package libxxf86vm1:amd64.
firmware (release)	Build toolchain	2026-10-07T23:28:23.3198571Z #6 38.44 Preparing to unpack .../168-libxxf86vm1_1%3a1.1.4-1build4_amd64.deb ...
firmware (release)	Build toolchain	2026-10-07T23:28:23.3199083Z #6 38.44 Unpacking libxxf86vm1:amd64 (1:1.1.4-1build4) ...
firmware (release)	Build toolchain	2026-10-07T23:28:23.3199499Z #6 38.45 Selecting previously unselected package libglx-mesa0:amd64.
firmware (release)	Build toolchain	2026-10-07T23:28:23.3199869Z #6 38.45 Preparing to unpack .../169-libglx-mesa0_25.2.8-0ubuntu0.24.04.4_amd64.deb ...
firmware (release)	Build toolchain	2026-10-07T23:28:23.3200255Z #6 38.45 Unpacking libglx-mesa0:amd64 (25.2.8-0ubuntu0.24.04.4) ...
firmware (release)	Build toolchain	2026-10-07T23:28:23.3200579Z #6 38.47 Selecting previously unselected package x11-common.
firmware (release)	Build toolchain	2026-10-07T23:28:23.3200900Z #6 38.47 Preparing to unpack .../170-x11-common_1%3a7.7+23ubuntu3_all.deb ...
firmware (release)	Build toolchain	2026-10-07T23:28:23.3201203Z #6 38.47 Unpacking x11-common (1:7.7+23ubuntu3) ...
firmware (release)	Build toolchain	2026-10-07T23:28:23.3201484Z #6 38.49 Selecting previously unselected package libice6:amd64.
firmware (release)	Build toolchain	2026-10-07T23:28:23.4352730Z #6 38.49 Preparing to unpack .../171-libice6_2%3a1.0.10-1build3_amd64.deb ...
firmware (release)	Build toolchain	2026-10-07T23:28:23.4353188Z #6 38.50 Unpacking libice6:amd64 (2:1.0.10-1build3) ...
firmware (release)	Build toolchain	2026-10-07T23:28:23.4353662Z #6 38.51 Selecting previously unselected package libmp3lame0:amd64.
firmware (release)	Build toolchain	2026-10-07T23:28:23.4354039Z #6 38.51 Preparing to unpack .../172-libmp3lame0_3.100-6build1_amd64.deb ...
firmware (release)	Build toolchain	2026-10-07T23:28:23.4354766Z #6 38.52 Unpacking libmp3lame0:amd64 (3.100-6build1) ...
firmware (release)	Build toolchain	2026-10-07T23:28:23.4355262Z #6 38.55 Selecting previously unselected package libmpg123-0t64:amd64.
firmware (release)	Build toolchain	2026-10-07T23:28:23.4356084Z #6 38.55 Preparing to unpack .../173-libmpg123-0t64_1.32.5-1ubuntu1.1_amd64.deb ...
firmware (release)	Build toolchain	2026-10-07T23:28:23.4356637Z #6 38.55 Unpacking libmpg123-0t64:amd64 (1.32.5-1ubuntu1.1) ...
firmware (release)	Build toolchain	2026-10-07T23:28:23.4357063Z #6 38.57 Selecting previously unselected package libopus0:amd64.
firmware (release)	Build toolchain	2026-10-07T23:28:23.4415463Z #6 38.57 Preparing to unpack .../174-libopus0_1.4-1build1_amd64.deb ...
firmware (release)	Build toolchain	2026-10-07T23:28:23.4415936Z #6 38.57 Unpacking libopus0:amd64 (1.4-1build1) ...
firmware (release)	Build toolchain	2026-10-07T23:28:23.4416346Z #6 38.59 Selecting previously unselected package libpixman-1-0:amd64.
firmware (release)	Build toolchain	2026-10-07T23:28:23.4416840Z #6 38.59 Preparing to unpack .../175-libpixman-1-0_0.42.2-1build1_amd64.deb ...
firmware (release)	Build toolchain	2026-10-07T23:28:23.4417240Z #6 38.59 Unpacking libpixman-1-0:amd64 (0.42.2-1build1) ...
firmware (release)	Build toolchain	2026-10-07T23:28:23.4417556Z #6 38.61 Selecting previously unselected package libvorbis0a:amd64.
firmware (release)	Build toolchain	2026-10-07T23:28:23.5491483Z #6 38.61 Preparing to unpack .../176-libvorbis0a_1.3.7-1build3_amd64.deb ...
firmware (release)	Build toolchain	2026-10-07T23:28:23.5492069Z #6 38.61 Unpacking libvorbis0a:amd64 (1.3.7-1build3) ...
firmware (release)	Build toolchain	2026-10-07T23:28:23.5492818Z #6 38.63 Selecting previously unselected package libvorbisenc2:amd64.
firmware (release)	Build toolchain	2026-10-07T23:28:23.5493362Z #6 38.63 Preparing to unpack .../177-libvorbisenc2_1.3.7-1build3_amd64.deb ...
firmware (release)	Build toolchain	2026-10-07T23:28:23.5493842Z #6 38.63 Unpacking libvorbisenc2:amd64 (1.3.7-1build3) ...
firmware (release)	Build toolchain	2026-10-07T23:28:23.5494287Z #6 38.65 Selecting previously unselected package libsndfile1:amd64.
firmware (release)	Build toolchain	2026-10-07T23:28:23.5494802Z #6 38.65 Preparing to unpack .../178-libsndfile1_1.2.2-1ubuntu5.24.04.1_amd64.deb ...
firmware (release)	Build toolchain	2026-10-07T23:28:23.5495311Z #6 38.65 Unpacking libsndfile1:amd64 (1.2.2-1ubuntu5.24.04.1) ...
firmware (release)	Build toolchain	2026-10-07T23:28:23.5495771Z #6 38.67 Selecting previously unselected package libpulse0:amd64.
firmware (release)	Build toolchain	2026-10-07T23:28:23.5496278Z #6 38.67 Preparing to unpack .../179-libpulse0_1%3a16.1+dfsg1-2ubuntu10.1_amd64.deb ...
firmware (release)	Build toolchain	2026-10-07T23:28:23.5497357Z #6 38.68 Unpacking libpulse0:amd64 (1:16.1+dfsg1-2ubuntu10.1) ...
firmware (release)	Build toolchain	2026-10-07T23:28:23.5497837Z #6 38.70 Selecting previously unselected package libsamplerate0:amd64.
firmware (release)	Build toolchain	2026-10-07T23:28:23.5498363Z #6 38.70 Preparing to unpack .../180-libsamplerate0_0.2.2-4build1_amd64.deb ...
firmware (release)	Build toolchain	2026-10-07T23:28:23.5498817Z #6 38.70 Unpacking libsamplerate0:amd64 (0.2.2-4build1) ...
firmware (release)	Build toolchain	2026-10-07T23:28:23.5499370Z #6 38.72 Selecting previously unselected package libslirp0:amd64.
firmware (release)	Build toolchain	2026-10-07T23:28:23.6580704Z #6 38.72 Preparing to unpack .../181-libslirp0_4.7.0-1ubuntu3.1_amd64.deb ...
firmware (release)	Build toolchain	2026-10-07T23:28:23.6581146Z #6 38.72 Unpacking libslirp0:amd64 (4.7.0-1ubuntu3.1) ...
firmware (release)	Build toolchain	2026-10-07T23:28:23.6581461Z #6 38.77 Selecting previously unselected package libsm6:amd64.
firmware (release)	Build toolchain	2026-10-07T23:28:23.6581799Z #6 38.77 Preparing to unpack .../182-libsm6_2%3a1.2.3-1build3_amd64.deb ...
firmware (release)	Build toolchain	2026-10-07T23:28:23.6582117Z #6 38.77 Unpacking libsm6:amd64 (2:1.2.3-1build3) ...
firmware (release)	Build toolchain	2026-10-07T23:28:23.6582417Z #6 38.79 Selecting previously unselected package libunwind8:amd64.
firmware (release)	Build toolchain	2026-10-07T23:28:23.6582779Z #6 38.79 Preparing to unpack .../183-libunwind8_1.6.2-3build1.1_amd64.deb ...
firmware (release)	Build toolchain	2026-10-07T23:28:23.6583153Z #6 38.79 Unpacking libunwind8:amd64 (1.6.2-3build1.1) ...
firmware (release)	Build toolchain	2026-10-07T23:28:23.6583464Z #6 38.81 Selecting previously unselected package liburing2:amd64.
firmware (release)	Build toolchain	2026-10-07T23:28:23.6583868Z #6 38.81 Preparing to unpack .../184-liburing2_2.5-1build1_amd64.deb ...
firmware (release)	Build toolchain	2026-10-07T23:28:23.6584196Z #6 38.81 Unpacking liburing2:amd64 (2.5-1build1) ...
firmware (release)	Build toolchain	2026-10-07T23:28:23.6584483Z #6 38.83 Selecting previously unselected package libxt6t64:amd64.
firmware (release)	Build toolchain	2026-10-07T23:28:23.7660465Z #6 38.83 Preparing to unpack .../185-libxt6t64_1%3a1.2.1-1.2build1_amd64.deb ...
firmware (release)	Build toolchain	2026-10-07T23:28:23.7660998Z #6 38.83 Unpacking libxt6t64:amd64 (1:1.2.1-1.2build1) ...
firmware (release)	Build toolchain	2026-10-07T23:28:23.7661316Z #6 38.85 Selecting previously unselected package libxmu6:amd64.
firmware (release)	Build toolchain	2026-10-07T23:28:23.7661680Z #6 38.85 Preparing to unpack .../186-libxmu6_2%3a1.1.3-3build2_amd64.deb ...
firmware (release)	Build toolchain	2026-10-07T23:28:23.7662016Z #6 38.85 Unpacking libxmu6:amd64 (2:1.1.3-3build2) ...
firmware (release)	Build toolchain	2026-10-07T23:28:23.7662312Z #6 38.87 Selecting previously unselected package libxpm4:amd64.
firmware (release)	Build toolchain	2026-10-07T23:28:23.7662925Z #6 38.87 Preparing to unpack .../187-libxpm4_1%3a3.5.17-1ubuntu0.24.04.2_amd64.deb ...
firmware (release)	Build toolchain	2026-10-07T23:28:23.7663287Z #6 38.87 Unpacking libxpm4:amd64 (1:3.5.17-1ubuntu0.24.04.2) ...
firmware (release)	Build toolchain	2026-10-07T23:28:23.7663640Z #6 38.88 Selecting previously unselected package libxaw7:amd64.
firmware (release)	Build toolchain	2026-10-07T23:28:23.7663977Z #6 38.89 Preparing to unpack .../188-libxaw7_2%3a1.0.14-1build2_amd64.deb ...
firmware (release)	Build toolchain	2026-10-07T23:28:23.7664288Z #6 38.89 Unpacking libxaw7:amd64 (2:1.0.14-1build2) ...
firmware (release)	Build toolchain	2026-10-07T23:28:23.7664577Z #6 38.90 Selecting previously unselected package libxfont2:amd64.
firmware (release)	Build toolchain	2026-10-07T23:28:23.7664953Z #6 38.91 Preparing to unpack .../189-libxfont2_1%3a2.0.6-1+deb13u1build0.24.04.2_amd64.deb ...
firmware (release)	Build toolchain	2026-10-07T23:28:23.7665335Z #6 38.91 Unpacking libxfont2:amd64 (1:2.0.6-1+deb13u1build0.24.04.2) ...
firmware (release)	Build toolchain	2026-10-07T23:28:23.7665666Z #6 38.92 Selecting previously unselected package libxkbfile1:amd64.
firmware (release)	Build toolchain	2026-10-07T23:28:23.7666012Z #6 38.92 Preparing to unpack .../190-libxkbfile1_1%3a1.1.0-1build4_amd64.deb ...
firmware (release)	Build toolchain	2026-10-07T23:28:23.7666340Z #6 38.92 Unpacking libxkbfile1:amd64 (1:1.1.0-1build4) ...
firmware (release)	Build toolchain	2026-10-07T23:28:23.7666789Z #6 38.94 Selecting previously unselected package libxrender1:amd64.
firmware (release)	Build toolchain	2026-10-07T23:28:23.8730704Z #6 38.94 Preparing to unpack .../191-libxrender1_1%3a0.9.10-1.1build1_amd64.deb ...
firmware (release)	Build toolchain	2026-10-07T23:28:23.8731514Z #6 38.94 Unpacking libxrender1:amd64 (1:0.9.10-1.1build1) ...
firmware (release)	Build toolchain	2026-10-07T23:28:23.8732151Z #6 38.95 Selecting previously unselected package libxrandr2:amd64.
firmware (release)	Build toolchain	2026-10-07T23:28:23.8732734Z #6 38.96 Preparing to unpack .../192-libxrandr2_2%3a1.5.2-2build1_amd64.deb ...
firmware (release)	Build toolchain	2026-10-07T23:28:23.8733139Z #6 38.96 Unpacking libxrandr2:amd64 (2:1.5.2-2build1) ...
firmware (release)	Build toolchain	2026-10-07T23:28:23.8733477Z #6 38.99 Selecting previously unselected package lz4.
firmware (release)	Build toolchain	2026-10-07T23:28:23.8733795Z #6 38.99 Preparing to unpack .../193-lz4_1.9.4-1build1.1_amd64.deb ...
firmware (release)	Build toolchain	2026-10-07T23:28:23.8734077Z #6 38.99 Unpacking lz4 (1.9.4-1build1.1) ...
firmware (release)	Build toolchain	2026-10-07T23:28:23.8734332Z #6 39.01 Selecting previously unselected package make.
firmware (release)	Build toolchain	2026-10-07T23:28:23.8734658Z #6 39.01 Preparing to unpack .../194-make_4.3-4.1build2_amd64.deb ...
firmware (release)	Build toolchain	2026-10-07T23:28:23.8734945Z #6 39.01 Unpacking make (4.3-4.1build2) ...
firmware (release)	Build toolchain	2026-10-07T23:28:23.8735225Z #6 39.03 Selecting previously unselected package ninja-build.
firmware (release)	Build toolchain	2026-10-07T23:28:23.8735565Z #6 39.03 Preparing to unpack .../195-ninja-build_1.11.1-2_amd64.deb ...
firmware (release)	Build toolchain	2026-10-07T23:28:23.8735860Z #6 39.03 Unpacking ninja-build (1.11.1-2) ...
firmware (release)	Build toolchain	2026-10-07T23:28:23.8736125Z #6 39.04 Selecting previously unselected package qemu-utils.
firmware (release)	Build toolchain	2026-10-07T23:28:23.9731482Z #6 39.05 Preparing to unpack .../196-qemu-utils_1%3a8.2.2+ds-0ubuntu1.18_amd64.deb ...
firmware (release)	Build toolchain	2026-10-07T23:28:23.9732152Z #6 39.05 Unpacking qemu-utils (1:8.2.2+ds-0ubuntu1.18) ...
firmware (release)	Build toolchain	2026-10-07T23:28:23.9732539Z #6 39.10 Selecting previously unselected package x11-xkb-utils.
firmware (release)	Build toolchain	2026-10-07T23:28:23.9732910Z #6 39.10 Preparing to unpack .../197-x11-xkb-utils_7.7+8build2_amd64.deb ...
firmware (release)	Build toolchain	2026-10-07T23:28:23.9733368Z #6 39.10 Unpacking x11-xkb-utils (7.7+8build2) ...
firmware (release)	Build toolchain	2026-10-07T23:28:23.9733712Z #6 39.12 Selecting previously unselected package xserver-common.
firmware (release)	Build toolchain	2026-10-07T23:28:23.9734085Z #6 39.13 Preparing to unpack .../198-xserver-common_2%3a21.1.12-1ubuntu1.8_all.deb ...
firmware (release)	Build toolchain	2026-10-07T23:28:23.9734435Z #6 39.13 Unpacking xserver-common (2:21.1.12-1ubuntu1.8) ...
firmware (release)	Build toolchain	2026-10-07T23:28:23.9734909Z #6 39.14 Selecting previously unselected package libglvnd0:amd64.
firmware (release)	Build toolchain	2026-10-07T23:28:23.9735555Z #6 39.15 Preparing to unpack .../199-libglvnd0_1.7.0-1build1_amd64.deb ...
firmware (release)	Build toolchain	2026-10-07T23:28:24.0831796Z #6 39.15 Unpacking libglvnd0:amd64 (1.7.0-1build1) ...
firmware (release)	Build toolchain	2026-10-07T23:28:24.0832302Z #6 39.16 Selecting previously unselected package libglx0:amd64.
firmware (release)	Build toolchain	2026-10-07T23:28:24.0832658Z #6 39.17 Preparing to unpack .../200-libglx0_1.7.0-1build1_amd64.deb ...
firmware (release)	Build toolchain	2026-10-07T23:28:24.0832967Z #6 39.17 Unpacking libglx0:amd64 (1.7.0-1build1) ...
firmware (release)	Build toolchain	2026-10-07T23:28:24.0833250Z #6 39.18 Selecting previously unselected package libgl1:amd64.
firmware (release)	Build toolchain	2026-10-07T23:28:24.0833595Z #6 39.19 Preparing to unpack .../201-libgl1_1.7.0-1build1_amd64.deb ...
firmware (release)	Build toolchain	2026-10-07T23:28:24.0834179Z #6 39.19 Unpacking libgl1:amd64 (1.7.0-1build1) ...
firmware (release)	Build toolchain	2026-10-07T23:28:24.0834448Z #6 39.22 Selecting previously unselected package xvfb.
firmware (release)	Build toolchain	2026-10-07T23:28:24.0834771Z #6 39.22 Preparing to unpack .../202-xvfb_2%3a21.1.12-1ubuntu1.8_amd64.deb ...
firmware (release)	Build toolchain	2026-10-07T23:28:24.0835074Z #6 39.22 Unpacking xvfb (2:21.1.12-1ubuntu1.8) ...
firmware (release)	Build toolchain	2026-10-07T23:28:24.0835376Z #6 39.26 Selecting previously unselected package g++-mingw-w64-i686.
firmware (release)	Build toolchain	2026-10-07T23:28:24.1840439Z #6 39.26 Preparing to unpack .../203-g++-mingw-w64-i686_13.2.0-6ubuntu1+26.1_all.deb ...
firmware (release)	Build toolchain	2026-10-07T23:28:24.1844726Z #6 39.26 Unpacking g++-mingw-w64-i686 (13.2.0-6ubuntu1+26.1) ...
firmware (release)	Build toolchain	2026-10-07T23:28:24.1845195Z #6 39.28 Selecting previously unselected package gcc-mingw-w64-i686.
firmware (release)	Build toolchain	2026-10-07T23:28:24.1845608Z #6 39.28 Preparing to unpack .../204-gcc-mingw-w64-i686_13.2.0-6ubuntu1+26.1_all.deb ...
firmware (release)	Build toolchain	2026-10-07T23:28:24.1846076Z #6 39.29 Unpacking gcc-mingw-w64-i686 (13.2.0-6ubuntu1+26.1) ...
firmware (release)	Build toolchain	2026-10-07T23:28:24.1846573Z #6 39.30 Selecting previously unselected package libegl1:amd64.
firmware (release)	Build toolchain	2026-10-07T23:28:24.1847279Z #6 39.30 Preparing to unpack .../205-libegl1_1.7.0-1build1_amd64.deb ...
firmware (release)	Build toolchain	2026-10-07T23:28:24.1847667Z #6 39.30 Unpacking libegl1:amd64 (1.7.0-1build1) ...
firmware (release)	Build toolchain	2026-10-07T23:28:24.1848051Z #6 39.35 Setting up media-types (10.1.0) ...
firmware (release)	Build toolchain	2026-10-07T23:28:24.1848452Z #6 39.35 Setting up libpixman-1-0:amd64 (0.42.2-1build1) ...
firmware (release)	Build toolchain	2026-10-07T23:28:24.1849077Z #6 39.35 Setting up libpciaccess0:amd64 (0.17-3ubuntu0.24.04.3) ...
firmware (release)	Build toolchain	2026-10-07T23:28:24.1849383Z #6 39.35 Setting up libxau6:amd64 (1:1.0.9-1build6) ...
firmware (release)	Build toolchain	2026-10-07T23:28:24.1849653Z #6 39.35 Setting up libkeyutils1:amd64 (1.6.3-3build1) ...
firmware (release)	Build toolchain	2026-10-07T23:28:24.1849989Z #6 39.36 Setting up libapparmor1:amd64 (4.0.1really4.0.1-0ubuntu0.24.04.8) ...
firmware (release)	Build toolchain	2026-10-07T23:28:24.3586749Z #6 39.36 Setting up libogg0:amd64 (1.3.5-3build1) ...
firmware (release)	Build toolchain	2026-10-07T23:28:24.3587137Z #6 39.36 Setting up libgdbm6t64:amd64 (1.23-5.1build1) ...
firmware (release)	Build toolchain	2026-10-07T23:28:24.3587456Z #6 39.36 Setting up libgdbm-compat4t64:amd64 (1.23-5.1build1) ...
firmware (release)	Build toolchain	2026-10-07T23:28:24.3587813Z #6 39.37 Setting up libglvnd0:amd64 (1.7.0-1build1) ...
firmware (release)	Build toolchain	2026-10-07T23:28:24.3588089Z #6 39.37 Setting up libbrotli1:amd64 (1.1.0-2build2) ...
firmware (release)	Build toolchain	2026-10-07T23:28:24.3588371Z #6 39.37 Setting up libsqlite3-0:amd64 (3.45.1-1ubuntu2.8) ...
firmware (release)	Build toolchain	2026-10-07T23:28:24.3588651Z #6 39.37 Setting up libuv1t64:amd64 (1.48.0-1.1build1) ...
firmware (release)	Build toolchain	2026-10-07T23:28:24.3589086Z #6 39.38 Setting up binutils-common:amd64 (2.42-4ubuntu2.10) ...
firmware (release)	Build toolchain	2026-10-07T23:28:24.3589368Z #6 39.38 Setting up x11-common (1:7.7+23ubuntu3) ...
firmware (release)	Build toolchain	2026-10-07T23:28:24.3819019Z #6 39.55 invoke-rc.d: could not determine current runlevel
firmware (release)	Build toolchain	2026-10-07T23:28:24.5785846Z #6 39.57 invoke-rc.d: policy-rc.d denied execution of start.
firmware (release)	Build toolchain	2026-10-07T23:28:24.5786274Z #6 39.58 Setting up libsensors-config (1:3.6.0-9build1) ...
firmware (release)	Build toolchain	2026-10-07T23:28:24.5787123Z #6 39.58 Setting up libpsl5t64:amd64 (0.21.2-1.1build1) ...
firmware (release)	Build toolchain	2026-10-07T23:28:24.5787411Z #6 39.58 Setting up libnghttp2-14:amd64 (1.59.0-1ubuntu0.4) ...
firmware (release)	Build toolchain	2026-10-07T23:28:24.5787762Z #6 39.59 Setting up linux-libc-dev:amd64 (6.8.0-146.146) ...
firmware (release)	Build toolchain	2026-10-07T23:28:24.5788066Z #6 39.59 Setting up libctf-nobfd0:amd64 (2.42-4ubuntu2.10) ...
firmware (release)	Build toolchain	2026-10-07T23:28:24.5788326Z #6 39.59 Setting up m4 (1.4.19-4build1) ...
firmware (release)	Build toolchain	2026-10-07T23:28:24.5788562Z #6 39.59 Setting up xkb-data (2.41-2ubuntu1.1) ...
firmware (release)	Build toolchain	2026-10-07T23:28:24.5789040Z #6 39.59 Setting up gcc-mingw-w64-base:amd64 (13.2.0-6ubuntu1+26.1) ...
firmware (release)	Build toolchain	2026-10-07T23:28:24.5789374Z #6 39.60 Setting up libmpg123-0t64:amd64 (1.32.5-1ubuntu1.1) ...
firmware (release)	Build toolchain	2026-10-07T23:28:24.5789659Z #6 39.61 Setting up libgomp1:amd64 (14.2.0-4ubuntu2~24.04.1) ...
firmware (release)	Build toolchain	2026-10-07T23:28:24.5789937Z #6 39.61 Setting up libunwind8:amd64 (1.6.2-3build1.1) ...
firmware (release)	Build toolchain	2026-10-07T23:28:24.5790212Z #6 39.61 Setting up libsframe1:amd64 (2.42-4ubuntu2.10) ...
firmware (release)	Build toolchain	2026-10-07T23:28:24.5790476Z #6 39.61 Setting up ninja-build (1.11.1-2) ...
firmware (release)	Build toolchain	2026-10-07T23:28:24.5790741Z #6 39.63 Setting up libelf1t64:amd64 (0.190-1.1ubuntu0.1) ...
firmware (release)	Build toolchain	2026-10-07T23:28:24.5791015Z #6 39.63 Setting up libjansson4:amd64 (2.14-2build2) ...
firmware (release)	Build toolchain	2026-10-07T23:28:24.5791574Z #6 39.63 Setting up libkrb5support0:amd64 (1.20.1-6ubuntu2.10) ...
firmware (release)	Build toolchain	2026-10-07T23:28:24.5792185Z #6 39.63 Setting up libc6-x32 (2.39-0ubuntu8.9) ...
firmware (release)	Build toolchain	2026-10-07T23:28:24.5792487Z #6 39.64 Setting up libsasl2-modules-db:amd64 (2.1.28+dfsg1-5ubuntu3.1) ...
firmware (release)	Build toolchain	2026-10-07T23:28:24.5792813Z #6 39.64 Setting up tzdata (2026c-0ubuntu0.24.04.1) ...
firmware (release)	Build toolchain	2026-10-07T23:28:24.5793045Z #6 39.75 
firmware (release)	Build toolchain	2026-10-07T23:28:24.5793229Z #6 39.75 Current default time zone: 'Etc/UTC'
firmware (release)	Build toolchain	2026-10-07T23:28:24.7532709Z #6 39.79 Local time is now:      Wed Oct  7 23:28:24 UTC 2026.
firmware (release)	Build toolchain	2026-10-07T23:28:24.7533789Z #6 39.79 Universal Time is now:  Wed Oct  7 23:28:24 UTC 2026.
firmware (release)	Build toolchain	2026-10-07T23:28:24.7534725Z #6 39.79 Run 'dpkg-reconfigure tzdata' if you wish to change it.
firmware (release)	Build toolchain	2026-10-07T23:28:24.7535278Z #6 39.79 
firmware (release)	Build toolchain	2026-10-07T23:28:24.7535584Z #6 39.80 Setting up libfontenc1:amd64 (1:1.1.8-1build1) ...
firmware (release)	Build toolchain	2026-10-07T23:28:24.7536033Z #6 39.80 Setting up libglib2.0-0t64:amd64 (2.80.0-6ubuntu3.9) ...
firmware (release)	Build toolchain	2026-10-07T23:28:24.7536453Z #6 39.93 No schema files found: doing nothing.
firmware (release)	Build toolchain	2026-10-07T23:28:24.8548319Z #6 39.93 Setting up gcc-mingw-w64-i686-posix-runtime (13.2.0-6ubuntu1+26.1) ...
firmware (release)	Build toolchain	2026-10-07T23:28:24.8548793Z #6 39.93 Setting up rpcsvc-proto (1.4.2-0ubuntu7) ...
firmware (release)	Build toolchain	2026-10-07T23:28:24.8549371Z #6 39.94 Setting up gcc-13-base:amd64 (13.3.0-6ubuntu2~24.04.1) ...
firmware (release)	Build toolchain	2026-10-07T23:28:24.8549850Z #6 39.94 Setting up libx11-data (2:1.8.7-1build1) ...
firmware (release)	Build toolchain	2026-10-07T23:28:24.8550303Z #6 39.94 Setting up make (4.3-4.1build2) ...
firmware (release)	Build toolchain	2026-10-07T23:28:24.8550765Z #6 39.94 Setting up libmpfr6:amd64 (4.2.1-1build1.1) ...
firmware (release)	Build toolchain	2026-10-07T23:28:24.8551282Z #6 39.95 Setting up librtmp1:amd64 (2.4+20151223.gitfa8646d.1-2build7) ...
firmware (release)	Build toolchain	2026-10-07T23:28:24.8551781Z #6 39.95 Setting up libdbus-1-3:amd64 (1.14.10-4ubuntu4.1) ...
firmware (release)	Build toolchain	2026-10-07T23:28:24.8552292Z #6 39.95 Setting up xz-utils (5.6.1+really5.4.5-1ubuntu0.3) ...
firmware (release)	Build toolchain	2026-10-07T23:28:24.8552904Z #6 39.97 update-alternatives: using /usr/bin/xz to provide /usr/bin/lzma (lzma) in auto mode
firmware (release)	Build toolchain	2026-10-07T23:28:24.8553898Z #6 39.97 update-alternatives: warning: skip creation of /usr/share/man/man1/lzma.1.gz because associated file /usr/share/man/man1/xz.1.gz (of link group lzma) doesn't exist
firmware (release)	Build toolchain	2026-10-07T23:28:24.8555189Z #6 39.97 update-alternatives: warning: skip creation of /usr/share/man/man1/unlzma.1.gz because associated file /usr/share/man/man1/unxz.1.gz (of link group lzma) doesn't exist
firmware (release)	Build toolchain	2026-10-07T23:28:24.8556536Z #6 39.97 update-alternatives: warning: skip creation of /usr/share/man/man1/lzcat.1.gz because associated file /usr/share/man/man1/xzcat.1.gz (of link group lzma) doesn't exist
firmware (release)	Build toolchain	2026-10-07T23:28:24.8557941Z #6 39.97 update-alternatives: warning: skip creation of /usr/share/man/man1/lzmore.1.gz because associated file /usr/share/man/man1/xzmore.1.gz (of link group lzma) doesn't exist
firmware (release)	Build toolchain	2026-10-07T23:28:24.8559144Z #6 39.97 update-alternatives: warning: skip creation of /usr/share/man/man1/lzless.1.gz because associated file /usr/share/man/man1/xzless.1.gz (of link group lzma) doesn't exist
firmware (release)	Build toolchain	2026-10-07T23:28:24.8559979Z #6 39.97 update-alternatives: warning: skip creation of /usr/share/man/man1/lzdiff.1.gz because associated file /usr/share/man/man1/xzdiff.1.gz (of link group lzma) doesn't exist
firmware (release)	Build toolchain	2026-10-07T23:28:24.8560820Z #6 39.97 update-alternatives: warning: skip creation of /usr/share/man/man1/lzcmp.1.gz because associated file /usr/share/man/man1/xzcmp.1.gz (of link group lzma) doesn't exist
firmware (release)	Build toolchain	2026-10-07T23:28:24.8561642Z #6 39.97 update-alternatives: warning: skip creation of /usr/share/man/man1/lzgrep.1.gz because associated file /usr/share/man/man1/xzgrep.1.gz (of link group lzma) doesn't exist
firmware (release)	Build toolchain	2026-10-07T23:28:24.8562485Z #6 39.97 update-alternatives: warning: skip creation of /usr/share/man/man1/lzegrep.1.gz because associated file /usr/share/man/man1/xzegrep.1.gz (of link group lzma) doesn't exist
firmware (release)	Build toolchain	2026-10-07T23:28:24.8563339Z #6 39.97 update-alternatives: warning: skip creation of /usr/share/man/man1/lzfgrep.1.gz because associated file /usr/share/man/man1/xzfgrep.1.gz (of link group lzma) doesn't exist
firmware (release)	Build toolchain	2026-10-07T23:28:24.8564150Z #6 39.98 Setting up perl-modules-5.38 (5.38.2-3.2ubuntu0.6) ...
firmware (release)	Build toolchain	2026-10-07T23:28:24.8564447Z #6 39.98 Setting up libopus0:amd64 (1.4-1build1) ...
firmware (release)	Build toolchain	2026-10-07T23:28:24.8564734Z #6 39.98 Setting up libquadmath0:amd64 (14.2.0-4ubuntu2~24.04.1) ...
firmware (release)	Build toolchain	2026-10-07T23:28:24.8565043Z #6 39.99 Setting up libpng16-16t64:amd64 (1.6.43-5ubuntu0.6) ...
firmware (release)	Build toolchain	2026-10-07T23:28:24.8565332Z #6 39.99 Setting up libmpc3:amd64 (1.3.1-1build1.1) ...
firmware (release)	Build toolchain	2026-10-07T23:28:24.8565614Z #6 39.99 Setting up libatomic1:amd64 (14.2.0-4ubuntu2~24.04.1) ...
firmware (release)	Build toolchain	2026-10-07T23:28:24.8565906Z #6 39.99 Setting up libvorbis0a:amd64 (1.3.7-1build3) ...
firmware (release)	Build toolchain	2026-10-07T23:28:24.8566271Z #6 39.99 Setting up libjsoncpp25:amd64 (1.9.5-6build1) ...
firmware (release)	Build toolchain	2026-10-07T23:28:24.8566580Z #6 40.00 Setting up libsensors5:amd64 (1:3.6.0-9build1) ...
firmware (release)	Build toolchain	2026-10-07T23:28:24.8566906Z #6 40.00 Setting up binutils-mingw-w64-i686 (2.41.90.20240122-1ubuntu1+11.4) ...
firmware (release)	Build toolchain	2026-10-07T23:28:24.8567241Z #6 40.00 Setting up libk5crypto3:amd64 (1.20.1-6ubuntu2.10) ...
firmware (release)	Build toolchain	2026-10-07T23:28:24.8567525Z #6 40.00 Setting up libfuse3-3:amd64 (3.14.0-5build1) ...
firmware (release)	Build toolchain	2026-10-07T23:28:24.8568014Z #6 40.01 Setting up libx32gomp1 (14.2.0-4ubuntu2~24.04.1) ...
firmware (release)	Build toolchain	2026-10-07T23:28:24.8568311Z #6 40.01 Setting up libsasl2-2:amd64 (2.1.28+dfsg1-5ubuntu3.1) ...
firmware (release)	Build toolchain	2026-10-07T23:28:24.8568606Z #6 40.01 Setting up libvulkan1:amd64 (1.3.275.0-1build1) ...
firmware (release)	Build toolchain	2026-10-07T23:28:24.8569064Z #6 40.01 Setting up lz4 (1.9.4-1build1.1) ...
firmware (release)	Build toolchain	2026-10-07T23:28:24.8569331Z #6 40.01 Setting up libubsan1:amd64 (14.2.0-4ubuntu2~24.04.1) ...
firmware (release)	Build toolchain	2026-10-07T23:28:24.8569726Z #6 40.02 Setting up libicu74:amd64 (74.2-1ubuntu3.1) ...
firmware (release)	Build toolchain	2026-10-07T23:28:24.8570003Z #6 40.02 Setting up libnuma1:amd64 (2.0.18-1ubuntu0.24.04.1) ...
firmware (release)	Build toolchain	2026-10-07T23:28:24.8570294Z #6 40.02 Setting up libslirp0:amd64 (4.7.0-1ubuntu3.1) ...
firmware (release)	Build toolchain	2026-10-07T23:28:24.8570653Z #6 40.02 Setting up libaio1t64:amd64 (0.3.113-6build1.1) ...
firmware (release)	Build toolchain	2026-10-07T23:28:24.8571143Z #6 40.03 Setting up gcc-mingw-w64-i686-win32-runtime (13.2.0-6ubuntu1+26.1) ...
firmware (release)	Build toolchain	2026-10-07T23:28:24.9556466Z #6 40.03 Setting up libasyncns0:amd64 (0.8-6build4) ...
firmware (release)	Build toolchain	2026-10-07T23:28:24.9557070Z #6 40.03 Setting up libxshmfence1:amd64 (1.3-1build5) ...
firmware (release)	Build toolchain	2026-10-07T23:28:24.9557521Z #6 40.03 Setting up libhwasan0:amd64 (14.2.0-4ubuntu2~24.04.1) ...
firmware (release)	Build toolchain	2026-10-07T23:28:24.9557976Z #6 40.04 Setting up librhash0:amd64 (1.4.3-3build1) ...
firmware (release)	Build toolchain	2026-10-07T23:28:24.9558403Z #6 40.04 Setting up libcrypt-dev:amd64 (1:4.4.36-4build1) ...
firmware (release)	Build toolchain	2026-10-07T23:28:24.9559166Z #6 40.04 Setting up libasan8:amd64 (14.2.0-4ubuntu2~24.04.1) ...
firmware (release)	Build toolchain	2026-10-07T23:28:24.9559651Z #6 40.05 Setting up bison (2:3.8.2+dfsg-1ubuntu0.24.04.1) ...
firmware (release)	Build toolchain	2026-10-07T23:28:24.9560056Z #6 40.05 update-alternatives: using /usr/bin/bison.yacc to provide /usr/bin/yacc (yacc) in auto mode
firmware (release)	Build toolchain	2026-10-07T23:28:24.9560776Z #6 40.05 update-alternatives: warning: skip creation of /usr/share/man/man1/yacc.1.gz because associated file /usr/share/man/man1/bison.yacc.1.gz (of link group yacc) doesn't exist
firmware (release)	Build toolchain	2026-10-07T23:28:24.9561360Z #6 40.05 Setting up libc6-i386 (2.39-0ubuntu8.9) ...
firmware (release)	Build toolchain	2026-10-07T23:28:24.9561642Z #6 40.05 Setting up git-man (1:2.43.0-1ubuntu7.3) ...
firmware (release)	Build toolchain	2026-10-07T23:28:24.9561926Z #6 40.06 Setting up libx32quadmath0 (14.2.0-4ubuntu2~24.04.1) ...
firmware (release)	Build toolchain	2026-10-07T23:28:24.9562184Z #6 40.10 Setting up netbase (6.4) ...
firmware (release)	Build toolchain	2026-10-07T23:28:24.9562413Z #6 40.11 Setting up cmake-data (3.28.3-1build7) ...
firmware (release)	Build toolchain	2026-10-07T23:28:24.9562681Z #6 40.12 Setting up libkrb5-3:amd64 (1.20.1-6ubuntu2.10) ...
firmware (release)	Build toolchain	2026-10-07T23:28:24.9562969Z #6 40.12 Setting up libflac12t64:amd64 (1.4.3+ds-2.1ubuntu2) ...
firmware (release)	Build toolchain	2026-10-07T23:28:24.9563268Z #6 40.12 Setting up libperl5.38t64:amd64 (5.38.2-3.2ubuntu0.6) ...
firmware (release)	Build toolchain	2026-10-07T23:28:24.9563565Z #6 40.12 Setting up libtsan2:amd64 (14.2.0-4ubuntu2~24.04.1) ...
firmware (release)	Build toolchain	2026-10-07T23:28:24.9563834Z #6 40.12 Setting up mingw-w64-common (11.0.1-3build1) ...
firmware (release)	Build toolchain	2026-10-07T23:28:24.9564110Z #6 40.13 Setting up libbinutils:amd64 (2.42-4ubuntu2.10) ...
firmware (release)	Build toolchain	2026-10-07T23:28:25.0560371Z #6 40.13 Setting up liburing2:amd64 (2.5-1build1) ...
firmware (release)	Build toolchain	2026-10-07T23:28:25.0560936Z #6 40.13 Setting up libisl23:amd64 (0.26-3build1.1) ...
firmware (release)	Build toolchain	2026-10-07T23:28:25.0561912Z #6 40.13 Setting up libc-dev-bin (2.39-0ubuntu8.9) ...
firmware (release)	Build toolchain	2026-10-07T23:28:25.0562413Z #6 40.14 Setting up libsamplerate0:amd64 (0.2.2-4build1) ...
firmware (release)	Build toolchain	2026-10-07T23:28:25.0562855Z #6 40.14 Setting up openssl (3.0.13-0ubuntu3.16) ...
firmware (release)	Build toolchain	2026-10-07T23:28:25.0563183Z #6 40.14 Setting up libbsd0:amd64 (0.12.1-1build1.1) ...
firmware (release)	Build toolchain	2026-10-07T23:28:25.0563515Z #6 40.14 Setting up libdrm-common (2.4.125-1ubuntu0.1~24.04.2) ...
firmware (release)	Build toolchain	2026-10-07T23:28:25.0564023Z #6 40.15 Setting up libhiredis1.1.0:amd64 (1.2.0-6ubuntu3) ...
firmware (release)	Build toolchain	2026-10-07T23:28:25.0564321Z #6 40.15 Setting up readline-common (8.2-4build1) ...
firmware (release)	Build toolchain	2026-10-07T23:28:25.0564601Z #6 40.19 Setting up libxml2:amd64 (2.9.14+dfsg-1.3ubuntu3.9) ...
firmware (release)	Build toolchain	2026-10-07T23:28:25.0564894Z #6 40.19 Setting up lib32atomic1 (14.2.0-4ubuntu2~24.04.1) ...
firmware (release)	Build toolchain	2026-10-07T23:28:25.0565185Z #6 40.20 Setting up libcc1-0:amd64 (14.2.0-4ubuntu2~24.04.1) ...
firmware (release)	Build toolchain	2026-10-07T23:28:25.0565487Z #6 40.20 Setting up libldap2:amd64 (2.6.10+dfsg-0ubuntu0.24.04.1) ...
firmware (release)	Build toolchain	2026-10-07T23:28:25.0565789Z #6 40.20 Setting up liblsan0:amd64 (14.2.0-4ubuntu2~24.04.1) ...
firmware (release)	Build toolchain	2026-10-07T23:28:25.0566298Z #6 40.20 Setting up libmp3lame0:amd64 (3.100-6build1) ...
firmware (release)	Build toolchain	2026-10-07T23:28:25.0566577Z #6 40.20 Setting up libitm1:amd64 (14.2.0-4ubuntu2~24.04.1) ...
firmware (release)	Build toolchain	2026-10-07T23:28:25.0566860Z #6 40.20 Setting up libvorbisenc2:amd64 (1.3.7-1build3) ...
firmware (release)	Build toolchain	2026-10-07T23:28:25.0567241Z #6 40.21 Setting up libx32atomic1 (14.2.0-4ubuntu2~24.04.1) ...
firmware (release)	Build toolchain	2026-10-07T23:28:25.0567619Z #6 40.21 Setting up libwayland-client0:amd64 (1.22.0-2.1build1) ...
firmware (release)	Build toolchain	2026-10-07T23:28:25.0567911Z #6 40.21 Setting up libctf0:amd64 (2.42-4ubuntu2.10) ...
firmware (release)	Build toolchain	2026-10-07T23:28:25.0568173Z #6 40.21 Setting up libice6:amd64 (2:1.0.10-1build3) ...
firmware (release)	Build toolchain	2026-10-07T23:28:25.0568460Z #6 40.21 Setting up libxdmcp6:amd64 (1:1.1.3-0ubuntu6) ...
firmware (release)	Build toolchain	2026-10-07T23:28:25.0568729Z #6 40.22 Setting up flex (2.6.4-8.2build1) ...
firmware (release)	Build toolchain	2026-10-07T23:28:25.0569230Z #6 40.22 Setting up libxcb1:amd64 (1.15-1ubuntu2) ...
firmware (release)	Build toolchain	2026-10-07T23:28:25.0569497Z #6 40.22 Setting up lib32itm1 (14.2.0-4ubuntu2~24.04.1) ...
firmware (release)	Build toolchain	2026-10-07T23:28:25.0569791Z #6 40.22 Setting up libxcb-xfixes0:amd64 (1.15-1ubuntu2) ...
firmware (release)	Build toolchain	2026-10-07T23:28:25.0570109Z #6 40.22 Setting up cpp-13-x86-64-linux-gnu (13.3.0-6ubuntu2~24.04.1) ...
firmware (release)	Build toolchain	2026-10-07T23:28:25.0570419Z #6 40.22 Setting up libx32gcc-s1 (14.2.0-4ubuntu2~24.04.1) ...
firmware (release)	Build toolchain	2026-10-07T23:28:25.0570699Z #6 40.23 Setting up libxcb-glx0:amd64 (1.15-1ubuntu2) ...
firmware (release)	Build toolchain	2026-10-07T23:28:25.0570973Z #6 40.23 Setting up libedit2:amd64 (3.1-20230828-1build1) ...
firmware (release)	Build toolchain	2026-10-07T23:28:25.2307408Z #6 40.23 Setting up ccache (4.9.1-1) ...
firmware (release)	Build toolchain	2026-10-07T23:28:25.2307798Z #6 40.24 Updating symlinks in /usr/lib/ccache ...
firmware (release)	Build toolchain	2026-10-07T23:28:25.2308087Z #6 40.25 Setting up libx32itm1 (14.2.0-4ubuntu2~24.04.1) ...
firmware (release)	Build toolchain	2026-10-07T23:28:25.2308380Z #6 40.25 Setting up libxcb-shm0:amd64 (1.15-1ubuntu2) ...
firmware (release)	Build toolchain	2026-10-07T23:28:25.2308667Z #6 40.25 Setting up libx32asan8 (14.2.0-4ubuntu2~24.04.1) ...
firmware (release)	Build toolchain	2026-10-07T23:28:25.2310000Z #6 40.25 Setting up libxcb-present0:amd64 (1.15-1ubuntu2) ...
firmware (release)	Build toolchain	2026-10-07T23:28:25.2310385Z #6 40.25 Setting up ca-certificates (20260601~24.04.1) ...
firmware (release)	Build toolchain	2026-10-07T23:28:25.5390173Z #6 40.71 Updating certificates in /etc/ssl/certs...
firmware (release)	Build toolchain	2026-10-07T23:28:25.9787395Z #6 41.15 121 added, 0 removed; done.
firmware (release)	Build toolchain	2026-10-07T23:28:26.0809735Z #6 41.21 Setting up perl (5.38.2-3.2ubuntu0.6) ...
firmware (release)	Build toolchain	2026-10-07T23:28:26.0810155Z #6 41.21 Setting up libgprofng0:amd64 (2.42-4ubuntu2.10) ...
firmware (release)	Build toolchain	2026-10-07T23:28:26.0810449Z #6 41.21 Setting up lib32gomp1 (14.2.0-4ubuntu2~24.04.1) ...
firmware (release)	Build toolchain	2026-10-07T23:28:26.0810805Z #6 41.22 Setting up libfreetype6:amd64 (2.13.2+dfsg-1ubuntu0.2) ...
firmware (release)	Build toolchain	2026-10-07T23:28:26.0811260Z #6 41.22 Setting up lib32gcc-s1 (14.2.0-4ubuntu2~24.04.1) ...
firmware (release)	Build toolchain	2026-10-07T23:28:26.0811719Z #6 41.22 Setting up lib32stdc++6 (14.2.0-4ubuntu2~24.04.1) ...
firmware (release)	Build toolchain	2026-10-07T23:28:26.0812155Z #6 41.22 Setting up libxcb-sync1:amd64 (1.15-1ubuntu2) ...
firmware (release)	Build toolchain	2026-10-07T23:28:26.0812549Z #6 41.23 Setting up lib32asan8 (14.2.0-4ubuntu2~24.04.1) ...
firmware (release)	Build toolchain	2026-10-07T23:28:26.0812869Z #6 41.23 Setting up libgssapi-krb5-2:amd64 (1.20.1-6ubuntu2.10) ...
firmware (release)	Build toolchain	2026-10-07T23:28:26.0813487Z #6 41.23 Setting up libllvm20:amd64 (1:20.1.2-0ubuntu1~24.04.3) ...
firmware (release)	Build toolchain	2026-10-07T23:28:26.0813806Z #6 41.23 Setting up libssh-4:amd64 (0.10.6-2ubuntu0.5) ...
firmware (release)	Build toolchain	2026-10-07T23:28:26.0814197Z #6 41.24 Setting up libreadline8t64:amd64 (8.2-4build1) ...
firmware (release)	Build toolchain	2026-10-07T23:28:26.0814494Z #6 41.24 Setting up libdrm2:amd64 (2.4.125-1ubuntu0.1~24.04.2) ...
firmware (release)	Build toolchain	2026-10-07T23:28:26.0814800Z #6 41.24 Setting up libgcc-13-dev:amd64 (13.3.0-6ubuntu2~24.04.1) ...
firmware (release)	Build toolchain	2026-10-07T23:28:26.0815096Z #6 41.24 Setting up libxcb-randr0:amd64 (1.15-1ubuntu2) ...
firmware (release)	Build toolchain	2026-10-07T23:28:26.0815378Z #6 41.25 Setting up lib32quadmath0 (14.2.0-4ubuntu2~24.04.1) ...
firmware (release)	Build toolchain	2026-10-07T23:28:26.0815657Z #6 41.25 Setting up mingw-w64-i686-dev (11.0.1-3build1) ...
firmware (release)	Build toolchain	2026-10-07T23:28:26.0815930Z #6 41.25 Setting up libc6-dev:amd64 (2.39-0ubuntu8.9) ...
firmware (release)	Build toolchain	2026-10-07T23:28:26.0816202Z #6 41.25 Setting up libx11-6:amd64 (2:1.8.7-1build1) ...
firmware (release)	Build toolchain	2026-10-07T23:28:26.0816478Z #6 41.25 Setting up libsndfile1:amd64 (1.2.2-1ubuntu5.24.04.1) ...
firmware (release)	Build toolchain	2026-10-07T23:28:26.1814845Z #6 41.26 Setting up libxkbfile1:amd64 (1:1.1.0-1build4) ...
firmware (release)	Build toolchain	2026-10-07T23:28:26.1817579Z #6 41.26 Setting up qemu-utils (1:8.2.2+ds-0ubuntu1.18) ...
firmware (release)	Build toolchain	2026-10-07T23:28:26.1817946Z #6 41.26 Setting up libsm6:amd64 (2:1.2.3-1build3) ...
firmware (release)	Build toolchain	2026-10-07T23:28:26.1818281Z #6 41.26 Setting up libarchive13t64:amd64 (3.7.2-2ubuntu0.8) ...
firmware (release)	Build toolchain	2026-10-07T23:28:26.1818613Z #6 41.26 Setting up libxfont2:amd64 (1:2.0.6-1+deb13u1build0.24.04.2) ...
firmware (release)	Build toolchain	2026-10-07T23:28:26.1819271Z #6 41.27 Setting up libxmuu1:amd64 (2:1.1.3-3build2) ...
firmware (release)	Build toolchain	2026-10-07T23:28:26.1819586Z #6 41.27 Setting up libstdc++-13-dev:amd64 (13.3.0-6ubuntu2~24.04.1) ...
firmware (release)	Build toolchain	2026-10-07T23:28:26.1819919Z #6 41.27 Setting up binutils-x86-64-linux-gnu (2.42-4ubuntu2.10) ...
firmware (release)	Build toolchain	2026-10-07T23:28:26.1820251Z #6 41.27 Setting up libdrm-amdgpu1:amd64 (2.4.125-1ubuntu0.1~24.04.2) ...
firmware (release)	Build toolchain	2026-10-07T23:28:26.1820665Z #6 41.28 Setting up libx32stdc++6 (14.2.0-4ubuntu2~24.04.1) ...
firmware (release)	Build toolchain	2026-10-07T23:28:26.1820974Z #6 41.28 Setting up cpp-x86-64-linux-gnu (4:13.2.0-7ubuntu1) ...
firmware (release)	Build toolchain	2026-10-07T23:28:26.1821271Z #6 41.28 Setting up libxcb-dri3-0:amd64 (1.15-1ubuntu2) ...
firmware (release)	Build toolchain	2026-10-07T23:28:26.1821605Z #6 41.28 Setting up gcc-mingw-w64-i686-win32 (13.2.0-6ubuntu1+26.1) ...
firmware (release)	Build toolchain	2026-10-07T23:28:26.1822201Z #6 41.28 update-alternatives: using /usr/bin/i686-w64-mingw32-gcc-win32 to provide /usr/bin/i686-w64-mingw32-gcc (i686-w64-mingw32-gcc) in auto mode
firmware (release)	Build toolchain	2026-10-07T23:28:26.1822738Z #6 41.29 Setting up libx11-xcb1:amd64 (2:1.8.7-1build1) ...
firmware (release)	Build toolchain	2026-10-07T23:28:26.1823021Z #6 41.29 Setting up libc6-dev-i386 (2.39-0ubuntu8.9) ...
firmware (release)	Build toolchain	2026-10-07T23:28:26.1823322Z #6 41.29 Setting up libpython3.12-stdlib:amd64 (3.12.3-1ubuntu0.17) ...
firmware (release)	Build toolchain	2026-10-07T23:28:26.1823698Z #6 41.29 Setting up libxpm4:amd64 (1:3.5.17-1ubuntu0.24.04.2) ...
firmware (release)	Build toolchain	2026-10-07T23:28:26.1824057Z #6 41.33 Setting up libx32ubsan1 (14.2.0-4ubuntu2~24.04.1) ...
firmware (release)	Build toolchain	2026-10-07T23:28:26.1824385Z #6 41.34 Setting up cpp-13 (13.3.0-6ubuntu2~24.04.1) ...
firmware (release)	Build toolchain	2026-10-07T23:28:26.1824686Z #6 41.34 Setting up libxrender1:amd64 (1:0.9.10-1.1build1) ...
firmware (release)	Build toolchain	2026-10-07T23:28:26.1825013Z #6 41.34 Setting up g++-mingw-w64-i686-win32 (13.2.0-6ubuntu1+26.1) ...
firmware (release)	Build toolchain	2026-10-07T23:28:26.1825589Z #6 41.34 update-alternatives: using /usr/bin/i686-w64-mingw32-g++-win32 to provide /usr/bin/i686-w64-mingw32-g++ (i686-w64-mingw32-g++) in auto mode
firmware (release)	Build toolchain	2026-10-07T23:28:26.1826086Z #6 41.34 Setting up libcurl4t64:amd64 (8.5.0-2ubuntu10.15) ...
firmware (release)	Build toolchain	2026-10-07T23:28:26.1826404Z #6 41.35 Setting up libpulse0:amd64 (1:16.1+dfsg1-2ubuntu10.1) ...
firmware (release)	Build toolchain	2026-10-07T23:28:26.1826752Z #6 41.35 Setting up gcc-13-x86-64-linux-gnu (13.3.0-6ubuntu2~24.04.1) ...
firmware (release)	Build toolchain	2026-10-07T23:28:26.1827077Z #6 41.35 Setting up python3.12 (3.12.3-1ubuntu0.17) ...
firmware (release)	Build toolchain	2026-10-07T23:28:26.8916928Z #6 42.06 Setting up gcc-mingw-w64-i686-posix (13.2.0-6ubuntu1+26.1) ...
firmware (release)	Build toolchain	2026-10-07T23:28:27.1248035Z #6 42.13 Setting up libdrm-intel1:amd64 (2.4.125-1ubuntu0.1~24.04.2) ...
firmware (release)	Build toolchain	2026-10-07T23:28:27.1248563Z #6 42.15 Setting up libcurl3t64-gnutls:amd64 (8.5.0-2ubuntu10.15) ...
firmware (release)	Build toolchain	2026-10-07T23:28:27.1697999Z #6 42.34 Setting up libxext6:amd64 (2:1.3.4-1build2) ...
firmware (release)	Build toolchain	2026-10-07T23:28:27.3181533Z #6 42.36 Setting up binutils (2.42-4ubuntu2.10) ...
firmware (release)	Build toolchain	2026-10-07T23:28:27.3182101Z #6 42.49 Setting up lib32ubsan1 (14.2.0-4ubuntu2~24.04.1) ...
firmware (release)	Build toolchain	2026-10-07T23:28:27.5042082Z #6 42.53 Setting up lib32gcc-13-dev (13.3.0-6ubuntu2~24.04.1) ...
firmware (release)	Build toolchain	2026-10-07T23:28:27.5178527Z #6 42.69 Setting up libxxf86vm1:amd64 (1:1.1.4-1build4) ...
firmware (release)	Build toolchain	2026-10-07T23:28:27.6219412Z #6 42.70 Setting up liberror-perl (0.17029-2) ...
firmware (release)	Build toolchain	2026-10-07T23:28:27.6221484Z #6 42.71 Setting up libc6-dev-x32 (2.39-0ubuntu8.9) ...
firmware (release)	Build toolchain	2026-10-07T23:28:27.6221829Z #6 42.71 Setting up gcc-mingw-w64-i686 (13.2.0-6ubuntu1+26.1) ...
firmware (release)	Build toolchain	2026-10-07T23:28:27.6222160Z #6 42.72 Setting up libxt6t64:amd64 (1:1.2.1-1.2build1) ...
firmware (release)	Build toolchain	2026-10-07T23:28:27.6222461Z #6 42.73 Setting up libx32gcc-13-dev (13.3.0-6ubuntu2~24.04.1) ...
firmware (release)	Build toolchain	2026-10-07T23:28:27.6222747Z #6 42.74 Setting up gcc-13 (13.3.0-6ubuntu2~24.04.1) ...
firmware (release)	Build toolchain	2026-10-07T23:28:27.6223020Z #6 42.74 Setting up libxrandr2:amd64 (2:1.5.2-2build1) ...
firmware (release)	Build toolchain	2026-10-07T23:28:27.6223284Z #6 42.74 Setting up git (1:2.43.0-1ubuntu7.3) ...
firmware (release)	Build toolchain	2026-10-07T23:28:27.6223640Z #6 42.76 Setting up xauth (1:1.1.2-1build1) ...
firmware (release)	Build toolchain	2026-10-07T23:28:27.6224086Z #6 42.76 Setting up cpp (4:13.2.0-7ubuntu1) ...
firmware (release)	Build toolchain	2026-10-07T23:28:27.6224331Z #6 42.78 Setting up cmake (3.28.3-1build7) ...
firmware (release)	Build toolchain	2026-10-07T23:28:27.6224615Z #6 42.79 Setting up g++-mingw-w64-i686-posix (13.2.0-6ubuntu1+26.1) ...
firmware (release)	Build toolchain	2026-10-07T23:28:27.7803378Z #6 42.80 Setting up curl (8.5.0-2ubuntu10.15) ...
firmware (release)	Build toolchain	2026-10-07T23:28:27.9016461Z #6 43.07 Setting up gcc-13-multilib (13.3.0-6ubuntu2~24.04.1) ...
firmware (release)	Build toolchain	2026-10-07T23:28:28.1538799Z #6 43.33 Setting up lib32stdc++-13-dev (13.3.0-6ubuntu2~24.04.1) ...
firmware (release)	Build toolchain	2026-10-07T23:28:28.2916821Z #6 43.46 Setting up libpython3-stdlib:amd64 (3.12.3-0ubuntu2.1) ...
firmware (release)	Build toolchain	2026-10-07T23:28:28.4576559Z #6 43.48 Setting up mesa-libgallium:amd64 (25.2.8-0ubuntu0.24.04.4) ...
firmware (release)	Build toolchain	2026-10-07T23:28:28.4577106Z #6 43.49 Setting up libxmu6:amd64 (2:1.1.3-3build2) ...
firmware (release)	Build toolchain	2026-10-07T23:28:28.4577425Z #6 43.50 Setting up g++-13-x86-64-linux-gnu (13.3.0-6ubuntu2~24.04.1) ...
firmware (release)	Build toolchain	2026-10-07T23:28:28.4577766Z #6 43.51 Setting up gcc-x86-64-linux-gnu (4:13.2.0-7ubuntu1) ...
firmware (release)	Build toolchain	2026-10-07T23:28:28.4578115Z #6 43.52 Setting up libgbm1:amd64 (25.2.8-0ubuntu0.24.04.4) ...
firmware (release)	Build toolchain	2026-10-07T23:28:28.4578423Z #6 43.53 Setting up libgl1-mesa-dri:amd64 (25.2.8-0ubuntu0.24.04.4) ...
firmware (release)	Build toolchain	2026-10-07T23:28:28.4578758Z #6 43.54 Setting up libx32stdc++-13-dev (13.3.0-6ubuntu2~24.04.1) ...
firmware (release)	Build toolchain	2026-10-07T23:28:28.4579301Z #6 43.63 Setting up python3 (3.12.3-0ubuntu2.1) ...
firmware (release)	Build toolchain	2026-10-07T23:28:28.6882504Z #6 43.86 Setting up libxaw7:amd64 (2:1.0.14-1build2) ...
firmware (release)	Build toolchain	2026-10-07T23:28:28.9835238Z #6 44.01 Setting up gcc (4:13.2.0-7ubuntu1) ...
firmware (release)	Build toolchain	2026-10-07T23:28:29.1996387Z #6 44.37 Setting up g++-mingw-w64-i686 (13.2.0-6ubuntu1+26.1) ...
firmware (release)	Build toolchain	2026-10-07T23:28:29.4296984Z #6 44.60 Setting up libegl-mesa0:amd64 (25.2.8-0ubuntu0.24.04.4) ...
firmware (release)	Build toolchain	2026-10-07T23:28:29.6679328Z #6 44.65 Setting up libegl1:amd64 (1.7.0-1build1) ...
firmware (release)	Build toolchain	2026-10-07T23:28:29.6679897Z #6 44.70 Setting up g++-x86-64-linux-gnu (4:13.2.0-7ubuntu1) ...
firmware (release)	Build toolchain	2026-10-07T23:28:29.8476638Z #6 44.84 Setting up gcc-multilib (4:13.2.0-7ubuntu1) ...
firmware (release)	Build toolchain	2026-10-07T23:28:29.8477077Z #6 44.92 Setting up g++-13 (13.3.0-6ubuntu2~24.04.1) ...
firmware (release)	Build toolchain	2026-10-07T23:28:29.8477389Z #6 45.02 Setting up libglx-mesa0:amd64 (25.2.8-0ubuntu0.24.04.4) ...
firmware (release)	Build toolchain	2026-10-07T23:28:29.9698618Z #6 45.14 Setting up libglx0:amd64 (1.7.0-1build1) ...
firmware (release)	Build toolchain	2026-10-07T23:28:30.1937116Z #6 45.37 Setting up x11-xkb-utils (7.7+8build2) ...
firmware (release)	Build toolchain	2026-10-07T23:28:30.3002905Z #6 45.47 Setting up g++-13-multilib (13.3.0-6ubuntu2~24.04.1) ...
firmware (release)	Build toolchain	2026-10-07T23:28:30.5536945Z #6 45.73 Setting up libgl1:amd64 (1.7.0-1build1) ...
firmware (release)	Build toolchain	2026-10-07T23:28:30.8317112Z #6 46.00 Setting up g++ (4:13.2.0-7ubuntu1) ...
firmware (release)	Build toolchain	2026-10-07T23:28:30.9974460Z #6 46.17 update-alternatives: using /usr/bin/g++ to provide /usr/bin/c++ (c++) in auto mode
firmware (release)	Build toolchain	2026-10-07T23:28:31.1479954Z #6 46.17 update-alternatives: warning: skip creation of /usr/share/man/man1/c++.1.gz because associated file /usr/share/man/man1/g++.1.gz (of link group c++) doesn't exist
firmware (release)	Build toolchain	2026-10-07T23:28:31.1917953Z #6 46.36 Setting up xserver-common (2:21.1.12-1ubuntu1.8) ...
firmware (release)	Build toolchain	2026-10-07T23:28:31.3459838Z #6 46.52 Setting up xvfb (2:21.1.12-1ubuntu1.8) ...
firmware (release)	Build toolchain	2026-10-07T23:28:31.5016372Z #6 46.67 Setting up g++-multilib (4:13.2.0-7ubuntu1) ...
firmware (release)	Build toolchain	2026-10-07T23:28:31.6827942Z #6 46.70 Processing triggers for libc-bin (2.39-0ubuntu8.9) ...
firmware (release)	Build toolchain	2026-10-07T23:28:32.6042913Z #6 47.78 Processing triggers for ca-certificates (20260601~24.04.1) ...
firmware (release)	Build toolchain	2026-10-07T23:28:32.7584487Z #6 47.78 Updating certificates in /etc/ssl/certs...
firmware (release)	Build toolchain	2026-10-07T23:28:32.9636628Z #6 48.14 0 added, 0 removed; done.
firmware (release)	Build toolchain	2026-10-07T23:28:32.9637124Z #6 48.14 Running hooks in /etc/ca-certificates/update.d...
firmware (release)	Build toolchain	2026-10-07T23:28:33.1250663Z #6 48.15 done.
firmware (release)	Build toolchain	2026-10-07T23:28:35.4476703Z #6 DONE 50.6s
firmware (release)	Build toolchain	2026-10-07T23:28:35.5998997Z 
firmware (release)	Build toolchain	2026-10-07T23:28:35.5999986Z #7 [stage-0 3/4] RUN apt-get update && apt-get install -y --no-install-recommends libusb-1.0-0 &&     rm -rf /var/lib/apt/lists/*
firmware (release)	Build toolchain	2026-10-07T23:28:35.7405124Z #7 0.292 Get:1 http://security.ubuntu.com/ubuntu noble-security InRelease [126 kB]
firmware (release)	Build toolchain	2026-10-07T23:28:36.0157880Z #7 0.567 Get:2 http://archive.ubuntu.com/ubuntu noble InRelease [256 kB]
firmware (release)	Build toolchain	2026-10-07T23:28:36.2581188Z #7 0.659 Get:3 http://security.ubuntu.com/ubuntu noble-security/universe amd64 Packages [1545 kB]
firmware (release)	Build toolchain	2026-10-07T23:28:36.6198395Z #7 1.171 Get:4 http://security.ubuntu.com/ubuntu noble-security/main amd64 Packages [1323 kB]
firmware (release)	Build toolchain	2026-10-07T23:28:36.7906243Z #7 1.268 Get:5 http://security.ubuntu.com/ubuntu noble-security/restricted amd64 Packages [1943 kB]
firmware (release)	Build toolchain	2026-10-07T23:28:36.7906850Z #7 1.342 Get:6 http://archive.ubuntu.com/ubuntu noble-updates InRelease [126 kB]
firmware (release)	Build toolchain	2026-10-07T23:28:36.9576823Z #7 1.358 Get:7 http://security.ubuntu.com/ubuntu noble-security/multiverse amd64 Packages [50.0 kB]
firmware (release)	Build toolchain	2026-10-07T23:28:36.9812556Z #7 1.532 Get:8 http://archive.ubuntu.com/ubuntu noble-backports InRelease [126 kB]
firmware (release)	Build toolchain	2026-10-07T23:28:37.1716108Z #7 1.723 Get:9 http://archive.ubuntu.com/ubuntu noble/restricted amd64 Packages [117 kB]
firmware (release)	Build toolchain	2026-10-07T23:28:37.3719051Z #7 1.772 Get:10 http://archive.ubuntu.com/ubuntu noble/multiverse amd64 Packages [331 kB]
firmware (release)	Build toolchain	2026-10-07T23:28:37.3952021Z #7 1.946 Get:11 http://archive.ubuntu.com/ubuntu noble/universe amd64 Packages [19.3 MB]
firmware (release)	Build toolchain	2026-10-07T23:28:38.5924944Z #7 3.143 Get:12 http://archive.ubuntu.com/ubuntu noble/main amd64 Packages [1808 kB]
firmware (release)	Build toolchain	2026-10-07T23:28:38.7046876Z #7 3.162 Get:13 http://archive.ubuntu.com/ubuntu noble-updates/restricted amd64 Packages [2138 kB]
firmware (release)	Build toolchain	2026-10-07T23:28:38.7047811Z #7 3.231 Get:14 http://archive.ubuntu.com/ubuntu noble-updates/multiverse amd64 Packages [56.2 kB]
firmware (release)	Build toolchain	2026-10-07T23:28:38.7048595Z #7 3.232 Get:15 http://archive.ubuntu.com/ubuntu noble-updates/universe amd64 Packages [2165 kB]
firmware (release)	Build toolchain	2026-10-07T23:28:38.7049505Z #7 3.256 Get:16 http://archive.ubuntu.com/ubuntu noble-updates/main amd64 Packages [1701 kB]
firmware (release)	Build toolchain	2026-10-07T23:28:38.8774900Z #7 3.277 Get:17 http://archive.ubuntu.com/ubuntu noble-backports/multiverse amd64 Packages [671 B]
firmware (release)	Build toolchain	2026-10-07T23:28:38.8775803Z #7 3.277 Get:18 http://archive.ubuntu.com/ubuntu noble-backports/main amd64 Packages [49.0 kB]
firmware (release)	Build toolchain	2026-10-07T23:28:38.8776622Z #7 3.278 Get:19 http://archive.ubuntu.com/ubuntu noble-backports/universe amd64 Packages [36.0 kB]
firmware (release)	Build toolchain	2026-10-07T23:28:39.3550566Z #7 3.906 Fetched 33.2 MB in 4s (8837 kB/s)
firmware (release)	Build toolchain	2026-10-07T23:28:40.0606503Z #7 3.906 Reading package lists...
firmware (release)	Build toolchain	2026-10-07T23:28:40.7920888Z #7 4.630 Reading package lists...
firmware (release)	Build toolchain	2026-10-07T23:28:41.0091494Z #7 5.352 Building dependency tree...
firmware (release)	Build toolchain	2026-10-07T23:28:41.1596549Z #7 5.560 Reading state information...
firmware (release)	Build toolchain	2026-10-07T23:28:41.2512479Z #7 5.802 The following NEW packages will be installed:
firmware (release)	Build toolchain	2026-10-07T23:28:41.4027139Z #7 5.803   libusb-1.0-0
firmware (release)	Build toolchain	2026-10-07T23:28:41.7235054Z #7 6.275 0 upgraded, 1 newly installed, 0 to remove and 2 not upgraded.
firmware (release)	Build toolchain	2026-10-07T23:28:41.7235467Z #7 6.275 Need to get 54.0 kB of archives.
firmware (release)	Build toolchain	2026-10-07T23:28:41.7235772Z #7 6.275 After this operation, 140 kB of additional disk space will be used.
firmware (release)	Build toolchain	2026-10-07T23:28:41.7236267Z #7 6.275 Get:1 http://archive.ubuntu.com/ubuntu noble/main amd64 libusb-1.0-0 amd64 2:1.0.27-1 [54.0 kB]
firmware (release)	Build toolchain	2026-10-07T23:28:42.1700447Z #7 6.721 debconf: delaying package configuration, since apt-utils is not installed
firmware (release)	Build toolchain	2026-10-07T23:28:42.3357015Z #7 6.757 Fetched 54.0 kB in 1s (70.4 kB/s)
firmware (release)	Build toolchain	2026-10-07T23:28:42.3357638Z #7 6.770 Selecting previously unselected package libusb-1.0-0:amd64.
firmware (release)	Build toolchain	2026-10-07T23:28:42.3358114Z #7 6.770 (Reading database ... 
firmware (release)	Build toolchain	2026-10-07T23:28:42.3358421Z (Reading database ... 5%
firmware (release)	Build toolchain	2026-10-07T23:28:42.3358711Z (Reading database ... 10%
firmware (release)	Build toolchain	2026-10-07T23:28:42.3359099Z (Reading database ... 15%
firmware (release)	Build toolchain	2026-10-07T23:28:42.3359335Z (Reading database ... 20%
firmware (release)	Build toolchain	2026-10-07T23:28:42.3359609Z (Reading database ... 25%
firmware (release)	Build toolchain	2026-10-07T23:28:42.3359896Z (Reading database ... 30%
firmware (release)	Build toolchain	2026-10-07T23:28:42.3360173Z (Reading database ... 35%
firmware (release)	Build toolchain	2026-10-07T23:28:42.3360451Z (Reading database ... 40%
firmware (release)	Build toolchain	2026-10-07T23:28:42.3360725Z (Reading database ... 45%
firmware (release)	Build toolchain	2026-10-07T23:28:42.3361005Z (Reading database ... 50%
firmware (release)	Build toolchain	2026-10-07T23:28:42.3361279Z (Reading database ... 55%
firmware (release)	Build toolchain	2026-10-07T23:28:42.3361526Z (Reading database ... 60%
firmware (release)	Build toolchain	2026-10-07T23:28:42.3361750Z (Reading database ... 65%
firmware (release)	Build toolchain	2026-10-07T23:28:42.3362066Z (Reading database ... 70%
firmware (release)	Build toolchain	2026-10-07T23:28:42.3362627Z (Reading database ... 75%
firmware (release)	Build toolchain	2026-10-07T23:28:42.3362903Z (Reading database ... 80%
firmware (release)	Build toolchain	2026-10-07T23:28:42.3363194Z (Reading database ... 85%
firmware (release)	Build toolchain	2026-10-07T23:28:42.3363464Z (Reading database ... 90%
firmware (release)	Build toolchain	2026-10-07T23:28:42.3363739Z (Reading database ... 95%
firmware (release)	Build toolchain	2026-10-07T23:28:42.3364007Z (Reading database ... 100%
firmware (release)	Build toolchain	2026-10-07T23:28:42.3364350Z (Reading database ... 25520 files and directories currently installed.)
firmware (release)	Build toolchain	2026-10-07T23:28:42.3364958Z #7 6.786 Preparing to unpack .../libusb-1.0-0_2%3a1.0.27-1_amd64.deb ...
firmware (release)	Build toolchain	2026-10-07T23:28:42.3365510Z #7 6.789 Unpacking libusb-1.0-0:amd64 (2:1.0.27-1) ...
firmware (release)	Build toolchain	2026-10-07T23:28:42.3365931Z #7 6.810 Setting up libusb-1.0-0:amd64 (2:1.0.27-1) ...
firmware (release)	Build toolchain	2026-10-07T23:28:42.3366382Z #7 6.812 Processing triggers for libc-bin (2.39-0ubuntu8.9) ...
firmware (release)	Build toolchain	2026-10-07T23:28:42.3366756Z #7 DONE 6.9s
firmware (release)	Build toolchain	2026-10-07T23:28:42.5004372Z 
firmware (release)	Build toolchain	2026-10-07T23:28:42.5005145Z #8 [stage-0 4/4] WORKDIR /work
firmware (release)	Build toolchain	2026-10-07T23:28:42.5005782Z #8 DONE 0.0s
firmware (release)	Build toolchain	2026-10-07T23:28:42.5006175Z 
firmware (release)	Build toolchain	2026-10-07T23:28:42.5006424Z #9 exporting to image
firmware (release)	Build toolchain	2026-10-07T23:28:42.5006819Z #9 exporting layers
firmware (release)	Build toolchain	2026-10-07T23:28:47.2667808Z #9 exporting layers 4.9s done
firmware (release)	Build toolchain	2026-10-07T23:28:47.2831470Z #9 writing image sha256:3d8d92a5b6158e3a5eccfc1f2f7c5a74339c8ca0d9a4eb3b9d895ba594369987 done
firmware (release)	Build toolchain	2026-10-07T23:28:47.2832445Z #9 naming to docker.io/library/spiritboot-toolchain done
firmware (release)	Build toolchain	2026-10-07T23:28:47.2832892Z #9 DONE 4.9s
firmware (release)	Build flash	﻿2026-10-07T23:28:47.2941007Z ##[group]Run docker run --rm --user "$(id -u):$(id -g)" -v "$PWD:/work" \
firmware (release)	Build flash	2026-10-07T23:28:47.2941449Z [36;1mdocker run --rm --user "$(id -u):$(id -g)" -v "$PWD:/work" \[0m
firmware (release)	Build flash	2026-10-07T23:28:47.2941815Z [36;1m  spiritboot-toolchain python3 scripts/build-firmware.py \[0m
firmware (release)	Build flash	2026-10-07T23:28:47.2942184Z [36;1m  --source .reference/roswell --output artifacts/firmware-release \[0m
firmware (release)	Build flash	2026-10-07T23:28:47.2942508Z [36;1m  --variant release[0m
firmware (release)	Build flash	2026-10-07T23:28:47.2998773Z shell: /usr/bin/bash -e {0}
firmware (release)	Build flash	2026-10-07T23:28:47.2999223Z ##[endgroup]
firmware (release)	Build flash	2026-10-07T23:29:40.6282564Z built artifacts/firmware-release/flash.bin: sha256=48c3ee940d55628a74e17333a1e76966ad6ade5e44a41915d2d53348a37fdc74
firmware (release)	Check the built source identity and actual kernel work	﻿2026-10-07T23:29:40.8505550Z ##[group]Run guest_source=$(python3 -c 'import json; print(json.load(open("artifacts/firmware-release/build.json"))["source_directory"])')
firmware (release)	Check the built source identity and actual kernel work	2026-10-07T23:29:40.8506338Z [36;1mguest_source=$(python3 -c 'import json; print(json.load(open("artifacts/firmware-release/build.json"))["source_directory"])')[0m
firmware (release)	Check the built source identity and actual kernel work	2026-10-07T23:29:40.8506865Z [36;1mdocker run --rm --user "$(id -u):$(id -g)" -v "$PWD:/work" \[0m
firmware (release)	Check the built source identity and actual kernel work	2026-10-07T23:29:40.8507204Z [36;1m  -e GUEST_SOURCE="$guest_source" -e VARIANT=release \[0m
firmware (release)	Check the built source identity and actual kernel work	2026-10-07T23:29:40.8507499Z [36;1m  spiritboot-toolchain sh -ec '[0m
firmware (release)	Check the built source identity and actual kernel work	2026-10-07T23:29:40.8507757Z [36;1m  output="artifacts/kernel-host-$VARIANT"[0m
firmware (release)	Check the built source identity and actual kernel work	2026-10-07T23:29:40.8508008Z [36;1m  mkdir -p "$output"[0m
firmware (release)	Check the built source identity and actual kernel work	2026-10-07T23:29:40.8508329Z [36;1m  actual_tree=$(git -c "safe.directory=$GUEST_SOURCE" -C "$GUEST_SOURCE" write-tree)[0m
firmware (release)	Check the built source identity and actual kernel work	2026-10-07T23:29:40.8508733Z [36;1m  test "$actual_tree" = f7adb302a762ed1945cc07d9c2ff428c643ba959[0m
firmware (release)	Check the built source identity and actual kernel work	2026-10-07T23:29:40.8509432Z [36;1m  "$GUEST_SOURCE/tests/host/clean-room/run.sh" "$output/clean-room" >"$output/clean-room.log" 2>&1[0m
firmware (release)	Check the built source identity and actual kernel work	2026-10-07T23:29:40.8510140Z [36;1m  python3 "$GUEST_SOURCE/tests/host/kernel-performance/check.py" "$GUEST_SOURCE" "$output/optimization" --optimized >"$output/optimization.log" 2>&1[0m
firmware (release)	Check the built source identity and actual kernel work	2026-10-07T23:29:40.8510863Z [36;1m  python3 "$GUEST_SOURCE/tests/host/kernel-performance/pins.py" "$GUEST_SOURCE" "$output/pins" --optimized >"$output/pins.log" 2>&1[0m
firmware (release)	Check the built source identity and actual kernel work	2026-10-07T23:29:40.8511660Z [36;1m  python3 "$GUEST_SOURCE/tests/host/kernel-performance/pins.py" "$GUEST_SOURCE" "$output/pins-diagnostics" --optimized --diagnostics >"$output/pins-diagnostics.log" 2>&1'[0m
firmware (release)	Check the built source identity and actual kernel work	2026-10-07T23:29:40.8569126Z shell: /usr/bin/bash -e {0}
firmware (release)	Check the built source identity and actual kernel work	2026-10-07T23:29:40.8569361Z ##[endgroup]
firmware (release)	Verify clean release rebuild	﻿2026-10-07T23:29:54.9974712Z ##[group]Run docker run --rm --user "$(id -u):$(id -g)" -v "$PWD:/work" \
firmware (release)	Verify clean release rebuild	2026-10-07T23:29:54.9975156Z [36;1mdocker run --rm --user "$(id -u):$(id -g)" -v "$PWD:/work" \[0m
firmware (release)	Verify clean release rebuild	2026-10-07T23:29:54.9975679Z [36;1m  spiritboot-toolchain python3 scripts/build-firmware.py \[0m
firmware (release)	Verify clean release rebuild	2026-10-07T23:29:54.9976045Z [36;1m  --source .reference/roswell --output artifacts/firmware-repeat[0m
firmware (release)	Verify clean release rebuild	2026-10-07T23:29:54.9976449Z [36;1mcmp artifacts/firmware-release/flash.bin artifacts/firmware-repeat/flash.bin[0m
firmware (release)	Verify clean release rebuild	2026-10-07T23:29:55.0032141Z shell: /usr/bin/bash -e {0}
firmware (release)	Verify clean release rebuild	2026-10-07T23:29:55.0032379Z ##[endgroup]
firmware (release)	Verify clean release rebuild	2026-10-07T23:30:48.4462258Z built artifacts/firmware-repeat/flash.bin: sha256=48c3ee940d55628a74e17333a1e76966ad6ade5e44a41915d2d53348a37fdc74
firmware (release)	Prepare pinned open runtime fixtures	﻿2026-10-07T23:30:48.6620851Z ##[group]Run python3 - <<'PY'
firmware (release)	Prepare pinned open runtime fixtures	2026-10-07T23:30:48.6621146Z [36;1mpython3 - <<'PY'[0m
firmware (release)	Prepare pinned open runtime fixtures	2026-10-07T23:30:48.6621377Z [36;1mimport hashlib, json, pathlib, urllib.request[0m
firmware (release)	Prepare pinned open runtime fixtures	2026-10-07T23:30:48.6621719Z [36;1mfixtures = json.load(open('sources/firmware-lock.json'))['fixtures'][0m
firmware (release)	Prepare pinned open runtime fixtures	2026-10-07T23:30:48.6622035Z [36;1mfor name, url, digest in ([0m
firmware (release)	Prepare pinned open runtime fixtures	2026-10-07T23:30:48.6622359Z [36;1m    ('xemu.AppImage', fixtures['xemu_linux']['url'], fixtures['xemu_linux']['sha256']),[0m
firmware (release)	Prepare pinned open runtime fixtures	2026-10-07T23:30:48.6622781Z [36;1m    ('xbox_hdd.qcow2', fixtures['hdd_url'], fixtures['hdd_sha256']),[0m
firmware (release)	Prepare pinned open runtime fixtures	2026-10-07T23:30:48.6623057Z [36;1m):[0m
firmware (release)	Prepare pinned open runtime fixtures	2026-10-07T23:30:48.6623246Z [36;1m    path = pathlib.Path('artifacts') / name[0m
firmware (release)	Prepare pinned open runtime fixtures	2026-10-07T23:30:48.6623512Z [36;1m    urllib.request.urlretrieve(url, path)[0m
firmware (release)	Prepare pinned open runtime fixtures	2026-10-07T23:30:48.6623839Z [36;1m    assert hashlib.sha256(path.read_bytes()).hexdigest() == digest, name[0m
firmware (release)	Prepare pinned open runtime fixtures	2026-10-07T23:30:48.6624194Z [36;1mpathlib.Path('artifacts/xemu.AppImage').chmod(0o755)[0m
firmware (release)	Prepare pinned open runtime fixtures	2026-10-07T23:30:48.6624496Z [36;1mPY[0m
firmware (release)	Prepare pinned open runtime fixtures	2026-10-07T23:30:48.6624718Z [36;1mdocker run --rm --user "$(id -u):$(id -g)" -v "$PWD:/work" \[0m
firmware (release)	Prepare pinned open runtime fixtures	2026-10-07T23:30:48.6625107Z [36;1m  -w /work/artifacts spiritboot-toolchain ./xemu.AppImage --appimage-extract[0m
firmware (release)	Prepare pinned open runtime fixtures	2026-10-07T23:30:48.6692002Z shell: /usr/bin/bash -e {0}
firmware (release)	Prepare pinned open runtime fixtures	2026-10-07T23:30:48.6692247Z ##[endgroup]
firmware (release)	Build guests from the tested patched source	﻿2026-10-07T23:30:50.2713036Z ##[group]Run nxdk_image=$(python3 -c 'import json; print(json.load(open("sources/firmware-lock.json"))["fixtures"]["nxdk_container"])')
firmware (release)	Build guests from the tested patched source	2026-10-07T23:30:50.2713787Z [36;1mnxdk_image=$(python3 -c 'import json; print(json.load(open("sources/firmware-lock.json"))["fixtures"]["nxdk_container"])')[0m
firmware (release)	Build guests from the tested patched source	2026-10-07T23:30:50.2714431Z [36;1mguest_source=$(python3 -c 'import json; print(json.load(open("artifacts/firmware-release/build.json"))["source_directory"])')[0m
firmware (release)	Build guests from the tested patched source	2026-10-07T23:30:50.2715015Z [36;1mfor guest in api-regression clean-room-contracts clean-room-warm-reboot kernel-performance; do[0m
firmware (release)	Build guests from the tested patched source	2026-10-07T23:30:50.2715444Z [36;1m  docker run --rm --user "$(id -u):$(id -g)" -v "$PWD:/work" \[0m
firmware (release)	Build guests from the tested patched source	2026-10-07T23:30:50.2715847Z [36;1m    -e PATH=/usr/src/nxdk/bin:/usr/local/sbin:/usr/local/bin:/usr/sbin:/usr/bin:/sbin:/bin \[0m
firmware (release)	Build guests from the tested patched source	2026-10-07T23:30:50.2716199Z [36;1m    -w "$guest_source/tests/xbe/$guest" \[0m
firmware (release)	Build guests from the tested patched source	2026-10-07T23:30:50.2716450Z [36;1m    "$nxdk_image" make NXDK_DIR=/usr/src/nxdk[0m
firmware (release)	Build guests from the tested patched source	2026-10-07T23:30:50.2716724Z [36;1mdone[0m
firmware (release)	Build guests from the tested patched source	2026-10-07T23:30:50.2773125Z shell: /usr/bin/bash -e {0}
firmware (release)	Build guests from the tested patched source	2026-10-07T23:30:50.2773375Z ##[endgroup]
firmware (release)	Build guests from the tested patched source	2026-10-07T23:30:50.3407463Z Unable to find image 'ghcr.io/xboxdev/nxdk@sha256:bab707b7ed2544e9956d51e7b411a4575ab66120bd608b3237698495203d15f7' locally
firmware (release)	Build guests from the tested patched source	2026-10-07T23:30:50.7422797Z ghcr.io/xboxdev/nxdk@sha256:bab707b7ed2544e9956d51e7b411a4575ab66120bd608b3237698495203d15f7: Pulling from xboxdev/nxdk
firmware (release)	Build guests from the tested patched source	2026-10-07T23:30:50.8793986Z fe07684b16b8: Pulling fs layer
firmware (release)	Build guests from the tested patched source	2026-10-07T23:30:50.8794707Z 368bc47b3c16: Pulling fs layer
firmware (release)	Build guests from the tested patched source	2026-10-07T23:30:50.8795190Z accba058f2a0: Pulling fs layer
firmware (release)	Build guests from the tested patched source	2026-10-07T23:30:50.8795485Z 80bc77ae96e6: Pulling fs layer
firmware (release)	Build guests from the tested patched source	2026-10-07T23:30:50.8795774Z 80bc77ae96e6: Waiting
firmware (release)	Build guests from the tested patched source	2026-10-07T23:30:51.1771006Z fe07684b16b8: Download complete
firmware (release)	Build guests from the tested patched source	2026-10-07T23:30:51.2815497Z fe07684b16b8: Pull complete
firmware (release)	Build guests from the tested patched source	2026-10-07T23:30:51.3784489Z 80bc77ae96e6: Verifying Checksum
firmware (release)	Build guests from the tested patched source	2026-10-07T23:30:51.3784865Z 80bc77ae96e6: Download complete
firmware (release)	Build guests from the tested patched source	2026-10-07T23:30:52.1571766Z accba058f2a0: Verifying Checksum
firmware (release)	Build guests from the tested patched source	2026-10-07T23:30:52.1572574Z accba058f2a0: Download complete
firmware (release)	Build guests from the tested patched source	2026-10-07T23:30:58.8345775Z 368bc47b3c16: Verifying Checksum
firmware (release)	Build guests from the tested patched source	2026-10-07T23:30:58.8346117Z 368bc47b3c16: Download complete
firmware (release)	Build guests from the tested patched source	2026-10-07T23:31:07.2904513Z 368bc47b3c16: Pull complete
firmware (release)	Build guests from the tested patched source	2026-10-07T23:31:13.4596453Z accba058f2a0: Pull complete
firmware (release)	Build guests from the tested patched source	2026-10-07T23:31:13.4696319Z 80bc77ae96e6: Pull complete
firmware (release)	Build guests from the tested patched source	2026-10-07T23:31:13.4733677Z Digest: sha256:bab707b7ed2544e9956d51e7b411a4575ab66120bd608b3237698495203d15f7
firmware (release)	Build guests from the tested patched source	2026-10-07T23:31:13.4740293Z Status: Downloaded newer image for ghcr.io/xboxdev/nxdk@sha256:bab707b7ed2544e9956d51e7b411a4575ab66120bd608b3237698495203d15f7
firmware (release)	Build guests from the tested patched source	2026-10-07T23:31:13.7013687Z [ CC       ] /work/artifacts/firmware-release/work-0vimt6q0/source/tests/xbe/api-regression/main.obj
firmware (release)	Build guests from the tested patched source	2026-10-07T23:31:13.7600427Z [ CC       ] /work/artifacts/firmware-release/work-0vimt6q0/source/tests/xbe/api-regression/tap.obj
firmware (release)	Build guests from the tested patched source	2026-10-07T23:31:13.8085638Z [ CC       ] /work/artifacts/firmware-release/work-0vimt6q0/source/tests/xbe/api-regression/rtl/status.obj
firmware (release)	Build guests from the tested patched source	2026-10-07T23:31:13.8609363Z [ CC       ] /work/artifacts/firmware-release/work-0vimt6q0/source/tests/xbe/api-regression/rtl/string.obj
firmware (release)	Build guests from the tested patched source	2026-10-07T23:31:13.9184868Z [ CC       ] /work/artifacts/firmware-release/work-0vimt6q0/source/tests/xbe/api-regression/rtl/time.obj
firmware (release)	Build guests from the tested patched source	2026-10-07T23:31:13.9696817Z [ CC       ] /work/artifacts/firmware-release/work-0vimt6q0/source/tests/xbe/api-regression/rtl/memory.obj
firmware (release)	Build guests from the tested patched source	2026-10-07T23:31:14.0258696Z [ CC       ] /work/artifacts/firmware-release/work-0vimt6q0/source/tests/xbe/api-regression/rtl/strconv.obj
firmware (release)	Build guests from the tested patched source	2026-10-07T23:31:14.0840719Z [ CC       ] /work/artifacts/firmware-release/work-0vimt6q0/source/tests/xbe/api-regression/rtl/intconv.obj
firmware (release)	Build guests from the tested patched source	2026-10-07T23:31:14.1499845Z [ CC       ] /work/artifacts/firmware-release/work-0vimt6q0/source/tests/xbe/api-regression/rtl/nlscase.obj
firmware (release)	Build guests from the tested patched source	2026-10-07T23:31:14.2062227Z [ CC       ] /work/artifacts/firmware-release/work-0vimt6q0/source/tests/xbe/api-regression/rtl/printf.obj
firmware (release)	Build guests from the tested patched source	2026-10-07T23:31:14.2571628Z [ CC       ] /work/artifacts/firmware-release/work-0vimt6q0/source/tests/xbe/api-regression/rtl/critsec.obj
firmware (release)	Build guests from the tested patched source	2026-10-07T23:31:14.3107714Z [ CC       ] /work/artifacts/firmware-release/work-0vimt6q0/source/tests/xbe/api-regression/rtl/byteswap.obj
firmware (release)	Build guests from the tested patched source	2026-10-07T23:31:14.3643702Z [ CC       ] /work/artifacts/firmware-release/work-0vimt6q0/source/tests/xbe/api-regression/rtl/framewalk.obj
firmware (release)	Build guests from the tested patched source	2026-10-07T23:31:14.4176634Z [ CC       ] /work/artifacts/firmware-release/work-0vimt6q0/source/tests/xbe/api-regression/ke/event.obj
firmware (release)	Build guests from the tested patched source	2026-10-07T23:31:14.4750281Z [ CC       ] /work/artifacts/firmware-release/work-0vimt6q0/source/tests/xbe/api-regression/ke/semaphore.obj
firmware (release)	Build guests from the tested patched source	2026-10-07T23:31:14.5270208Z [ CC       ] /work/artifacts/firmware-release/work-0vimt6q0/source/tests/xbe/api-regression/ke/time.obj
firmware (release)	Build guests from the tested patched source	2026-10-07T23:31:14.5864118Z [ CC       ] /work/artifacts/firmware-release/work-0vimt6q0/source/tests/xbe/api-regression/ke/timebase.obj
firmware (release)	Build guests from the tested patched source	2026-10-07T23:31:14.6457527Z [ CC       ] /work/artifacts/firmware-release/work-0vimt6q0/source/tests/xbe/api-regression/ex/pool.obj
firmware (release)	Build guests from the tested patched source	2026-10-07T23:31:14.7013990Z [ CC       ] /work/artifacts/firmware-release/work-0vimt6q0/source/tests/xbe/api-regression/ex/raise.obj
firmware (release)	Build guests from the tested patched source	2026-10-07T23:31:14.7596339Z [ CC       ] /work/artifacts/firmware-release/work-0vimt6q0/source/tests/xbe/api-regression/ex/rwlock.obj
firmware (release)	Build guests from the tested patched source	2026-10-07T23:31:14.8144215Z [ CC       ] /work/artifacts/firmware-release/work-0vimt6q0/source/tests/xbe/api-regression/ex/interlocked.obj
firmware (release)	Build guests from the tested patched source	2026-10-07T23:31:14.8721250Z [ CC       ] /work/artifacts/firmware-release/work-0vimt6q0/source/tests/xbe/api-regression/ex/list.obj
firmware (release)	Build guests from the tested patched source	2026-10-07T23:31:14.9230751Z [ CC       ] /work/artifacts/firmware-release/work-0vimt6q0/source/tests/xbe/api-regression/mm/contig.obj
firmware (release)	Build guests from the tested patched source	2026-10-07T23:31:14.9861865Z [ CC       ] /work/artifacts/firmware-release/work-0vimt6q0/source/tests/xbe/api-regression/io/file.obj
firmware (release)	Build guests from the tested patched source	2026-10-07T23:31:15.0384159Z [ CC       ] /work/artifacts/firmware-release/work-0vimt6q0/source/tests/xbe/api-regression/io/dvd.obj
firmware (release)	Build guests from the tested patched source	2026-10-07T23:31:15.0950192Z [ CC       ] /work/artifacts/firmware-release/work-0vimt6q0/source/tests/xbe/api-regression/hal/data.obj
firmware (release)	Build guests from the tested patched source	2026-10-07T23:31:15.1487927Z [ CC       ] /work/artifacts/firmware-release/work-0vimt6q0/source/tests/xbe/api-regression/hal/portio.obj
firmware (release)	Build guests from the tested patched source	2026-10-07T23:31:15.2059371Z [ CC       ] /work/artifacts/firmware-release/work-0vimt6q0/source/tests/xbe/api-regression/ob/types.obj
firmware (release)	Build guests from the tested patched source	2026-10-07T23:31:15.2621907Z [ CC       ] /work/artifacts/firmware-release/work-0vimt6q0/source/tests/xbe/api-regression/ps/thread.obj
firmware (release)	Build guests from the tested patched source	2026-10-07T23:31:15.3191947Z [ CC       ] /work/artifacts/firmware-release/work-0vimt6q0/source/tests/xbe/api-regression/ke/wait_apc.obj
firmware (release)	Build guests from the tested patched source	2026-10-07T23:31:15.3743139Z [ CC       ] /work/artifacts/firmware-release/work-0vimt6q0/source/tests/xbe/api-regression/mm/virtual.obj
firmware (release)	Build guests from the tested patched source	2026-10-07T23:31:15.4320642Z [ CC       ] /work/artifacts/firmware-release/work-0vimt6q0/source/tests/xbe/api-regression/io/dirmask.obj
firmware (release)	Build guests from the tested patched source	2026-10-07T23:31:15.4907502Z [ CC       ] /work/artifacts/firmware-release/work-0vimt6q0/source/tests/xbe/api-regression/ob/named.obj
firmware (release)	Build guests from the tested patched source	2026-10-07T23:31:15.5488776Z [ CC       ] /work/artifacts/firmware-release/work-0vimt6q0/source/tests/xbe/api-regression/io/bad_ptr.obj
firmware (release)	Build guests from the tested patched source	2026-10-07T23:31:15.6110348Z [ CC       ] /work/artifacts/firmware-release/work-0vimt6q0/source/tests/xbe/api-regression/mm/bigpool.obj
firmware (release)	Build guests from the tested patched source	2026-10-07T23:31:15.6689895Z [ CC       ] /work/artifacts/firmware-release/work-0vimt6q0/source/tests/xbe/api-regression/io/cc_write.obj
firmware (release)	Build guests from the tested patched source	2026-10-07T23:31:15.7482288Z [ CC       ] /work/artifacts/firmware-release/work-0vimt6q0/source/tests/xbe/api-regression/io/storage.obj
firmware (release)	Build guests from the tested patched source	2026-10-07T23:31:15.8062123Z [ CC       ] /work/artifacts/firmware-release/work-0vimt6q0/source/tests/xbe/api-regression/io/complete.obj
firmware (release)	Build guests from the tested patched source	2026-10-07T23:31:15.8623512Z [ CC       ] /work/artifacts/firmware-release/work-0vimt6q0/source/tests/xbe/api-regression/xe/sections.obj
firmware (release)	Build guests from the tested patched source	2026-10-07T23:31:15.9219644Z [ CC       ] /work/artifacts/firmware-release/work-0vimt6q0/source/tests/xbe/api-regression/mm/vmcontract.obj
firmware (release)	Build guests from the tested patched source	2026-10-07T23:31:15.9974179Z [ CC       ] /work/artifacts/firmware-release/work-0vimt6q0/source/tests/xbe/api-regression/mm/cache.obj
firmware (release)	Build guests from the tested patched source	2026-10-07T23:31:16.0598505Z [ CC       ] /work/artifacts/firmware-release/work-0vimt6q0/source/tests/xbe/api-regression/io/mdl.obj
firmware (release)	Build guests from the tested patched source	2026-10-07T23:31:16.1168100Z [ CC       ] /work/artifacts/firmware-release/work-0vimt6q0/source/tests/xbe/api-regression/io/fileobj.obj
firmware (release)	Build guests from the tested patched source	2026-10-07T23:31:16.1740622Z [ CC       ] /work/artifacts/firmware-release/work-0vimt6q0/source/tests/xbe/api-regression/io/shareaccess.obj
firmware (release)	Build guests from the tested patched source	2026-10-07T23:31:16.2313770Z [ CC       ] /work/artifacts/firmware-release/work-0vimt6q0/source/tests/xbe/api-regression/io/irplayout.obj
firmware (release)	Build guests from the tested patched source	2026-10-07T23:31:16.2981347Z [ CC       ] /work/artifacts/firmware-release/work-0vimt6q0/source/tests/xbe/api-regression/io/fsdreq.obj
firmware (release)	Build guests from the tested patched source	2026-10-07T23:31:16.3605502Z [ CC       ] /work/artifacts/firmware-release/work-0vimt6q0/source/tests/xbe/api-regression/io/syncreq.obj
firmware (release)	Build guests from the tested patched source	2026-10-07T23:31:16.4197125Z [ CC       ] /work/artifacts/firmware-release/work-0vimt6q0/source/tests/xbe/api-regression/ke/waitmulti.obj
firmware (release)	Build guests from the tested patched source	2026-10-07T23:31:16.4796837Z [ CC       ] /work/artifacts/firmware-release/work-0vimt6q0/source/tests/xbe/api-regression/ob/symlink.obj
firmware (release)	Build guests from the tested patched source	2026-10-07T23:31:16.5383182Z [ CC       ] /work/artifacts/firmware-release/work-0vimt6q0/source/tests/xbe/api-regression/io/finfo.obj
firmware (release)	Build guests from the tested patched source	2026-10-07T23:31:16.6014373Z [ CC       ] /work/artifacts/firmware-release/work-0vimt6q0/source/tests/xbe/api-regression/io/rawfs.obj
firmware (release)	Build guests from the tested patched source	2026-10-07T23:31:16.6553387Z [ CC       ] /work/artifacts/firmware-release/work-0vimt6q0/source/tests/xbe/api-regression/ke/exceptions.obj
firmware (release)	Build guests from the tested patched source	2026-10-07T23:31:16.7266162Z [ CC       ] /work/artifacts/firmware-release/work-0vimt6q0/source/tests/xbe/api-regression/io/fatx16.obj
firmware (release)	Build guests from the tested patched source	2026-10-07T23:31:16.7818375Z [ CC       ] /work/artifacts/firmware-release/work-0vimt6q0/source/tests/xbe/api-regression/ob/handles.obj
firmware (release)	Build guests from the tested patched source	2026-10-07T23:31:16.8345161Z [ CC       ] /work/artifacts/firmware-release/work-0vimt6q0/source/tests/xbe/api-regression/xc/parity.obj
firmware (release)	Build guests from the tested patched source	2026-10-07T23:31:16.8910898Z [ CC       ] /work/artifacts/firmware-release/work-0vimt6q0/source/tests/xbe/api-regression/xc/crypto.obj
firmware (release)	Build guests from the tested patched source	2026-10-07T23:31:16.9521965Z [ CC       ] /work/artifacts/firmware-release/work-0vimt6q0/source/tests/xbe/api-regression/xc/rsa.obj
firmware (release)	Build guests from the tested patched source	2026-10-07T23:31:17.0204093Z [ CC       ] /work/artifacts/firmware-release/work-0vimt6q0/source/tests/xbe/api-regression/io/delete.obj
firmware (release)	Build guests from the tested patched source	2026-10-07T23:31:17.0768732Z [ CC       ] /work/artifacts/firmware-release/work-0vimt6q0/source/tests/xbe/api-regression/ob/refname.obj
firmware (release)	Build guests from the tested patched source	2026-10-07T23:31:17.1310451Z [ CC       ] /work/artifacts/firmware-release/work-0vimt6q0/source/tests/xbe/api-regression/hal/av.obj
firmware (release)	Build guests from the tested patched source	2026-10-07T23:31:17.1820945Z [ CC       ] /work/artifacts/firmware-release/work-0vimt6q0/source/tests/xbe/api-regression/kd/flags.obj
firmware (release)	Build guests from the tested patched source	2026-10-07T23:31:17.2339640Z [ CC       ] /work/artifacts/firmware-release/work-0vimt6q0/source/tests/xbe/api-regression/mm/pressure.obj
firmware (release)	Build guests from the tested patched source	2026-10-07T23:31:17.2996385Z [ CC       ] /work/artifacts/firmware-release/work-0vimt6q0/source/tests/xbe/api-regression/ke/devqueue.obj
firmware (release)	Build guests from the tested patched source	2026-10-07T23:31:17.3425945Z /work/artifacts/firmware-release/work-0vimt6q0/source/tests/xbe/api-regression/ke/devqueue.c:200:46: warning: incompatible pointer types passing 'PKDEVICE_QUEUE' (aka 'struct _KDEVICE_QUEUE *') to parameter of type 'PKDEVICE_QUEUE_ENTRY' (aka 'struct _KDEVICE_QUEUE_ENTRY *') [-Wincompatible-pointer-types]
firmware (release)	Build guests from the tested patched source	2026-10-07T23:31:17.3427952Z   200 |         first = KeRemoveEntryDeviceQueue(&q, (PKDEVICE_QUEUE)&e);
firmware (release)	Build guests from the tested patched source	2026-10-07T23:31:17.3428600Z       |                                              ^~~~~~~~~~~~~~~~~~
firmware (release)	Build guests from the tested patched source	2026-10-07T23:31:17.3429756Z /work/artifacts/firmware-release/work-0vimt6q0/source/tests/xbe/api-regression/ke/devqueue.c:36:5: note: expanded from macro 'AT_DISPATCH'
firmware (release)	Build guests from the tested patched source	2026-10-07T23:31:17.3430498Z    36 |     body; \
firmware (release)	Build guests from the tested patched source	2026-10-07T23:31:17.3430747Z       |     ^~~~
firmware (release)	Build guests from the tested patched source	2026-10-07T23:31:17.3431250Z /usr/src/nxdk/lib/xboxkrnl/xboxkrnl.h:3639:29: note: passing argument to parameter 'DeviceQueueEntry' here
firmware (release)	Build guests from the tested patched source	2026-10-07T23:31:17.3431860Z  3639 |     IN PKDEVICE_QUEUE_ENTRY DeviceQueueEntry
firmware (release)	Build guests from the tested patched source	2026-10-07T23:31:17.3432186Z       |                             ^
firmware (release)	Build guests from the tested patched source	2026-10-07T23:31:17.3434070Z /work/artifacts/firmware-release/work-0vimt6q0/source/tests/xbe/api-regression/ke/devqueue.c:201:47: warning: incompatible pointer types passing 'PKDEVICE_QUEUE' (aka 'struct _KDEVICE_QUEUE *') to parameter of type 'PKDEVICE_QUEUE_ENTRY' (aka 'struct _KDEVICE_QUEUE_ENTRY *') [-Wincompatible-pointer-types]
firmware (release)	Build guests from the tested patched source	2026-10-07T23:31:17.3435568Z   201 |         second = KeRemoveEntryDeviceQueue(&q, (PKDEVICE_QUEUE)&e);
firmware (release)	Build guests from the tested patched source	2026-10-07T23:31:17.3436045Z       |                                               ^~~~~~~~~~~~~~~~~~
firmware (release)	Build guests from the tested patched source	2026-10-07T23:31:17.3436826Z /work/artifacts/firmware-release/work-0vimt6q0/source/tests/xbe/api-regression/ke/devqueue.c:36:5: note: expanded from macro 'AT_DISPATCH'
firmware (release)	Build guests from the tested patched source	2026-10-07T23:31:17.3437554Z    36 |     body; \
firmware (release)	Build guests from the tested patched source	2026-10-07T23:31:17.3437794Z       |     ^~~~
firmware (release)	Build guests from the tested patched source	2026-10-07T23:31:17.3438298Z /usr/src/nxdk/lib/xboxkrnl/xboxkrnl.h:3639:29: note: passing argument to parameter 'DeviceQueueEntry' here
firmware (release)	Build guests from the tested patched source	2026-10-07T23:31:17.3439113Z  3639 |     IN PKDEVICE_QUEUE_ENTRY DeviceQueueEntry
firmware (release)	Build guests from the tested patched source	2026-10-07T23:31:17.3439485Z       |                             ^
firmware (release)	Build guests from the tested patched source	2026-10-07T23:31:17.3547117Z 2 warnings generated.
firmware (release)	Build guests from the tested patched source	2026-10-07T23:31:17.3615027Z [ CC       ] /work/artifacts/firmware-release/work-0vimt6q0/source/tests/xbe/api-regression/ke/queue.obj
firmware (release)	Build guests from the tested patched source	2026-10-07T23:31:17.4235802Z [ CC       ] /work/artifacts/firmware-release/work-0vimt6q0/source/tests/xbe/api-regression/io/irpalloc.obj
firmware (release)	Build guests from the tested patched source	2026-10-07T23:31:17.4815891Z [ CC       ] /work/artifacts/firmware-release/work-0vimt6q0/source/tests/xbe/api-regression/io/devlife.obj
firmware (release)	Build guests from the tested patched source	2026-10-07T23:31:17.5394968Z [ CC       ] /work/artifacts/firmware-release/work-0vimt6q0/source/tests/xbe/api-regression/io/asyncreq.obj
firmware (release)	Build guests from the tested patched source	2026-10-07T23:31:17.5989282Z [ CC       ] /work/artifacts/firmware-release/work-0vimt6q0/source/tests/xbe/api-regression/io/scatter.obj
firmware (release)	Build guests from the tested patched source	2026-10-07T23:31:17.6713127Z [ CC       ] /work/artifacts/firmware-release/work-0vimt6q0/source/tests/xbe/api-regression/io/iocomp.obj
firmware (release)	Build guests from the tested patched source	2026-10-07T23:31:17.7322490Z [ CC       ] /work/artifacts/firmware-release/work-0vimt6q0/source/tests/xbe/api-regression/mm/protect.obj
firmware (release)	Build guests from the tested patched source	2026-10-07T23:31:17.7922171Z [ CC       ] /work/artifacts/firmware-release/work-0vimt6q0/source/tests/xbe/api-regression/ob/query.obj
firmware (release)	Build guests from the tested patched source	2026-10-07T23:31:17.8506390Z [ CC       ] /work/artifacts/firmware-release/work-0vimt6q0/source/tests/xbe/api-regression/ke/apc.obj
firmware (release)	Build guests from the tested patched source	2026-10-07T23:31:17.9097534Z [ CC       ] /work/artifacts/firmware-release/work-0vimt6q0/source/tests/xbe/api-regression/io/dismount.obj
firmware (release)	Build guests from the tested patched source	2026-10-07T23:31:17.9687317Z [ CC       ] /work/artifacts/firmware-release/work-0vimt6q0/source/tests/xbe/api-regression/ke/threadstate.obj
firmware (release)	Build guests from the tested patched source	2026-10-07T23:31:18.0305199Z [ CC       ] /work/artifacts/firmware-release/work-0vimt6q0/source/tests/xbe/api-regression/ex/timer.obj
firmware (release)	Build guests from the tested patched source	2026-10-07T23:31:18.0987980Z [ CC       ] /work/artifacts/firmware-release/work-0vimt6q0/source/tests/xbe/api-regression/ke/apcinit.obj
firmware (release)	Build guests from the tested patched source	2026-10-07T23:31:18.1551716Z [ CC       ] /work/artifacts/firmware-release/work-0vimt6q0/source/tests/xbe/api-regression/ke/apcqueue.obj
firmware (release)	Build guests from the tested patched source	2026-10-07T23:31:18.2221101Z [ CC       ] /work/artifacts/firmware-release/work-0vimt6q0/source/tests/xbe/api-regression/io/ioquery.obj
firmware (release)	Build guests from the tested patched source	2026-10-07T23:31:18.2824883Z [ CC       ] /work/artifacts/firmware-release/work-0vimt6q0/source/tests/xbe/api-regression/io/volquery.obj
firmware (release)	Build guests from the tested patched source	2026-10-07T23:31:18.3427825Z [ CC       ] /work/artifacts/firmware-release/work-0vimt6q0/source/tests/xbe/api-regression/io/startio.obj
firmware (release)	Build guests from the tested patched source	2026-10-07T23:31:18.4027192Z [ CC       ] /work/artifacts/firmware-release/work-0vimt6q0/source/tests/xbe/api-regression/io/createfile.obj
firmware (release)	Build guests from the tested patched source	2026-10-07T23:31:18.4693040Z [ CC       ] /work/artifacts/firmware-release/work-0vimt6q0/source/tests/xbe/api-regression/io/threadirp.obj
firmware (release)	Build guests from the tested patched source	2026-10-07T23:31:18.5254865Z [ CC       ] /work/artifacts/firmware-release/work-0vimt6q0/source/tests/xbe/api-regression/xc/cipher.obj
firmware (release)	Build guests from the tested patched source	2026-10-07T23:31:18.5855833Z [ CC       ] /work/artifacts/firmware-release/work-0vimt6q0/source/tests/xbe/api-regression/xc/vector.obj
firmware (release)	Build guests from the tested patched source	2026-10-07T23:31:18.6418963Z [ CC       ] /work/artifacts/firmware-release/work-0vimt6q0/source/tests/xbe/api-regression/xc/align.obj
firmware (release)	Build guests from the tested patched source	2026-10-07T23:31:18.6937960Z [ CC       ] /work/artifacts/firmware-release/work-0vimt6q0/source/tests/xbe/api-regression/ob/bypointer.obj
firmware (release)	Build guests from the tested patched source	2026-10-07T23:31:18.7496811Z [ CC       ] /work/artifacts/firmware-release/work-0vimt6q0/source/tests/xbe/api-regression/ke/pulse.obj
firmware (release)	Build guests from the tested patched source	2026-10-07T23:31:18.8070324Z [ CC       ] /work/artifacts/firmware-release/work-0vimt6q0/source/tests/xbe/api-regression/ke/boost.obj
firmware (release)	Build guests from the tested patched source	2026-10-07T23:31:18.8645829Z [ CC       ] /work/artifacts/firmware-release/work-0vimt6q0/source/tests/xbe/api-regression/ob/directory.obj
firmware (release)	Build guests from the tested patched source	2026-10-07T23:31:18.9206498Z [ CC       ] /work/artifacts/firmware-release/work-0vimt6q0/source/tests/xbe/api-regression/ps/notify.obj
firmware (release)	Build guests from the tested patched source	2026-10-07T23:31:18.9796243Z [ CC       ] /work/artifacts/firmware-release/work-0vimt6q0/source/tests/xbe/api-regression/ps/statistics.obj
firmware (release)	Build guests from the tested patched source	2026-10-07T23:31:19.0373352Z [ CC       ] /work/artifacts/firmware-release/work-0vimt6q0/source/tests/xbe/api-regression/ob/create.obj
firmware (release)	Build guests from the tested patched source	2026-10-07T23:31:19.1025467Z [ CC       ] /work/artifacts/firmware-release/work-0vimt6q0/source/tests/xbe/api-regression/ke/dispatcher.obj
firmware (release)	Build guests from the tested patched source	2026-10-07T23:31:19.1577883Z [ CC       ] /work/artifacts/firmware-release/work-0vimt6q0/source/tests/xbe/api-regression/hal/softint.obj
firmware (release)	Build guests from the tested patched source	2026-10-07T23:31:19.2139209Z [ CC       ] /work/artifacts/firmware-release/work-0vimt6q0/source/tests/xbe/api-regression/xc/privkey.obj
firmware (release)	Build guests from the tested patched source	2026-10-07T23:31:19.2722179Z [ CC       ] /work/artifacts/firmware-release/work-0vimt6q0/source/tests/xbe/api-regression/hal/sysint.obj
firmware (release)	Build guests from the tested patched source	2026-10-07T23:31:19.3249266Z [ CC       ] /work/artifacts/firmware-release/work-0vimt6q0/source/tests/xbe/api-regression/ke/bugcheck.obj
firmware (release)	Build guests from the tested patched source	2026-10-07T23:31:19.3801796Z [ CC       ] /work/artifacts/firmware-release/work-0vimt6q0/source/tests/xbe/api-regression/hal/smc.obj
firmware (release)	Build guests from the tested patched source	2026-10-07T23:31:19.4345923Z [ CC       ] /work/artifacts/firmware-release/work-0vimt6q0/source/tests/xbe/api-regression/ke/procprio.obj
firmware (release)	Build guests from the tested patched source	2026-10-07T23:31:19.4916207Z [ CC       ] /work/artifacts/firmware-release/work-0vimt6q0/source/tests/xbe/api-regression/ex/eeprom.obj
firmware (release)	Build guests from the tested patched source	2026-10-07T23:31:19.5620893Z [ CC       ] /work/artifacts/firmware-release/work-0vimt6q0/source/tests/xbe/api-regression/xbe/titlekeys.obj
firmware (release)	Build guests from the tested patched source	2026-10-07T23:31:19.6168801Z [ CC       ] /work/artifacts/firmware-release/work-0vimt6q0/source/tests/xbe/api-regression/xbe/sizeddata.obj
firmware (release)	Build guests from the tested patched source	2026-10-07T23:31:19.7131534Z [ LD       ] main.exe
firmware (release)	Build guests from the tested patched source	2026-10-07T23:31:19.7358783Z lld: warning: .edata=.rdata: already merged into .edataxb
firmware (release)	Build guests from the tested patched source	2026-10-07T23:31:19.7513364Z [ CXBE     ] bin/default.xbe
firmware (release)	Build guests from the tested patched source	2026-10-07T23:31:19.7558009Z [ XISO     ] nxkrnl-api-regression.iso
firmware (release)	Build guests from the tested patched source	2026-10-07T23:31:20.0324134Z [ CC       ] /work/artifacts/firmware-release/work-0vimt6q0/source/tests/xbe/clean-room-contracts/main.obj
firmware (release)	Build guests from the tested patched source	2026-10-07T23:31:20.0956346Z [ CC       ] /work/artifacts/firmware-release/work-0vimt6q0/source/tests/xbe/clean-room-contracts/pending.obj
firmware (release)	Build guests from the tested patched source	2026-10-07T23:31:20.2037806Z [ LD       ] main.exe
firmware (release)	Build guests from the tested patched source	2026-10-07T23:31:20.2244376Z lld: warning: .edata=.rdata: already merged into .edataxb
firmware (release)	Build guests from the tested patched source	2026-10-07T23:31:20.2315510Z [ CXBE     ] bin/default.xbe
firmware (release)	Build guests from the tested patched source	2026-10-07T23:31:20.2341254Z [ XISO     ] clean-room-contracts.iso
firmware (release)	Build guests from the tested patched source	2026-10-07T23:31:20.4866884Z [ CC       ] /work/artifacts/firmware-release/work-0vimt6q0/source/tests/xbe/clean-room-warm-reboot/main.obj
firmware (release)	Build guests from the tested patched source	2026-10-07T23:31:20.5808346Z [ LD       ] main.exe
firmware (release)	Build guests from the tested patched source	2026-10-07T23:31:20.6000822Z lld: warning: .edata=.rdata: already merged into .edataxb
firmware (release)	Build guests from the tested patched source	2026-10-07T23:31:20.6073007Z [ CXBE     ] bin/default.xbe
firmware (release)	Build guests from the tested patched source	2026-10-07T23:31:20.6111677Z [ XISO     ] clean-room-warm-reboot.iso
firmware (release)	Build guests from the tested patched source	2026-10-07T23:31:20.8655822Z [ CC       ] /work/artifacts/firmware-release/work-0vimt6q0/source/tests/xbe/kernel-performance/main.obj
firmware (release)	Build guests from the tested patched source	2026-10-07T23:31:20.9728260Z [ LD       ] main.exe
firmware (release)	Build guests from the tested patched source	2026-10-07T23:31:20.9948679Z lld: warning: .edata=.rdata: already merged into .edataxb
firmware (release)	Build guests from the tested patched source	2026-10-07T23:31:21.0048975Z [ CXBE     ] bin/default.xbe
firmware (release)	Build guests from the tested patched source	2026-10-07T23:31:21.0084305Z [ XISO     ] kernel-performance.iso
firmware (release)	Run API, contracts, warm reboot, and performance correctness guests	﻿2026-10-07T23:31:21.0959097Z ##[group]Run guest_source=$(python3 -c 'import json; print(json.load(open("artifacts/firmware-release/build.json"))["source_directory"])')
firmware (release)	Run API, contracts, warm reboot, and performance correctness guests	2026-10-07T23:31:21.0960048Z [36;1mguest_source=$(python3 -c 'import json; print(json.load(open("artifacts/firmware-release/build.json"))["source_directory"])')[0m
firmware (release)	Run API, contracts, warm reboot, and performance correctness guests	2026-10-07T23:31:21.0960514Z [36;1mdocker run --rm -v "$PWD:/work" \[0m
firmware (release)	Run API, contracts, warm reboot, and performance correctness guests	2026-10-07T23:31:21.0960795Z [36;1m  -e GUEST_SOURCE="$guest_source" -e VARIANT=release \[0m
firmware (release)	Run API, contracts, warm reboot, and performance correctness guests	2026-10-07T23:31:21.0961114Z [36;1m  -e SDL_AUDIO_DRIVER=dummy spiritboot-toolchain sh -ec '[0m
firmware (release)	Run API, contracts, warm reboot, and performance correctness guests	2026-10-07T23:31:21.0961458Z [36;1m  Xvfb :99 -screen 0 1280x720x24 -nolisten tcp >/tmp/xvfb.log 2>&1 &[0m
firmware (release)	Run API, contracts, warm reboot, and performance correctness guests	2026-10-07T23:31:21.0961770Z [36;1m  python3 -c "import time; time.sleep(1)"[0m
firmware (release)	Run API, contracts, warm reboot, and performance correctness guests	2026-10-07T23:31:21.0962165Z [36;1m  for guest in api-regression clean-room-contracts clean-room-warm-reboot kernel-performance; do[0m
firmware (release)	Run API, contracts, warm reboot, and performance correctness guests	2026-10-07T23:31:21.0962538Z [36;1m    case "$guest" in[0m
firmware (release)	Run API, contracts, warm reboot, and performance correctness guests	2026-10-07T23:31:21.0962822Z [36;1m      api-regression) iso=nxkrnl-api-regression.iso; capture=open-xbe ;;[0m
firmware (release)	Run API, contracts, warm reboot, and performance correctness guests	2026-10-07T23:31:21.0963190Z [36;1m      *) iso=$guest.iso; capture=$guest ;;[0m
firmware (release)	Run API, contracts, warm reboot, and performance correctness guests	2026-10-07T23:31:21.0963415Z [36;1m    esac[0m
firmware (release)	Run API, contracts, warm reboot, and performance correctness guests	2026-10-07T23:31:21.0963619Z [36;1m    DISPLAY=:99 python3 scripts/run-firmware.py \[0m
firmware (release)	Run API, contracts, warm reboot, and performance correctness guests	2026-10-07T23:31:21.0963900Z [36;1m      --xemu artifacts/squashfs-root/usr/bin/xemu \[0m
firmware (release)	Run API, contracts, warm reboot, and performance correctness guests	2026-10-07T23:31:21.0964187Z [36;1m      --flash "artifacts/firmware-$VARIANT/flash.bin" \[0m
firmware (release)	Run API, contracts, warm reboot, and performance correctness guests	2026-10-07T23:31:21.0964458Z [36;1m      --hdd artifacts/xbox_hdd.qcow2 \[0m
firmware (release)	Run API, contracts, warm reboot, and performance correctness guests	2026-10-07T23:31:21.0964712Z [36;1m      --dvd "$GUEST_SOURCE/tests/xbe/$guest/$iso" \[0m
firmware (release)	Run API, contracts, warm reboot, and performance correctness guests	2026-10-07T23:31:21.0965034Z [36;1m      --output "artifacts/$capture-$VARIANT" --timeout 240 --expect-tap[0m
firmware (release)	Run API, contracts, warm reboot, and performance correctness guests	2026-10-07T23:31:21.0965315Z [36;1m  done'[0m
firmware (release)	Run API, contracts, warm reboot, and performance correctness guests	2026-10-07T23:31:21.0965479Z [36;1mpython3 - <<'PY'[0m
firmware (release)	Run API, contracts, warm reboot, and performance correctness guests	2026-10-07T23:31:21.0965666Z [36;1mimport json[0m
firmware (release)	Run API, contracts, warm reboot, and performance correctness guests	2026-10-07T23:31:21.0965951Z [36;1mfor guest, plan in (('clean-room-contracts', 23), ('clean-room-warm-reboot', 5)):[0m
firmware (release)	Run API, contracts, warm reboot, and performance correctness guests	2026-10-07T23:31:21.0966348Z [36;1m    result = json.load(open(f'artifacts/{guest}-release/run.json'))[0m
firmware (release)	Run API, contracts, warm reboot, and performance correctness guests	2026-10-07T23:31:21.0966910Z [36;1m    assert result['status'] == 'passed' and result['tap']['plan'] == plan, result[0m
firmware (release)	Run API, contracts, warm reboot, and performance correctness guests	2026-10-07T23:31:21.0967244Z [36;1m    assert result['tap']['ok'] == plan, result[0m
firmware (release)	Run API, contracts, warm reboot, and performance correctness guests	2026-10-07T23:31:21.0967560Z [36;1m    assert result['tap']['todo'] == 0 and result['tap']['skipped'] == 0, result[0m
firmware (release)	Run API, contracts, warm reboot, and performance correctness guests	2026-10-07T23:31:21.0967856Z [36;1mPY[0m
firmware (release)	Run API, contracts, warm reboot, and performance correctness guests	2026-10-07T23:31:21.0968020Z [36;1mpython3 - <<'PY'[0m
firmware (release)	Run API, contracts, warm reboot, and performance correctness guests	2026-10-07T23:31:21.0968215Z [36;1mfrom pathlib import Path[0m
firmware (release)	Run API, contracts, warm reboot, and performance correctness guests	2026-10-07T23:31:21.0968458Z [36;1mfrom tools.kernel_performance import capture[0m
firmware (release)	Run API, contracts, warm reboot, and performance correctness guests	2026-10-07T23:31:21.0968783Z [36;1mresult = capture(Path('artifacts/kernel-performance-release'), {})[0m
firmware (release)	Run API, contracts, warm reboot, and performance correctness guests	2026-10-07T23:31:21.0969400Z [36;1massert len(result['workloads']) == 41, result[0m
firmware (release)	Run API, contracts, warm reboot, and performance correctness guests	2026-10-07T23:31:21.0969633Z [36;1mPY[0m
firmware (release)	Run API, contracts, warm reboot, and performance correctness guests	2026-10-07T23:31:21.1026763Z shell: /usr/bin/bash -e {0}
firmware (release)	Run API, contracts, warm reboot, and performance correctness guests	2026-10-07T23:31:21.1027049Z ##[endgroup]
firmware (release)	Run API, contracts, warm reboot, and performance correctness guests	2026-10-07T23:31:44.1041572Z passed: artifacts/open-xbe-release/run.json
firmware (release)	Run API, contracts, warm reboot, and performance correctness guests	2026-10-07T23:31:44.1042212Z {'passed': True, 'plan': 632, 'ran': 632, 'errors': [], 'ok': 626, 'failed': 0, 'todo': 6, 'skipped': 0}
firmware (release)	Run API, contracts, warm reboot, and performance correctness guests	2026-10-07T23:31:46.3902429Z passed: artifacts/clean-room-contracts-release/run.json
firmware (release)	Run API, contracts, warm reboot, and performance correctness guests	2026-10-07T23:31:46.3902914Z {'passed': True, 'plan': 23, 'ran': 23, 'errors': [], 'ok': 23, 'failed': 0, 'todo': 0, 'skipped': 0}
firmware (release)	Run API, contracts, warm reboot, and performance correctness guests	2026-10-07T23:31:48.0737952Z passed: artifacts/clean-room-warm-reboot-release/run.json
firmware (release)	Run API, contracts, warm reboot, and performance correctness guests	2026-10-07T23:31:48.0738502Z {'passed': True, 'plan': 5, 'ran': 5, 'errors': [], 'ok': 5, 'failed': 0, 'todo': 0, 'skipped': 0}
firmware (release)	Run API, contracts, warm reboot, and performance correctness guests	2026-10-07T23:31:52.3212673Z passed: artifacts/kernel-performance-release/run.json
firmware (release)	Run API, contracts, warm reboot, and performance correctness guests	2026-10-07T23:31:52.3213397Z {'passed': True, 'plan': 42, 'ran': 42, 'errors': [], 'ok': 42, 'failed': 0, 'todo': 0, 'skipped': 0}
firmware (release)	Run actions/upload-artifact@v4	﻿2026-10-07T23:31:52.4966373Z ##[group]Run actions/upload-artifact@v4
firmware (release)	Run actions/upload-artifact@v4	2026-10-07T23:31:52.4966624Z with:
firmware (release)	Run actions/upload-artifact@v4	2026-10-07T23:31:52.4966795Z   name: spiritboot-release
firmware (release)	Run actions/upload-artifact@v4	2026-10-07T23:31:52.4967731Z   path: artifacts/firmware-release/flash.bin
firmware (release)	Run actions/upload-artifact@v4	artifacts/firmware-release/build.json
firmware (release)	Run actions/upload-artifact@v4	artifacts/firmware-release/build.log
firmware (release)	Run actions/upload-artifact@v4	artifacts/open-xbe-release/
firmware (release)	Run actions/upload-artifact@v4	artifacts/clean-room-contracts-release/
firmware (release)	Run actions/upload-artifact@v4	artifacts/clean-room-warm-reboot-release/
firmware (release)	Run actions/upload-artifact@v4	artifacts/kernel-performance-release/
firmware (release)	Run actions/upload-artifact@v4	artifacts/kernel-host-release/
firmware (release)	Run actions/upload-artifact@v4	LICENSE
firmware (release)	Run actions/upload-artifact@v4	
firmware (release)	Run actions/upload-artifact@v4	2026-10-07T23:31:52.4968703Z   if-no-files-found: warn
firmware (release)	Run actions/upload-artifact@v4	2026-10-07T23:31:52.4969003Z   compression-level: 6
firmware (release)	Run actions/upload-artifact@v4	2026-10-07T23:31:52.4969182Z   overwrite: false
firmware (release)	Run actions/upload-artifact@v4	2026-10-07T23:31:52.4969354Z   include-hidden-files: false
firmware (release)	Run actions/upload-artifact@v4	2026-10-07T23:31:52.4969552Z ##[endgroup]
firmware (release)	Run actions/upload-artifact@v4	2026-10-07T23:31:52.6383918Z (node:15803) [DEP0040] DeprecationWarning: The `punycode` module is deprecated. Please use a userland alternative instead.
firmware (release)	Run actions/upload-artifact@v4	2026-10-07T23:31:52.6384546Z (Use `node --trace-deprecation ...` to show where the warning was created)
firmware (release)	Run actions/upload-artifact@v4	2026-10-07T23:31:52.6592612Z Multiple search paths detected. Calculating the least common ancestor of all paths
firmware (release)	Run actions/upload-artifact@v4	2026-10-07T23:31:52.6595054Z The least common ancestor is /home/runner/work/SpiritBoot/SpiritBoot. This will be the root directory of the artifact
firmware (release)	Run actions/upload-artifact@v4	2026-10-07T23:31:52.6595724Z With the provided path, there will be 43 files uploaded
firmware (release)	Run actions/upload-artifact@v4	2026-10-07T23:31:52.6596308Z Artifact name is valid!
firmware (release)	Run actions/upload-artifact@v4	2026-10-07T23:31:52.6596587Z Root directory input is valid!
firmware (release)	Run actions/upload-artifact@v4	2026-10-07T23:31:53.0819918Z Beginning upload of artifact content to blob storage
firmware (release)	Run actions/upload-artifact@v4	2026-10-07T23:31:53.1498337Z (node:15803) [DEP0169] DeprecationWarning: `url.parse()` behavior is not standardized and prone to errors that have security implications. Use the WHATWG URL API instead. CVEs are not issued for `url.parse()` vulnerabilities.
firmware (release)	Run actions/upload-artifact@v4	2026-10-07T23:31:53.6745150Z Uploaded bytes 384145
firmware (release)	Run actions/upload-artifact@v4	2026-10-07T23:31:53.7486959Z Finished uploading artifact content to blob storage!
firmware (release)	Run actions/upload-artifact@v4	2026-10-07T23:31:53.7487737Z SHA256 digest of uploaded artifact zip is 7f48b935411a5d312fc24ac1cbd769ed552e3fdd96d064fcbe25834bb1b151f3
firmware (release)	Run actions/upload-artifact@v4	2026-10-07T23:31:53.7489125Z Finalizing artifact upload
firmware (release)	Run actions/upload-artifact@v4	2026-10-07T23:31:54.0304788Z Artifact spiritboot-release.zip successfully finalized. Artifact ID 11518860104
firmware (release)	Run actions/upload-artifact@v4	2026-10-07T23:31:54.0305477Z Artifact spiritboot-release has been successfully uploaded! Final size is 384145 bytes. Artifact ID is 11518860104
firmware (release)	Run actions/upload-artifact@v4	2026-10-07T23:31:54.0311306Z Artifact download URL: https://github.com/Mainkill1/SpiritBoot/actions/runs/37702368565/artifacts/11518860104
firmware (release)	Post Run actions/checkout@v4	﻿2026-10-07T23:31:54.0510976Z Post job cleanup.
firmware (release)	Post Run actions/checkout@v4	2026-10-07T23:31:54.1265301Z [command]/usr/bin/git version
firmware (release)	Post Run actions/checkout@v4	2026-10-07T23:31:54.1302989Z git version 2.55.0
firmware (release)	Post Run actions/checkout@v4	2026-10-07T23:31:54.1335651Z Temporarily overriding HOME='/home/runner/work/_temp/50379fc8-d0be-4f83-b1c6-e884063ce304' before making global git config changes
firmware (release)	Post Run actions/checkout@v4	2026-10-07T23:31:54.1336627Z Adding repository directory to the temporary git global config as a safe directory
firmware (release)	Post Run actions/checkout@v4	2026-10-07T23:31:54.1337412Z [command]/usr/bin/git config --global --add safe.directory /home/runner/work/SpiritBoot/SpiritBoot
firmware (release)	Post Run actions/checkout@v4	2026-10-07T23:31:54.1376523Z [command]/usr/bin/git config --local --name-only --get-regexp core\.sshCommand
firmware (release)	Post Run actions/checkout@v4	2026-10-07T23:31:54.1412194Z [command]/usr/bin/git submodule foreach --recursive sh -c "git config --local --name-only --get-regexp 'core\.sshCommand' && git config --local --unset-all 'core.sshCommand' || :"
firmware (release)	Post Run actions/checkout@v4	2026-10-07T23:31:54.1700210Z [command]/usr/bin/git config --local --name-only --get-regexp http\.https\:\/\/github\.com\/\.extraheader
firmware (release)	Post Run actions/checkout@v4	2026-10-07T23:31:54.1717090Z http.https://github.com/.extraheader
firmware (release)	Post Run actions/checkout@v4	2026-10-07T23:31:54.1730243Z [command]/usr/bin/git config --local --unset-all http.https://github.com/.extraheader
firmware (release)	Post Run actions/checkout@v4	2026-10-07T23:31:54.1771907Z [command]/usr/bin/git submodule foreach --recursive sh -c "git config --local --name-only --get-regexp 'http\.https\:\/\/github\.com\/\.extraheader' && git config --local --unset-all 'http.https://github.com/.extraheader' || :"
firmware (release)	Post Run actions/checkout@v4	2026-10-07T23:31:54.2009370Z [command]/usr/bin/git config --local --name-only --get-regexp ^includeIf\.gitdir:
firmware (release)	Post Run actions/checkout@v4	2026-10-07T23:31:54.2049836Z [command]/usr/bin/git submodule foreach --recursive git config --local --show-origin --name-only --get-regexp remote.origin.url
firmware (release)	Complete job	﻿2026-10-07T23:31:54.2416340Z Cleaning up orphan processes
firmware (release)	Complete job	2026-10-07T23:31:54.2711244Z ##[warning]Node.js 20 is deprecated. The following actions target Node.js 20 but are being forced to run on Node.js 24: actions/checkout@v4, actions/upload-artifact@v4. For more information see: https://github.blog/changelog/2025-09-19-deprecation-of-node-20-on-github-actions-runners/
firmware (debug)	Set up job	﻿2026-10-07T23:27:26.3041616Z Current runner version: '2.337.0'
firmware (debug)	Set up job	2026-10-07T23:27:26.3067358Z ##[group]Runner Image Provisioner
firmware (debug)	Set up job	2026-10-07T23:27:26.3068243Z Hosted Compute Agent
firmware (debug)	Set up job	2026-10-07T23:27:26.3068904Z Version: 20260901.588
firmware (debug)	Set up job	2026-10-07T23:27:26.3069556Z Commit: f88ec8081b781fac6c440065ac7ff9e710ce3d0b
firmware (debug)	Set up job	2026-10-07T23:27:26.3070278Z Build Date: 2026-09-01T19:56:44Z
firmware (debug)	Set up job	2026-10-07T23:27:26.3071036Z Worker ID: {6d7c1ef2-5d45-4949-838b-939f68305f6f}
firmware (debug)	Set up job	2026-10-07T23:27:26.3071745Z Azure Region: westus3
firmware (debug)	Set up job	2026-10-07T23:27:26.3072381Z ##[endgroup]
firmware (debug)	Set up job	2026-10-07T23:27:26.3073935Z ##[group]Operating System
firmware (debug)	Set up job	2026-10-07T23:27:26.3074577Z Ubuntu
firmware (debug)	Set up job	2026-10-07T23:27:26.3075771Z 24.04.5
firmware (debug)	Set up job	2026-10-07T23:27:26.3076341Z LTS
firmware (debug)	Set up job	2026-10-07T23:27:26.3076874Z ##[endgroup]
firmware (debug)	Set up job	2026-10-07T23:27:26.3077516Z ##[group]Runner Image
firmware (debug)	Set up job	2026-10-07T23:27:26.3078116Z Image: ubuntu-24.04
firmware (debug)	Set up job	2026-10-07T23:27:26.3078712Z Version: 20260927.320.1
firmware (debug)	Set up job	2026-10-07T23:27:26.3079824Z Included Software: https://github.com/actions/runner-images/blob/ubuntu24/20260927.320/images/ubuntu/Ubuntu2404-Readme.md
firmware (debug)	Set up job	2026-10-07T23:27:26.3081654Z Image Release: https://github.com/actions/runner-images/releases/tag/ubuntu24%2F20260927.320
firmware (debug)	Set up job	2026-10-07T23:27:26.3082615Z ##[endgroup]
firmware (debug)	Set up job	2026-10-07T23:27:26.3083828Z ##[group]GITHUB_TOKEN Permissions
firmware (debug)	Set up job	2026-10-07T23:27:26.3085870Z Contents: read
firmware (debug)	Set up job	2026-10-07T23:27:26.3086629Z Metadata: read
firmware (debug)	Set up job	2026-10-07T23:27:26.3087313Z ##[endgroup]
firmware (debug)	Set up job	2026-10-07T23:27:26.3089313Z Secret source: Actions
firmware (debug)	Set up job	2026-10-07T23:27:26.3090384Z Cache mode: write
firmware (debug)	Set up job	2026-10-07T23:27:26.3091092Z Prepare workflow directory
firmware (debug)	Set up job	2026-10-07T23:27:26.3431949Z Prepare all required actions
firmware (debug)	Set up job	2026-10-07T23:27:26.3480706Z Getting action download info
firmware (debug)	Set up job	2026-10-07T23:27:26.6677484Z Download action repository 'actions/checkout@v4' (SHA:11d5960a326750d5838078e36cf38b85af677262)
firmware (debug)	Set up job	2026-10-07T23:27:26.7747073Z Download action repository 'actions/upload-artifact@v4' (SHA:ea165f8d65b6e75b540449e92b4886f43607fa02)
firmware (debug)	Set up job	2026-10-07T23:27:26.9886459Z Complete job name: firmware (debug)
firmware (debug)	Run actions/checkout@v4	﻿2026-10-07T23:27:27.0671092Z ##[group]Run actions/checkout@v4
firmware (debug)	Run actions/checkout@v4	2026-10-07T23:27:27.0672008Z with:
firmware (debug)	Run actions/checkout@v4	2026-10-07T23:27:27.0672461Z   repository: Mainkill1/SpiritBoot
firmware (debug)	Run actions/checkout@v4	2026-10-07T23:27:27.0676686Z   token: ***
firmware (debug)	Run actions/checkout@v4	2026-10-07T23:27:27.0677125Z   ssh-strict: true
firmware (debug)	Run actions/checkout@v4	2026-10-07T23:27:27.0677556Z   ssh-user: git
firmware (debug)	Run actions/checkout@v4	2026-10-07T23:27:27.0677988Z   persist-credentials: true
firmware (debug)	Run actions/checkout@v4	2026-10-07T23:27:27.0678463Z   clean: true
firmware (debug)	Run actions/checkout@v4	2026-10-07T23:27:27.0678905Z   sparse-checkout-cone-mode: true
firmware (debug)	Run actions/checkout@v4	2026-10-07T23:27:27.0679417Z   fetch-depth: 1
firmware (debug)	Run actions/checkout@v4	2026-10-07T23:27:27.0679838Z   fetch-tags: false
firmware (debug)	Run actions/checkout@v4	2026-10-07T23:27:27.0680273Z   show-progress: true
firmware (debug)	Run actions/checkout@v4	2026-10-07T23:27:27.0680704Z   lfs: false
firmware (debug)	Run actions/checkout@v4	2026-10-07T23:27:27.0681108Z   submodules: false
firmware (debug)	Run actions/checkout@v4	2026-10-07T23:27:27.0681550Z   set-safe-directory: true
firmware (debug)	Run actions/checkout@v4	2026-10-07T23:27:27.0682040Z   allow-unsafe-pr-checkout: false
firmware (debug)	Run actions/checkout@v4	2026-10-07T23:27:27.0682960Z ##[endgroup]
firmware (debug)	Run actions/checkout@v4	2026-10-07T23:27:27.1670009Z Syncing repository: Mainkill1/SpiritBoot
firmware (debug)	Run actions/checkout@v4	2026-10-07T23:27:27.1673257Z ##[group]Getting Git version info
firmware (debug)	Run actions/checkout@v4	2026-10-07T23:27:27.1674476Z Working directory is '/home/runner/work/SpiritBoot/SpiritBoot'
firmware (debug)	Run actions/checkout@v4	2026-10-07T23:27:27.1676616Z [command]/usr/bin/git version
firmware (debug)	Run actions/checkout@v4	2026-10-07T23:27:27.1750404Z git version 2.55.0
firmware (debug)	Run actions/checkout@v4	2026-10-07T23:27:27.1773257Z ##[endgroup]
firmware (debug)	Run actions/checkout@v4	2026-10-07T23:27:27.1816833Z Temporarily overriding HOME='/home/runner/work/_temp/a7479a03-9b44-472a-8884-3fc49c116b78' before making global git config changes
firmware (debug)	Run actions/checkout@v4	2026-10-07T23:27:27.1846179Z Adding repository directory to the temporary git global config as a safe directory
firmware (debug)	Run actions/checkout@v4	2026-10-07T23:27:27.1848584Z [command]/usr/bin/git config --global --add safe.directory /home/runner/work/SpiritBoot/SpiritBoot
firmware (debug)	Run actions/checkout@v4	2026-10-07T23:27:27.1854186Z Deleting the contents of '/home/runner/work/SpiritBoot/SpiritBoot'
firmware (debug)	Run actions/checkout@v4	2026-10-07T23:27:27.1860146Z ##[group]Initializing the repository
firmware (debug)	Run actions/checkout@v4	2026-10-07T23:27:27.1865567Z [command]/usr/bin/git init /home/runner/work/SpiritBoot/SpiritBoot
firmware (debug)	Run actions/checkout@v4	2026-10-07T23:27:27.1971144Z hint: Using 'master' as the name for the initial branch. This default branch name
firmware (debug)	Run actions/checkout@v4	2026-10-07T23:27:27.1973098Z hint: will change to "main" in Git 3.0. To configure the initial branch name
firmware (debug)	Run actions/checkout@v4	2026-10-07T23:27:27.1975454Z hint: to use in all of your new repositories, which will suppress this warning,
firmware (debug)	Run actions/checkout@v4	2026-10-07T23:27:27.1976800Z hint: call:
firmware (debug)	Run actions/checkout@v4	2026-10-07T23:27:27.1977296Z hint:
firmware (debug)	Run actions/checkout@v4	2026-10-07T23:27:27.1978132Z hint: 	git config --global init.defaultBranch <name>
firmware (debug)	Run actions/checkout@v4	2026-10-07T23:27:27.1979023Z hint:
firmware (debug)	Run actions/checkout@v4	2026-10-07T23:27:27.1979840Z hint: Names commonly chosen instead of 'master' are 'main', 'trunk' and
firmware (debug)	Run actions/checkout@v4	2026-10-07T23:27:27.1981433Z hint: 'development'. The just-created branch can be renamed via this command:
firmware (debug)	Run actions/checkout@v4	2026-10-07T23:27:27.1982465Z hint:
firmware (debug)	Run actions/checkout@v4	2026-10-07T23:27:27.1982929Z hint: 	git branch -m <name>
firmware (debug)	Run actions/checkout@v4	2026-10-07T23:27:27.1983440Z hint:
firmware (debug)	Run actions/checkout@v4	2026-10-07T23:27:27.1984123Z hint: Disable this message with "git config set advice.defaultBranchName false"
firmware (debug)	Run actions/checkout@v4	2026-10-07T23:27:27.1985532Z Initialized empty Git repository in /home/runner/work/SpiritBoot/SpiritBoot/.git/
firmware (debug)	Run actions/checkout@v4	2026-10-07T23:27:27.1989879Z [command]/usr/bin/git remote add origin https://github.com/Mainkill1/SpiritBoot
firmware (debug)	Run actions/checkout@v4	2026-10-07T23:27:27.2048811Z ##[endgroup]
firmware (debug)	Run actions/checkout@v4	2026-10-07T23:27:27.2050178Z ##[group]Disabling automatic garbage collection
firmware (debug)	Run actions/checkout@v4	2026-10-07T23:27:27.2054095Z [command]/usr/bin/git config --local gc.auto 0
firmware (debug)	Run actions/checkout@v4	2026-10-07T23:27:27.2095911Z ##[endgroup]
firmware (debug)	Run actions/checkout@v4	2026-10-07T23:27:27.2097049Z ##[group]Setting up auth
firmware (debug)	Run actions/checkout@v4	2026-10-07T23:27:27.2098181Z [command]/usr/bin/git config --local --name-only --get-regexp core\.sshCommand
firmware (debug)	Run actions/checkout@v4	2026-10-07T23:27:27.2129452Z [command]/usr/bin/git submodule foreach --recursive sh -c "git config --local --name-only --get-regexp 'core\.sshCommand' && git config --local --unset-all 'core.sshCommand' || :"
firmware (debug)	Run actions/checkout@v4	2026-10-07T23:27:27.2515866Z [command]/usr/bin/git config --local --name-only --get-regexp http\.https\:\/\/github\.com\/\.extraheader
firmware (debug)	Run actions/checkout@v4	2026-10-07T23:27:27.2561448Z [command]/usr/bin/git submodule foreach --recursive sh -c "git config --local --name-only --get-regexp 'http\.https\:\/\/github\.com\/\.extraheader' && git config --local --unset-all 'http.https://github.com/.extraheader' || :"
firmware (debug)	Run actions/checkout@v4	2026-10-07T23:27:27.2809719Z [command]/usr/bin/git config --local --name-only --get-regexp ^includeIf\.gitdir:
firmware (debug)	Run actions/checkout@v4	2026-10-07T23:27:27.2851685Z [command]/usr/bin/git submodule foreach --recursive git config --local --show-origin --name-only --get-regexp remote.origin.url
firmware (debug)	Run actions/checkout@v4	2026-10-07T23:27:27.3078752Z [command]/usr/bin/git config --local http.https://github.com/.extraheader AUTHORIZATION: basic ***
firmware (debug)	Run actions/checkout@v4	2026-10-07T23:27:27.3119010Z ##[endgroup]
firmware (debug)	Run actions/checkout@v4	2026-10-07T23:27:27.3120050Z ##[group]Fetching the repository
firmware (debug)	Run actions/checkout@v4	2026-10-07T23:27:27.3129290Z [command]/usr/bin/git -c protocol.version=2 fetch --no-tags --prune --no-recurse-submodules --depth=1 origin +fda40c4c546b66bbb0ab063c2bd56d6b1ed2e880:refs/remotes/pull/10/merge
firmware (debug)	Run actions/checkout@v4	2026-10-07T23:27:28.2901990Z From https://github.com/Mainkill1/SpiritBoot
firmware (debug)	Run actions/checkout@v4	2026-10-07T23:27:28.2926825Z  * [new ref]         fda40c4c546b66bbb0ab063c2bd56d6b1ed2e880 -> pull/10/merge
firmware (debug)	Run actions/checkout@v4	2026-10-07T23:27:28.2930019Z ##[endgroup]
firmware (debug)	Run actions/checkout@v4	2026-10-07T23:27:28.2931310Z ##[group]Determining the checkout info
firmware (debug)	Run actions/checkout@v4	2026-10-07T23:27:28.2932795Z ##[endgroup]
firmware (debug)	Run actions/checkout@v4	2026-10-07T23:27:28.2933726Z [command]/usr/bin/git sparse-checkout disable
firmware (debug)	Run actions/checkout@v4	2026-10-07T23:27:28.2976342Z [command]/usr/bin/git config --local --unset-all extensions.worktreeConfig
firmware (debug)	Run actions/checkout@v4	2026-10-07T23:27:28.3017335Z ##[group]Checking out the ref
firmware (debug)	Run actions/checkout@v4	2026-10-07T23:27:28.3023197Z [command]/usr/bin/git checkout --progress --force refs/remotes/pull/10/merge
firmware (debug)	Run actions/checkout@v4	2026-10-07T23:27:28.3249421Z Note: switching to 'refs/remotes/pull/10/merge'.
firmware (debug)	Run actions/checkout@v4	2026-10-07T23:27:28.3250849Z 
firmware (debug)	Run actions/checkout@v4	2026-10-07T23:27:28.3251778Z You are in 'detached HEAD' state. You can look around, make experimental
firmware (debug)	Run actions/checkout@v4	2026-10-07T23:27:28.3254041Z changes and commit them, and you can discard any commits you make in this
firmware (debug)	Run actions/checkout@v4	2026-10-07T23:27:28.3256536Z state without impacting any branches by switching back to a branch.
firmware (debug)	Run actions/checkout@v4	2026-10-07T23:27:28.3257631Z 
firmware (debug)	Run actions/checkout@v4	2026-10-07T23:27:28.3258275Z If you want to create a new branch to retain commits you create, you may
firmware (debug)	Run actions/checkout@v4	2026-10-07T23:27:28.3259588Z do so (now or later) by using -c with the switch command. Example:
firmware (debug)	Run actions/checkout@v4	2026-10-07T23:27:28.3260381Z 
firmware (debug)	Run actions/checkout@v4	2026-10-07T23:27:28.3260732Z   git switch -c <new-branch-name>
firmware (debug)	Run actions/checkout@v4	2026-10-07T23:27:28.3261376Z 
firmware (debug)	Run actions/checkout@v4	2026-10-07T23:27:28.3261963Z Or undo this operation with:
firmware (debug)	Run actions/checkout@v4	2026-10-07T23:27:28.3262515Z 
firmware (debug)	Run actions/checkout@v4	2026-10-07T23:27:28.3262815Z   git switch -
firmware (debug)	Run actions/checkout@v4	2026-10-07T23:27:28.3263245Z 
firmware (debug)	Run actions/checkout@v4	2026-10-07T23:27:28.3263987Z Turn off this advice by setting config variable advice.detachedHead to false
firmware (debug)	Run actions/checkout@v4	2026-10-07T23:27:28.3265581Z 
firmware (debug)	Run actions/checkout@v4	2026-10-07T23:27:28.3267001Z HEAD is now at fda40c4 Merge 0cd16fbe1e828f77d6ffb320c7574bf10792640b into a88247760c91de599a14342158561373b072dfce
firmware (debug)	Run actions/checkout@v4	2026-10-07T23:27:28.3271048Z ##[endgroup]
firmware (debug)	Run actions/checkout@v4	2026-10-07T23:27:28.3308539Z [command]/usr/bin/git log -1 --format=%H
firmware (debug)	Run actions/checkout@v4	2026-10-07T23:27:28.3335619Z fda40c4c546b66bbb0ab063c2bd56d6b1ed2e880
firmware (debug)	Fetch pinned open kernel	﻿2026-10-07T23:27:28.3607884Z ##[group]Run python3 - <<'PY'
firmware (debug)	Fetch pinned open kernel	2026-10-07T23:27:28.3609159Z [36;1mpython3 - <<'PY'[0m
firmware (debug)	Fetch pinned open kernel	2026-10-07T23:27:28.3610259Z [36;1mimport json, subprocess[0m
firmware (debug)	Fetch pinned open kernel	2026-10-07T23:27:28.3612116Z [36;1mlock = json.load(open('sources/firmware-lock.json'))['repositories']['roswell'][0m
firmware (debug)	Fetch pinned open kernel	2026-10-07T23:27:28.3614507Z [36;1msubprocess.run(['git', 'init', '.reference/roswell'], check=True)[0m
firmware (debug)	Fetch pinned open kernel	2026-10-07T23:27:28.3617320Z [36;1msubprocess.run(['git', '-C', '.reference/roswell', 'remote', 'add', 'origin', lock['url']], check=True)[0m
firmware (debug)	Fetch pinned open kernel	2026-10-07T23:27:28.3620580Z [36;1msubprocess.run(['git', '-C', '.reference/roswell', 'fetch', '--depth=1', 'origin', lock['revision']], check=True)[0m
firmware (debug)	Fetch pinned open kernel	2026-10-07T23:27:28.3623763Z [36;1msubprocess.run(['git', '-C', '.reference/roswell', 'checkout', '--detach', 'FETCH_HEAD'], check=True)[0m
firmware (debug)	Fetch pinned open kernel	2026-10-07T23:27:28.3626224Z [36;1mPY[0m
firmware (debug)	Fetch pinned open kernel	2026-10-07T23:27:28.3897105Z shell: /usr/bin/bash -e {0}
firmware (debug)	Fetch pinned open kernel	2026-10-07T23:27:28.3898266Z ##[endgroup]
firmware (debug)	Fetch pinned open kernel	2026-10-07T23:27:28.4349594Z hint: Using 'master' as the name for the initial branch. This default branch name
firmware (debug)	Fetch pinned open kernel	2026-10-07T23:27:28.4353293Z hint: will change to "main" in Git 3.0. To configure the initial branch name
firmware (debug)	Fetch pinned open kernel	2026-10-07T23:27:28.4356280Z hint: to use in all of your new repositories, which will suppress this warning,
firmware (debug)	Fetch pinned open kernel	2026-10-07T23:27:28.4358058Z hint: call:
firmware (debug)	Fetch pinned open kernel	2026-10-07T23:27:28.4358925Z hint:
firmware (debug)	Fetch pinned open kernel	2026-10-07T23:27:28.4359948Z hint: 	git config --global init.defaultBranch <name>
firmware (debug)	Fetch pinned open kernel	2026-10-07T23:27:28.4361341Z hint:
firmware (debug)	Fetch pinned open kernel	2026-10-07T23:27:28.4362613Z hint: Names commonly chosen instead of 'master' are 'main', 'trunk' and
firmware (debug)	Fetch pinned open kernel	2026-10-07T23:27:28.4364809Z hint: 'development'. The just-created branch can be renamed via this command:
firmware (debug)	Fetch pinned open kernel	2026-10-07T23:27:28.4367062Z hint:
firmware (debug)	Fetch pinned open kernel	2026-10-07T23:27:28.4367885Z hint: 	git branch -m <name>
firmware (debug)	Fetch pinned open kernel	2026-10-07T23:27:28.4368921Z hint:
firmware (debug)	Fetch pinned open kernel	2026-10-07T23:27:28.4370421Z hint: Disable this message with "git config set advice.defaultBranchName false"
firmware (debug)	Fetch pinned open kernel	2026-10-07T23:27:28.4373791Z Initialized empty Git repository in /home/runner/work/SpiritBoot/SpiritBoot/.reference/roswell/.git/
firmware (debug)	Fetch pinned open kernel	2026-10-07T23:27:41.1634566Z From https://github.com/mborgerson/roswell
firmware (debug)	Fetch pinned open kernel	2026-10-07T23:27:41.1635654Z  * branch              1569e2e89fb47cc72b9c704a8884f98200432bd4 -> FETCH_HEAD
firmware (debug)	Fetch pinned open kernel	2026-10-07T23:27:43.6239566Z HEAD is now at 1569e2e8 nxcache: note the reserve recovery path
firmware (debug)	Build toolchain	﻿2026-10-07T23:27:43.7372738Z ##[group]Run docker build -f tools/Dockerfile.firmware -t spiritboot-toolchain .
firmware (debug)	Build toolchain	2026-10-07T23:27:43.7373590Z [36;1mdocker build -f tools/Dockerfile.firmware -t spiritboot-toolchain .[0m
firmware (debug)	Build toolchain	2026-10-07T23:27:43.7439577Z shell: /usr/bin/bash -e {0}
firmware (debug)	Build toolchain	2026-10-07T23:27:43.7439909Z ##[endgroup]
firmware (debug)	Build toolchain	2026-10-07T23:27:44.3819872Z #0 building with "default" instance using docker driver
firmware (debug)	Build toolchain	2026-10-07T23:27:44.3820554Z 
firmware (debug)	Build toolchain	2026-10-07T23:27:44.3820963Z #1 [internal] load build definition from Dockerfile.firmware
firmware (debug)	Build toolchain	2026-10-07T23:27:44.3821837Z #1 transferring dockerfile: 1.25kB done
firmware (debug)	Build toolchain	2026-10-07T23:27:44.3822449Z #1 DONE 0.0s
firmware (debug)	Build toolchain	2026-10-07T23:27:44.3822709Z 
firmware (debug)	Build toolchain	2026-10-07T23:27:44.3823760Z #2 [internal] load metadata for docker.io/library/ubuntu:24.04@sha256:534baea6a22c03a63003dbc8dbe78fe34bc0d7e595d9a9dc9834884ff530eb55
firmware (debug)	Build toolchain	2026-10-07T23:27:44.5721567Z #2 ...
firmware (debug)	Build toolchain	2026-10-07T23:27:44.5722003Z 
firmware (debug)	Build toolchain	2026-10-07T23:27:44.5722294Z #3 [auth] library/ubuntu:pull token for registry-1.docker.io
firmware (debug)	Build toolchain	2026-10-07T23:27:44.5722880Z #3 DONE 0.0s
firmware (debug)	Build toolchain	2026-10-07T23:27:44.7213730Z 
firmware (debug)	Build toolchain	2026-10-07T23:27:44.7215621Z #2 [internal] load metadata for docker.io/library/ubuntu:24.04@sha256:534baea6a22c03a63003dbc8dbe78fe34bc0d7e595d9a9dc9834884ff530eb55
firmware (debug)	Build toolchain	2026-10-07T23:27:45.0282473Z #2 DONE 0.8s
firmware (debug)	Build toolchain	2026-10-07T23:27:45.1451018Z 
firmware (debug)	Build toolchain	2026-10-07T23:27:45.1452278Z #4 [internal] load .dockerignore
firmware (debug)	Build toolchain	2026-10-07T23:27:45.1453002Z #4 transferring context: 91B done
firmware (debug)	Build toolchain	2026-10-07T23:27:45.1453537Z #4 DONE 0.0s
firmware (debug)	Build toolchain	2026-10-07T23:27:45.1453767Z 
firmware (debug)	Build toolchain	2026-10-07T23:27:45.1454510Z #5 [stage-0 1/4] FROM docker.io/library/ubuntu:24.04@sha256:534baea6a22c03a63003dbc8dbe78fe34bc0d7e595d9a9dc9834884ff530eb55
firmware (debug)	Build toolchain	2026-10-07T23:27:45.1456420Z #5 resolve docker.io/library/ubuntu:24.04@sha256:534baea6a22c03a63003dbc8dbe78fe34bc0d7e595d9a9dc9834884ff530eb55 done
firmware (debug)	Build toolchain	2026-10-07T23:27:45.1457909Z #5 sha256:534baea6a22c03a63003dbc8dbe78fe34bc0d7e595d9a9dc9834884ff530eb55 6.69kB / 6.69kB done
firmware (debug)	Build toolchain	2026-10-07T23:27:45.1459313Z #5 sha256:f610ab94648195aa356059f5b41d6085c9d4d903c072430cdd1af7bdb646106b 424B / 424B done
firmware (debug)	Build toolchain	2026-10-07T23:27:45.1460690Z #5 sha256:69f919497cada9a8611f3de61df902d9f94bf20f84552ef5bd93125c38608ef9 2.05kB / 2.05kB done
firmware (debug)	Build toolchain	2026-10-07T23:27:45.1462160Z #5 sha256:a60ef8ec184edb5ed91f5983f00261359fb2fe20f603e8d488b9477d32fcad70 13.63MB / 29.76MB 0.1s
firmware (debug)	Build toolchain	2026-10-07T23:27:45.2471747Z #5 sha256:a60ef8ec184edb5ed91f5983f00261359fb2fe20f603e8d488b9477d32fcad70 29.76MB / 29.76MB 0.2s done
firmware (debug)	Build toolchain	2026-10-07T23:27:45.2473101Z #5 extracting sha256:a60ef8ec184edb5ed91f5983f00261359fb2fe20f603e8d488b9477d32fcad70
firmware (debug)	Build toolchain	2026-10-07T23:27:46.2209030Z #5 extracting sha256:a60ef8ec184edb5ed91f5983f00261359fb2fe20f603e8d488b9477d32fcad70 0.9s done
firmware (debug)	Build toolchain	2026-10-07T23:27:46.2210067Z #5 DONE 1.2s
firmware (debug)	Build toolchain	2026-10-07T23:27:46.3732637Z 
firmware (debug)	Build toolchain	2026-10-07T23:27:46.3752150Z #6 [stage-0 2/4] RUN --mount=type=secret,id=proxy_ca     if [ -f /run/secrets/proxy_ca ]; then       echo 'Acquire::https::CaInfo "/run/secrets/proxy_ca";' > /tmp/apt-ca.conf;     else touch /tmp/apt-ca.conf; fi;     apt-get -c /tmp/apt-ca.conf update &&     DEBIAN_FRONTEND=noninteractive apt-get -c /tmp/apt-ca.conf install -y --no-install-recommends       binutils-mingw-w64-i686 gcc-mingw-w64-i686 g++-mingw-w64-i686       gcc-multilib g++-multilib cmake ninja-build flex bison lz4 xz-utils       git make python3 curl ca-certificates ccache qemu-utils       xvfb xauth libgl1 libegl1 libpulse0 libsamplerate0 libslirp0 &&     rm -rf /var/lib/apt/lists/* /tmp/apt-ca.conf
firmware (debug)	Build toolchain	2026-10-07T23:27:46.5051361Z #6 0.283 Get:1 http://security.ubuntu.com/ubuntu noble-security InRelease [126 kB]
firmware (debug)	Build toolchain	2026-10-07T23:27:46.6319214Z #6 0.410 Get:2 http://archive.ubuntu.com/ubuntu noble InRelease [256 kB]
firmware (debug)	Build toolchain	2026-10-07T23:27:46.8362395Z #6 0.614 Get:3 http://security.ubuntu.com/ubuntu noble-security/multiverse amd64 Packages [50.0 kB]
firmware (debug)	Build toolchain	2026-10-07T23:27:46.9841182Z #6 0.705 Get:4 http://security.ubuntu.com/ubuntu noble-security/main amd64 Packages [1323 kB]
firmware (debug)	Build toolchain	2026-10-07T23:27:46.9842098Z #6 0.762 Get:5 http://archive.ubuntu.com/ubuntu noble-updates InRelease [126 kB]
firmware (debug)	Build toolchain	2026-10-07T23:27:47.1577991Z #6 0.849 Get:6 http://archive.ubuntu.com/ubuntu noble-backports InRelease [126 kB]
firmware (debug)	Build toolchain	2026-10-07T23:27:47.1579197Z #6 0.936 Get:7 http://archive.ubuntu.com/ubuntu noble/restricted amd64 Packages [117 kB]
firmware (debug)	Build toolchain	2026-10-07T23:27:47.2590270Z #6 0.959 Get:8 http://archive.ubuntu.com/ubuntu noble/multiverse amd64 Packages [331 kB]
firmware (debug)	Build toolchain	2026-10-07T23:27:47.2591519Z #6 1.037 Get:9 http://archive.ubuntu.com/ubuntu noble/main amd64 Packages [1808 kB]
firmware (debug)	Build toolchain	2026-10-07T23:27:47.3978123Z #6 1.050 Get:10 http://security.ubuntu.com/ubuntu noble-security/universe amd64 Packages [1545 kB]
firmware (debug)	Build toolchain	2026-10-07T23:27:47.3986201Z #6 1.176 Get:11 http://security.ubuntu.com/ubuntu noble-security/restricted amd64 Packages [1943 kB]
firmware (debug)	Build toolchain	2026-10-07T23:27:47.5889562Z #6 1.217 Get:12 http://archive.ubuntu.com/ubuntu noble/universe amd64 Packages [19.3 MB]
firmware (debug)	Build toolchain	2026-10-07T23:27:47.8156799Z #6 1.594 Get:13 http://archive.ubuntu.com/ubuntu noble-updates/universe amd64 Packages [2165 kB]
firmware (debug)	Build toolchain	2026-10-07T23:27:48.0198765Z #6 1.623 Get:14 http://archive.ubuntu.com/ubuntu noble-updates/restricted amd64 Packages [2138 kB]
firmware (debug)	Build toolchain	2026-10-07T23:27:48.0199797Z #6 1.635 Get:15 http://archive.ubuntu.com/ubuntu noble-updates/main amd64 Packages [1701 kB]
firmware (debug)	Build toolchain	2026-10-07T23:27:48.0200885Z #6 1.646 Get:16 http://archive.ubuntu.com/ubuntu noble-updates/multiverse amd64 Packages [56.2 kB]
firmware (debug)	Build toolchain	2026-10-07T23:27:48.0201654Z #6 1.647 Get:17 http://archive.ubuntu.com/ubuntu noble-backports/main amd64 Packages [49.0 kB]
firmware (debug)	Build toolchain	2026-10-07T23:27:48.0202397Z #6 1.647 Get:18 http://archive.ubuntu.com/ubuntu noble-backports/multiverse amd64 Packages [671 B]
firmware (debug)	Build toolchain	2026-10-07T23:27:48.0203204Z #6 1.648 Get:19 http://archive.ubuntu.com/ubuntu noble-backports/universe amd64 Packages [36.0 kB]
firmware (debug)	Build toolchain	2026-10-07T23:27:48.6213822Z #6 2.400 Fetched 33.2 MB in 2s (14.8 MB/s)
firmware (debug)	Build toolchain	2026-10-07T23:27:49.3829660Z #6 2.400 Reading package lists...
firmware (debug)	Build toolchain	2026-10-07T23:27:50.2699909Z #6 3.303 Reading package lists...
firmware (debug)	Build toolchain	2026-10-07T23:27:50.4262547Z #6 4.057 Building dependency tree...
firmware (debug)	Build toolchain	2026-10-07T23:27:50.4263188Z #6 4.204 Reading state information...
firmware (debug)	Build toolchain	2026-10-07T23:27:50.5907129Z #6 4.369 The following additional packages will be installed:
firmware (debug)	Build toolchain	2026-10-07T23:27:50.5908281Z #6 4.369   binutils binutils-common binutils-x86-64-linux-gnu cmake-data cpp cpp-13
firmware (debug)	Build toolchain	2026-10-07T23:27:50.5909308Z #6 4.369   cpp-13-x86-64-linux-gnu cpp-x86-64-linux-gnu g++ g++-13 g++-13-multilib
firmware (debug)	Build toolchain	2026-10-07T23:27:50.7436225Z #6 4.369   g++-13-x86-64-linux-gnu g++-mingw-w64-i686-posix g++-mingw-w64-i686-win32
firmware (debug)	Build toolchain	2026-10-07T23:27:50.7437236Z #6 4.369   g++-x86-64-linux-gnu gcc gcc-13 gcc-13-base gcc-13-multilib
firmware (debug)	Build toolchain	2026-10-07T23:27:50.7438103Z #6 4.369   gcc-13-x86-64-linux-gnu gcc-mingw-w64-base gcc-mingw-w64-i686-posix
firmware (debug)	Build toolchain	2026-10-07T23:27:50.7438953Z #6 4.369   gcc-mingw-w64-i686-posix-runtime gcc-mingw-w64-i686-win32
firmware (debug)	Build toolchain	2026-10-07T23:27:50.7439841Z #6 4.369   gcc-mingw-w64-i686-win32-runtime gcc-x86-64-linux-gnu git-man lib32asan8
firmware (debug)	Build toolchain	2026-10-07T23:27:50.7440821Z #6 4.369   lib32atomic1 lib32gcc-13-dev lib32gcc-s1 lib32gomp1 lib32itm1 lib32quadmath0
firmware (debug)	Build toolchain	2026-10-07T23:27:50.7441806Z #6 4.370   lib32stdc++-13-dev lib32stdc++6 lib32ubsan1 libaio1t64 libapparmor1
firmware (debug)	Build toolchain	2026-10-07T23:27:50.7442717Z #6 4.370   libarchive13t64 libasan8 libasyncns0 libatomic1 libbinutils libbrotli1
firmware (debug)	Build toolchain	2026-10-07T23:27:50.7443856Z #6 4.370   libbsd0 libc-dev-bin libc6-dev libc6-dev-i386 libc6-dev-x32 libc6-i386
firmware (debug)	Build toolchain	2026-10-07T23:27:50.7444824Z #6 4.370   libc6-x32 libcc1-0 libcrypt-dev libctf-nobfd0 libctf0 libcurl3t64-gnutls
firmware (debug)	Build toolchain	2026-10-07T23:27:50.7447444Z #6 4.370   libcurl4t64 libdbus-1-3 libdrm-amdgpu1 libdrm-common libdrm-intel1 libdrm2
firmware (debug)	Build toolchain	2026-10-07T23:27:50.7448388Z #6 4.370   libedit2 libegl-mesa0 libelf1t64 liberror-perl libexpat1 libflac12t64
firmware (debug)	Build toolchain	2026-10-07T23:27:50.7449327Z #6 4.370   libfontenc1 libfreetype6 libfuse3-3 libgbm1 libgcc-13-dev libgdbm-compat4t64
firmware (debug)	Build toolchain	2026-10-07T23:27:50.7450339Z #6 4.370   libgdbm6t64 libgl1-mesa-dri libglib2.0-0t64 libglvnd0 libglx-mesa0 libglx0
firmware (debug)	Build toolchain	2026-10-07T23:27:50.7451285Z #6 4.370   libgomp1 libgprofng0 libgssapi-krb5-2 libhiredis1.1.0 libhwasan0 libice6
firmware (debug)	Build toolchain	2026-10-07T23:27:50.7452323Z #6 4.370   libicu74 libisl23 libitm1 libjansson4 libjsoncpp25 libk5crypto3 libkeyutils1
firmware (debug)	Build toolchain	2026-10-07T23:27:50.7453283Z #6 4.370   libkrb5-3 libkrb5support0 libldap2 libllvm20 liblsan0 libmp3lame0 libmpc3
firmware (debug)	Build toolchain	2026-10-07T23:27:50.7454557Z #6 4.370   libmpfr6 libmpg123-0t64 libnghttp2-14 libnuma1 libogg0 libopus0
firmware (debug)	Build toolchain	2026-10-07T23:27:50.7455693Z #6 4.370   libpciaccess0 libperl5.38t64 libpixman-1-0 libpng16-16t64 libpsl5t64
firmware (debug)	Build toolchain	2026-10-07T23:27:50.7456660Z #6 4.370   libpython3-stdlib libpython3.12-minimal libpython3.12-stdlib libquadmath0
firmware (debug)	Build toolchain	2026-10-07T23:27:50.7457615Z #6 4.370   libreadline8t64 librhash0 librtmp1 libsasl2-2 libsasl2-modules-db
firmware (debug)	Build toolchain	2026-10-07T23:27:50.7458561Z #6 4.370   libsensors-config libsensors5 libsframe1 libsm6 libsndfile1 libsqlite3-0
firmware (debug)	Build toolchain	2026-10-07T23:27:50.7459525Z #6 4.370   libssh-4 libssl3t64 libstdc++-13-dev libtsan2 libubsan1 libunwind8 liburing2
firmware (debug)	Build toolchain	2026-10-07T23:27:50.7460499Z #6 4.370   libuv1t64 libvorbis0a libvorbisenc2 libvulkan1 libwayland-client0 libx11-6
firmware (debug)	Build toolchain	2026-10-07T23:27:50.7461412Z #6 4.370   libx11-data libx11-xcb1 libx32asan8 libx32atomic1 libx32gcc-13-dev
firmware (debug)	Build toolchain	2026-10-07T23:27:50.7462296Z #6 4.370   libx32gcc-s1 libx32gomp1 libx32itm1 libx32quadmath0 libx32stdc++-13-dev
firmware (debug)	Build toolchain	2026-10-07T23:27:50.7463208Z #6 4.370   libx32stdc++6 libx32ubsan1 libxau6 libxaw7 libxcb-dri3-0 libxcb-glx0
firmware (debug)	Build toolchain	2026-10-07T23:27:50.7464354Z #6 4.370   libxcb-present0 libxcb-randr0 libxcb-shm0 libxcb-sync1 libxcb-xfixes0
firmware (debug)	Build toolchain	2026-10-07T23:27:50.7465488Z #6 4.370   libxcb1 libxdmcp6 libxext6 libxfont2 libxkbfile1 libxml2 libxmu6 libxmuu1
firmware (debug)	Build toolchain	2026-10-07T23:27:50.7466422Z #6 4.370   libxpm4 libxrandr2 libxrender1 libxshmfence1 libxt6t64 libxxf86vm1
firmware (debug)	Build toolchain	2026-10-07T23:27:50.7467299Z #6 4.370   linux-libc-dev m4 media-types mesa-libgallium mingw-w64-common
firmware (debug)	Build toolchain	2026-10-07T23:27:50.7468217Z #6 4.370   mingw-w64-i686-dev netbase openssl perl perl-modules-5.38 python3-minimal
firmware (debug)	Build toolchain	2026-10-07T23:27:50.7469212Z #6 4.370   python3.12 python3.12-minimal readline-common rpcsvc-proto tzdata x11-common
firmware (debug)	Build toolchain	2026-10-07T23:27:50.7469991Z #6 4.370   x11-xkb-utils xkb-data xserver-common
firmware (debug)	Build toolchain	2026-10-07T23:27:50.7470505Z #6 4.371 Suggested packages:
firmware (debug)	Build toolchain	2026-10-07T23:27:50.7471155Z #6 4.371   binutils-doc gprofng-gui bison-doc distcc | icecc cmake-doc cmake-format
firmware (debug)	Build toolchain	2026-10-07T23:27:50.7472162Z #6 4.371   elpa-cmake-mode cpp-doc gcc-13-locales cpp-13-doc build-essential flex-doc
firmware (debug)	Build toolchain	2026-10-07T23:27:50.7473105Z #6 4.371   gcc-13-doc lib32stdc++6-13-dbg libx32stdc++6-13-dbg manpages-dev autoconf
firmware (debug)	Build toolchain	2026-10-07T23:27:50.7473967Z #6 4.371   automake libtool gdb gcc-doc gdb-x86-64-linux-gnu gettext-base
firmware (debug)	Build toolchain	2026-10-07T23:27:50.7474854Z #6 4.371   git-daemon-run | git-daemon-sysvinit git-doc git-email git-gui gitk gitweb
firmware (debug)	Build toolchain	2026-10-07T23:27:50.7475955Z #6 4.371   git-cvs git-mediawiki git-svn lrzip glibc-doc fuse3 gdbm-l10n
firmware (debug)	Build toolchain	2026-10-07T23:27:50.7476834Z #6 4.371   low-memory-monitor krb5-doc krb5-user opus-tools pciutils pulseaudio
firmware (debug)	Build toolchain	2026-10-07T23:27:50.7477679Z #6 4.371   lm-sensors libstdc++-13-doc m4-doc make-doc wine perl-doc
firmware (debug)	Build toolchain	2026-10-07T23:27:50.7478425Z #6 4.371   libterm-readline-gnu-perl | libterm-readline-perl-perl
firmware (debug)	Build toolchain	2026-10-07T23:27:50.7479234Z #6 4.371   libtap-harness-archive-perl python3-doc python3-tk python3-venv
firmware (debug)	Build toolchain	2026-10-07T23:27:50.7480053Z #6 4.371   python3.12-venv python3.12-doc binfmt-support readline-doc
firmware (debug)	Build toolchain	2026-10-07T23:27:50.7480692Z #6 4.371 Recommended packages:
firmware (debug)	Build toolchain	2026-10-07T23:27:50.7481331Z #6 4.371   libfl-dev patch less ssh-client manpages manpages-dev libc-devtools dbus
firmware (debug)	Build toolchain	2026-10-07T23:27:50.7482273Z #6 4.371   libglib2.0-data shared-mime-info xdg-user-dirs krb5-locales libldap-common
firmware (debug)	Build toolchain	2026-10-07T23:27:50.7483172Z #6 4.371   publicsuffix libsasl2-modules mesa-vulkan-drivers | vulkan-icd
firmware (debug)	Build toolchain	2026-10-07T23:27:50.7483868Z #6 4.371   qemu-block-extra xfonts-base
firmware (debug)	Build toolchain	2026-10-07T23:27:50.8798365Z #6 4.658 The following NEW packages will be installed:
firmware (debug)	Build toolchain	2026-10-07T23:27:50.8799857Z #6 4.658   binutils binutils-common binutils-mingw-w64-i686 binutils-x86-64-linux-gnu
firmware (debug)	Build toolchain	2026-10-07T23:27:50.8805301Z #6 4.658   bison ca-certificates ccache cmake cmake-data cpp cpp-13
firmware (debug)	Build toolchain	2026-10-07T23:27:51.0351547Z #6 4.658   cpp-13-x86-64-linux-gnu cpp-x86-64-linux-gnu curl flex g++ g++-13
firmware (debug)	Build toolchain	2026-10-07T23:27:51.0352687Z #6 4.658   g++-13-multilib g++-13-x86-64-linux-gnu g++-mingw-w64-i686
firmware (debug)	Build toolchain	2026-10-07T23:27:51.0354135Z #6 4.658   g++-mingw-w64-i686-posix g++-mingw-w64-i686-win32 g++-multilib
firmware (debug)	Build toolchain	2026-10-07T23:27:51.0354736Z #6 4.658   g++-x86-64-linux-gnu gcc gcc-13 gcc-13-base gcc-13-multilib
firmware (debug)	Build toolchain	2026-10-07T23:27:51.0355680Z #6 4.658   gcc-13-x86-64-linux-gnu gcc-mingw-w64-base gcc-mingw-w64-i686
firmware (debug)	Build toolchain	2026-10-07T23:27:51.0356221Z #6 4.658   gcc-mingw-w64-i686-posix gcc-mingw-w64-i686-posix-runtime
firmware (debug)	Build toolchain	2026-10-07T23:27:51.0356790Z #6 4.658   gcc-mingw-w64-i686-win32 gcc-mingw-w64-i686-win32-runtime gcc-multilib
firmware (debug)	Build toolchain	2026-10-07T23:27:51.0357416Z #6 4.658   gcc-x86-64-linux-gnu git git-man lib32asan8 lib32atomic1 lib32gcc-13-dev
firmware (debug)	Build toolchain	2026-10-07T23:27:51.0358021Z #6 4.658   lib32gcc-s1 lib32gomp1 lib32itm1 lib32quadmath0 lib32stdc++-13-dev
firmware (debug)	Build toolchain	2026-10-07T23:27:51.0358702Z #6 4.658   lib32stdc++6 lib32ubsan1 libaio1t64 libapparmor1 libarchive13t64 libasan8
firmware (debug)	Build toolchain	2026-10-07T23:27:51.0359382Z #6 4.658   libasyncns0 libatomic1 libbinutils libbrotli1 libbsd0 libc-dev-bin libc6-dev
firmware (debug)	Build toolchain	2026-10-07T23:27:51.0360041Z #6 4.658   libc6-dev-i386 libc6-dev-x32 libc6-i386 libc6-x32 libcc1-0 libcrypt-dev
firmware (debug)	Build toolchain	2026-10-07T23:27:51.0360847Z #6 4.658   libctf-nobfd0 libctf0 libcurl3t64-gnutls libcurl4t64 libdbus-1-3
firmware (debug)	Build toolchain	2026-10-07T23:27:51.0361460Z #6 4.658   libdrm-amdgpu1 libdrm-common libdrm-intel1 libdrm2 libedit2 libegl-mesa0
firmware (debug)	Build toolchain	2026-10-07T23:27:51.0362088Z #6 4.658   libegl1 libelf1t64 liberror-perl libexpat1 libflac12t64 libfontenc1
firmware (debug)	Build toolchain	2026-10-07T23:27:51.0362724Z #6 4.659   libfreetype6 libfuse3-3 libgbm1 libgcc-13-dev libgdbm-compat4t64 libgdbm6t64
firmware (debug)	Build toolchain	2026-10-07T23:27:51.0363365Z #6 4.659   libgl1 libgl1-mesa-dri libglib2.0-0t64 libglvnd0 libglx-mesa0 libglx0
firmware (debug)	Build toolchain	2026-10-07T23:27:51.0363996Z #6 4.659   libgomp1 libgprofng0 libgssapi-krb5-2 libhiredis1.1.0 libhwasan0 libice6
firmware (debug)	Build toolchain	2026-10-07T23:27:51.0364648Z #6 4.659   libicu74 libisl23 libitm1 libjansson4 libjsoncpp25 libk5crypto3 libkeyutils1
firmware (debug)	Build toolchain	2026-10-07T23:27:51.0365385Z #6 4.659   libkrb5-3 libkrb5support0 libldap2 libllvm20 liblsan0 libmp3lame0 libmpc3
firmware (debug)	Build toolchain	2026-10-07T23:27:51.0365887Z #6 4.659   libmpfr6 libmpg123-0t64 libnghttp2-14 libnuma1 libogg0 libopus0
firmware (debug)	Build toolchain	2026-10-07T23:27:51.0366371Z #6 4.659   libpciaccess0 libperl5.38t64 libpixman-1-0 libpng16-16t64 libpsl5t64
firmware (debug)	Build toolchain	2026-10-07T23:27:51.0366879Z #6 4.659   libpulse0 libpython3-stdlib libpython3.12-minimal libpython3.12-stdlib
firmware (debug)	Build toolchain	2026-10-07T23:27:51.0367394Z #6 4.659   libquadmath0 libreadline8t64 librhash0 librtmp1 libsamplerate0 libsasl2-2
firmware (debug)	Build toolchain	2026-10-07T23:27:51.0367914Z #6 4.659   libsasl2-modules-db libsensors-config libsensors5 libsframe1 libslirp0
firmware (debug)	Build toolchain	2026-10-07T23:27:51.0368441Z #6 4.659   libsm6 libsndfile1 libsqlite3-0 libssh-4 libstdc++-13-dev libtsan2 libubsan1
firmware (debug)	Build toolchain	2026-10-07T23:27:51.0368990Z #6 4.659   libunwind8 liburing2 libuv1t64 libvorbis0a libvorbisenc2 libvulkan1
firmware (debug)	Build toolchain	2026-10-07T23:27:51.0369461Z #6 4.659   libwayland-client0 libx11-6 libx11-data libx11-xcb1 libx32asan8
firmware (debug)	Build toolchain	2026-10-07T23:27:51.0369923Z #6 4.659   libx32atomic1 libx32gcc-13-dev libx32gcc-s1 libx32gomp1 libx32itm1
firmware (debug)	Build toolchain	2026-10-07T23:27:51.0370409Z #6 4.659   libx32quadmath0 libx32stdc++-13-dev libx32stdc++6 libx32ubsan1 libxau6
firmware (debug)	Build toolchain	2026-10-07T23:27:51.0370923Z #6 4.659   libxaw7 libxcb-dri3-0 libxcb-glx0 libxcb-present0 libxcb-randr0 libxcb-shm0
firmware (debug)	Build toolchain	2026-10-07T23:27:51.0371463Z #6 4.660   libxcb-sync1 libxcb-xfixes0 libxcb1 libxdmcp6 libxext6 libxfont2 libxkbfile1
firmware (debug)	Build toolchain	2026-10-07T23:27:51.0371977Z #6 4.660   libxml2 libxmu6 libxmuu1 libxpm4 libxrandr2 libxrender1 libxshmfence1
firmware (debug)	Build toolchain	2026-10-07T23:27:51.0372486Z #6 4.660   libxt6t64 libxxf86vm1 linux-libc-dev lz4 m4 make media-types mesa-libgallium
firmware (debug)	Build toolchain	2026-10-07T23:27:51.0373037Z #6 4.660   mingw-w64-common mingw-w64-i686-dev netbase ninja-build openssl perl
firmware (debug)	Build toolchain	2026-10-07T23:27:51.0373543Z #6 4.660   perl-modules-5.38 python3 python3-minimal python3.12 python3.12-minimal
firmware (debug)	Build toolchain	2026-10-07T23:27:51.0374067Z #6 4.660   qemu-utils readline-common rpcsvc-proto tzdata x11-common x11-xkb-utils
firmware (debug)	Build toolchain	2026-10-07T23:27:51.0374495Z #6 4.660   xauth xkb-data xserver-common xvfb xz-utils
firmware (debug)	Build toolchain	2026-10-07T23:27:51.0374820Z #6 4.662 The following packages will be upgraded:
firmware (debug)	Build toolchain	2026-10-07T23:27:51.0375295Z #6 4.663   libssl3t64
firmware (debug)	Build toolchain	2026-10-07T23:27:51.3472892Z #6 5.125 1 upgraded, 219 newly installed, 0 to remove and 2 not upgraded.
firmware (debug)	Build toolchain	2026-10-07T23:27:51.3473621Z #6 5.125 Need to get 341 MB of archives.
firmware (debug)	Build toolchain	2026-10-07T23:27:51.3474084Z #6 5.125 After this operation, 1438 MB of additional disk space will be used.
firmware (debug)	Build toolchain	2026-10-07T23:27:51.3474883Z #6 5.125 Get:1 http://archive.ubuntu.com/ubuntu noble-updates/main amd64 libssl3t64 amd64 3.0.13-0ubuntu3.16 [1945 kB]
firmware (debug)	Build toolchain	2026-10-07T23:27:52.9278838Z #6 6.706 Get:2 http://archive.ubuntu.com/ubuntu noble-updates/main amd64 libpython3.12-minimal amd64 3.12.3-1ubuntu0.17 [839 kB]
firmware (debug)	Build toolchain	2026-10-07T23:27:53.0838604Z #6 6.779 Get:3 http://archive.ubuntu.com/ubuntu noble-updates/main amd64 libexpat1 amd64 2.6.1-2ubuntu0.6 [98.9 kB]
firmware (debug)	Build toolchain	2026-10-07T23:27:53.0839817Z #6 6.862 Get:4 http://archive.ubuntu.com/ubuntu noble-updates/main amd64 python3.12-minimal amd64 3.12.3-1ubuntu0.17 [2335 kB]
firmware (debug)	Build toolchain	2026-10-07T23:27:53.3085634Z #6 7.087 Get:5 http://archive.ubuntu.com/ubuntu noble-updates/main amd64 python3-minimal amd64 3.12.3-0ubuntu2.1 [27.4 kB]
firmware (debug)	Build toolchain	2026-10-07T23:27:53.4169695Z #6 7.088 Get:6 http://archive.ubuntu.com/ubuntu noble/main amd64 media-types all 10.1.0 [27.5 kB]
firmware (debug)	Build toolchain	2026-10-07T23:27:53.4171037Z #6 7.090 Get:7 http://archive.ubuntu.com/ubuntu noble/main amd64 netbase all 6.4 [13.1 kB]
firmware (debug)	Build toolchain	2026-10-07T23:27:53.4171984Z #6 7.090 Get:8 http://archive.ubuntu.com/ubuntu noble-updates/main amd64 tzdata all 2026c-0ubuntu0.24.04.1 [280 kB]
firmware (debug)	Build toolchain	2026-10-07T23:27:53.4172832Z #6 7.154 Get:9 http://archive.ubuntu.com/ubuntu noble/main amd64 readline-common all 8.2-4build1 [56.5 kB]
firmware (debug)	Build toolchain	2026-10-07T23:27:53.4173648Z #6 7.156 Get:10 http://archive.ubuntu.com/ubuntu noble/main amd64 libreadline8t64 amd64 8.2-4build1 [153 kB]
firmware (debug)	Build toolchain	2026-10-07T23:27:53.4174473Z #6 7.164 Get:11 http://archive.ubuntu.com/ubuntu noble-updates/main amd64 libsqlite3-0 amd64 3.45.1-1ubuntu2.8 [702 kB]
firmware (debug)	Build toolchain	2026-10-07T23:27:53.4175688Z #6 7.195 Get:12 http://archive.ubuntu.com/ubuntu noble-updates/main amd64 libpython3.12-stdlib amd64 3.12.3-1ubuntu0.17 [2071 kB]
firmware (debug)	Build toolchain	2026-10-07T23:27:53.5520022Z #6 7.330 Get:13 http://archive.ubuntu.com/ubuntu noble-updates/main amd64 python3.12 amd64 3.12.3-1ubuntu0.17 [651 kB]
firmware (debug)	Build toolchain	2026-10-07T23:27:53.6730878Z #6 7.347 Get:14 http://archive.ubuntu.com/ubuntu noble-updates/main amd64 libpython3-stdlib amd64 3.12.3-0ubuntu2.1 [10.1 kB]
firmware (debug)	Build toolchain	2026-10-07T23:27:53.6732405Z #6 7.348 Get:15 http://archive.ubuntu.com/ubuntu noble-updates/main amd64 python3 amd64 3.12.3-0ubuntu2.1 [23.0 kB]
firmware (debug)	Build toolchain	2026-10-07T23:27:53.6733474Z #6 7.348 Get:16 http://archive.ubuntu.com/ubuntu noble/main amd64 m4 amd64 1.4.19-4build1 [244 kB]
firmware (debug)	Build toolchain	2026-10-07T23:27:53.6734279Z #6 7.354 Get:17 http://archive.ubuntu.com/ubuntu noble/main amd64 flex amd64 2.6.4-8.2build1 [301 kB]
firmware (debug)	Build toolchain	2026-10-07T23:27:53.6735378Z #6 7.451 Get:18 http://archive.ubuntu.com/ubuntu noble-updates/main amd64 perl-modules-5.38 all 5.38.2-3.2ubuntu0.6 [3110 kB]
firmware (debug)	Build toolchain	2026-10-07T23:27:53.8899083Z #6 7.516 Get:19 http://archive.ubuntu.com/ubuntu noble/main amd64 libgdbm6t64 amd64 1.23-5.1build1 [34.4 kB]
firmware (debug)	Build toolchain	2026-10-07T23:27:53.8900683Z #6 7.517 Get:20 http://archive.ubuntu.com/ubuntu noble/main amd64 libgdbm-compat4t64 amd64 1.23-5.1build1 [6710 B]
firmware (debug)	Build toolchain	2026-10-07T23:27:53.8901934Z #6 7.517 Get:21 http://archive.ubuntu.com/ubuntu noble-updates/main amd64 libperl5.38t64 amd64 5.38.2-3.2ubuntu0.6 [4864 kB]
firmware (debug)	Build toolchain	2026-10-07T23:27:53.8986511Z #6 7.677 Get:22 http://archive.ubuntu.com/ubuntu noble-updates/main amd64 perl amd64 5.38.2-3.2ubuntu0.6 [231 kB]
firmware (debug)	Build toolchain	2026-10-07T23:27:54.0057441Z #6 7.679 Get:23 http://archive.ubuntu.com/ubuntu noble-updates/main amd64 openssl amd64 3.0.13-0ubuntu3.16 [1004 kB]
firmware (debug)	Build toolchain	2026-10-07T23:27:54.0058407Z #6 7.760 Get:24 http://archive.ubuntu.com/ubuntu noble-updates/main amd64 ca-certificates all 20260601~24.04.1 [139 kB]
firmware (debug)	Build toolchain	2026-10-07T23:27:54.0059402Z #6 7.760 Get:25 http://archive.ubuntu.com/ubuntu noble-updates/main amd64 libapparmor1 amd64 4.0.1really4.0.1-0ubuntu0.24.04.8 [51.4 kB]
firmware (debug)	Build toolchain	2026-10-07T23:27:54.0060331Z #6 7.761 Get:26 http://archive.ubuntu.com/ubuntu noble-updates/main amd64 libbsd0 amd64 0.12.1-1build1.1 [41.2 kB]
firmware (debug)	Build toolchain	2026-10-07T23:27:54.0061176Z #6 7.762 Get:27 http://archive.ubuntu.com/ubuntu noble-updates/main amd64 libdbus-1-3 amd64 1.14.10-4ubuntu4.1 [210 kB]
firmware (debug)	Build toolchain	2026-10-07T23:27:54.0062256Z #6 7.765 Get:28 http://archive.ubuntu.com/ubuntu noble-updates/main amd64 libelf1t64 amd64 0.190-1.1ubuntu0.1 [57.8 kB]
firmware (debug)	Build toolchain	2026-10-07T23:27:54.0063035Z #6 7.765 Get:29 http://archive.ubuntu.com/ubuntu noble-updates/main amd64 libglib2.0-0t64 amd64 2.80.0-6ubuntu3.9 [1547 kB]
firmware (debug)	Build toolchain	2026-10-07T23:27:54.0063833Z #6 7.784 Get:30 http://archive.ubuntu.com/ubuntu noble-updates/main amd64 libkrb5support0 amd64 1.20.1-6ubuntu2.10 [34.9 kB]
firmware (debug)	Build toolchain	2026-10-07T23:27:54.1195829Z #6 7.898 Get:31 http://archive.ubuntu.com/ubuntu noble-updates/main amd64 libk5crypto3 amd64 1.20.1-6ubuntu2.10 [81.9 kB]
firmware (debug)	Build toolchain	2026-10-07T23:27:54.2684596Z #6 7.908 Get:32 http://archive.ubuntu.com/ubuntu noble/main amd64 libkeyutils1 amd64 1.6.3-3build1 [9490 B]
firmware (debug)	Build toolchain	2026-10-07T23:27:54.2686603Z #6 8.047 Get:33 http://archive.ubuntu.com/ubuntu noble-updates/main amd64 libkrb5-3 amd64 1.20.1-6ubuntu2.10 [348 kB]
firmware (debug)	Build toolchain	2026-10-07T23:27:54.4274088Z #6 8.052 Get:34 http://archive.ubuntu.com/ubuntu noble-updates/main amd64 libgssapi-krb5-2 amd64 1.20.1-6ubuntu2.10 [143 kB]
firmware (debug)	Build toolchain	2026-10-07T23:27:54.4275790Z #6 8.055 Get:35 http://archive.ubuntu.com/ubuntu noble-updates/main amd64 libicu74 amd64 74.2-1ubuntu3.1 [10.9 MB]
firmware (debug)	Build toolchain	2026-10-07T23:27:54.4485441Z #6 8.227 Get:36 http://archive.ubuntu.com/ubuntu noble-updates/main amd64 libxml2 amd64 2.9.14+dfsg-1.3ubuntu3.9 [765 kB]
firmware (debug)	Build toolchain	2026-10-07T23:27:54.5660763Z #6 8.256 Get:37 http://archive.ubuntu.com/ubuntu noble-updates/main amd64 xkb-data all 2.41-2ubuntu1.1 [397 kB]
firmware (debug)	Build toolchain	2026-10-07T23:27:54.5662149Z #6 8.259 Get:38 http://archive.ubuntu.com/ubuntu noble-updates/main amd64 libdrm-common all 2.4.125-1ubuntu0.1~24.04.2 [9250 B]
firmware (debug)	Build toolchain	2026-10-07T23:27:54.5663534Z #6 8.260 Get:39 http://archive.ubuntu.com/ubuntu noble-updates/main amd64 libdrm2 amd64 2.4.125-1ubuntu0.1~24.04.2 [41.4 kB]
firmware (debug)	Build toolchain	2026-10-07T23:27:54.5664586Z #6 8.260 Get:40 http://archive.ubuntu.com/ubuntu noble/main amd64 libedit2 amd64 3.1-20230828-1build1 [97.6 kB]
firmware (debug)	Build toolchain	2026-10-07T23:27:54.5665688Z #6 8.261 Get:41 http://archive.ubuntu.com/ubuntu noble/main amd64 libfuse3-3 amd64 3.14.0-5build1 [83.1 kB]
firmware (debug)	Build toolchain	2026-10-07T23:27:54.5666531Z #6 8.262 Get:42 http://archive.ubuntu.com/ubuntu noble/main amd64 libjansson4 amd64 2.14-2build2 [32.8 kB]
firmware (debug)	Build toolchain	2026-10-07T23:27:54.5667391Z #6 8.344 Get:43 http://archive.ubuntu.com/ubuntu noble-updates/main amd64 libnghttp2-14 amd64 1.59.0-1ubuntu0.4 [74.6 kB]
firmware (debug)	Build toolchain	2026-10-07T23:27:54.7148729Z #6 8.349 Get:44 http://archive.ubuntu.com/ubuntu noble-updates/main amd64 libnuma1 amd64 2.0.18-1ubuntu0.24.04.1 [23.4 kB]
firmware (debug)	Build toolchain	2026-10-07T23:27:54.7150247Z #6 8.493 Get:45 http://archive.ubuntu.com/ubuntu noble-updates/main amd64 libpng16-16t64 amd64 1.6.43-5ubuntu0.6 [189 kB]
firmware (debug)	Build toolchain	2026-10-07T23:27:54.8639557Z #6 8.494 Get:46 http://archive.ubuntu.com/ubuntu noble/main amd64 libpsl5t64 amd64 0.21.2-1.1build1 [57.1 kB]
firmware (debug)	Build toolchain	2026-10-07T23:27:54.8641378Z #6 8.495 Get:47 http://archive.ubuntu.com/ubuntu noble/main amd64 libsensors-config all 1:3.6.0-9build1 [5546 B]
firmware (debug)	Build toolchain	2026-10-07T23:27:54.8643148Z #6 8.495 Get:48 http://archive.ubuntu.com/ubuntu noble/main amd64 libsensors5 amd64 1:3.6.0-9build1 [26.6 kB]
firmware (debug)	Build toolchain	2026-10-07T23:27:54.8644716Z #6 8.496 Get:49 http://archive.ubuntu.com/ubuntu noble/main amd64 libuv1t64 amd64 1.48.0-1.1build1 [97.3 kB]
firmware (debug)	Build toolchain	2026-10-07T23:27:54.8646423Z #6 8.497 Get:50 http://archive.ubuntu.com/ubuntu noble/main amd64 libxau6 amd64 1:1.0.9-1build6 [7160 B]
firmware (debug)	Build toolchain	2026-10-07T23:27:54.8647908Z #6 8.497 Get:51 http://archive.ubuntu.com/ubuntu noble/main amd64 libxdmcp6 amd64 1:1.1.3-0ubuntu6 [10.3 kB]
firmware (debug)	Build toolchain	2026-10-07T23:27:54.8649322Z #6 8.498 Get:52 http://archive.ubuntu.com/ubuntu noble/main amd64 libxcb1 amd64 1.15-1ubuntu2 [47.7 kB]
firmware (debug)	Build toolchain	2026-10-07T23:27:54.8650724Z #6 8.642 Get:53 http://archive.ubuntu.com/ubuntu noble/main amd64 libx11-data all 2:1.8.7-1build1 [115 kB]
firmware (debug)	Build toolchain	2026-10-07T23:27:55.0135910Z #6 8.644 Get:54 http://archive.ubuntu.com/ubuntu noble/main amd64 libx11-6 amd64 2:1.8.7-1build1 [650 kB]
firmware (debug)	Build toolchain	2026-10-07T23:27:55.0138108Z #6 8.791 Get:55 http://archive.ubuntu.com/ubuntu noble/main amd64 libxext6 amd64 2:1.3.4-1build2 [30.4 kB]
firmware (debug)	Build toolchain	2026-10-07T23:27:55.1619884Z #6 8.792 Get:56 http://archive.ubuntu.com/ubuntu noble/main amd64 libxmuu1 amd64 2:1.1.3-3build2 [8958 B]
firmware (debug)	Build toolchain	2026-10-07T23:27:55.1621524Z #6 8.792 Get:57 http://archive.ubuntu.com/ubuntu noble/main amd64 xauth amd64 1:1.1.2-1build1 [25.6 kB]
firmware (debug)	Build toolchain	2026-10-07T23:27:55.1623139Z #6 8.793 Get:58 http://archive.ubuntu.com/ubuntu noble-updates/main amd64 xz-utils amd64 5.6.1+really5.4.5-1ubuntu0.3 [267 kB]
firmware (debug)	Build toolchain	2026-10-07T23:27:55.1624706Z #6 8.795 Get:59 http://archive.ubuntu.com/ubuntu noble-updates/main amd64 binutils-common amd64 2.42-4ubuntu2.10 [240 kB]
firmware (debug)	Build toolchain	2026-10-07T23:27:55.1627441Z #6 8.796 Get:60 http://archive.ubuntu.com/ubuntu noble-updates/main amd64 libsframe1 amd64 2.42-4ubuntu2.10 [15.7 kB]
firmware (debug)	Build toolchain	2026-10-07T23:27:55.1629107Z #6 8.797 Get:61 http://archive.ubuntu.com/ubuntu noble-updates/main amd64 libbinutils amd64 2.42-4ubuntu2.10 [577 kB]
firmware (debug)	Build toolchain	2026-10-07T23:27:55.1630333Z #6 8.800 Get:62 http://archive.ubuntu.com/ubuntu noble-updates/main amd64 libctf-nobfd0 amd64 2.42-4ubuntu2.10 [98.0 kB]
firmware (debug)	Build toolchain	2026-10-07T23:27:55.1631722Z #6 8.940 Get:63 http://archive.ubuntu.com/ubuntu noble-updates/main amd64 libctf0 amd64 2.42-4ubuntu2.10 [94.5 kB]
firmware (debug)	Build toolchain	2026-10-07T23:27:55.3110093Z #6 8.941 Get:64 http://archive.ubuntu.com/ubuntu noble-updates/main amd64 libgprofng0 amd64 2.42-4ubuntu2.10 [849 kB]
firmware (debug)	Build toolchain	2026-10-07T23:27:55.3111883Z #6 9.089 Get:65 http://archive.ubuntu.com/ubuntu noble-updates/main amd64 binutils-x86-64-linux-gnu amd64 2.42-4ubuntu2.10 [2463 kB]
firmware (debug)	Build toolchain	2026-10-07T23:27:55.4600240Z #6 9.104 Get:66 http://archive.ubuntu.com/ubuntu noble-updates/main amd64 binutils amd64 2.42-4ubuntu2.10 [18.2 kB]
firmware (debug)	Build toolchain	2026-10-07T23:27:55.4602481Z #6 9.104 Get:67 http://archive.ubuntu.com/ubuntu noble-updates/main amd64 bison amd64 2:3.8.2+dfsg-1ubuntu0.24.04.1 [749 kB]
firmware (debug)	Build toolchain	2026-10-07T23:27:55.4604731Z #6 9.109 Get:68 http://archive.ubuntu.com/ubuntu noble/universe amd64 libhiredis1.1.0 amd64 1.2.0-6ubuntu3 [41.4 kB]
firmware (debug)	Build toolchain	2026-10-07T23:27:55.4606404Z #6 9.109 Get:69 http://archive.ubuntu.com/ubuntu noble/universe amd64 ccache amd64 4.9.1-1 [592 kB]
firmware (debug)	Build toolchain	2026-10-07T23:27:55.4607773Z #6 9.113 Get:70 http://archive.ubuntu.com/ubuntu noble-updates/main amd64 libarchive13t64 amd64 3.7.2-2ubuntu0.8 [383 kB]
firmware (debug)	Build toolchain	2026-10-07T23:27:55.4609246Z #6 9.115 Get:71 http://archive.ubuntu.com/ubuntu noble/main amd64 libbrotli1 amd64 1.1.0-2build2 [331 kB]
firmware (debug)	Build toolchain	2026-10-07T23:27:55.4610607Z #6 9.117 Get:72 http://archive.ubuntu.com/ubuntu noble-updates/main amd64 libsasl2-modules-db amd64 2.1.28+dfsg1-5ubuntu3.1 [20.4 kB]
firmware (debug)	Build toolchain	2026-10-07T23:27:55.4612101Z #6 9.238 Get:73 http://archive.ubuntu.com/ubuntu noble-updates/main amd64 libsasl2-2 amd64 2.1.28+dfsg1-5ubuntu3.1 [53.2 kB]
firmware (debug)	Build toolchain	2026-10-07T23:27:55.6091591Z #6 9.239 Get:74 http://archive.ubuntu.com/ubuntu noble-updates/main amd64 libldap2 amd64 2.6.10+dfsg-0ubuntu0.24.04.1 [198 kB]
firmware (debug)	Build toolchain	2026-10-07T23:27:55.6093417Z #6 9.387 Get:75 http://archive.ubuntu.com/ubuntu noble/main amd64 librtmp1 amd64 2.4+20151223.gitfa8646d.1-2build7 [56.3 kB]
firmware (debug)	Build toolchain	2026-10-07T23:27:55.7574563Z #6 9.388 Get:76 http://archive.ubuntu.com/ubuntu noble-updates/main amd64 libssh-4 amd64 0.10.6-2ubuntu0.5 [191 kB]
firmware (debug)	Build toolchain	2026-10-07T23:27:55.7576245Z #6 9.390 Get:77 http://archive.ubuntu.com/ubuntu noble-updates/main amd64 libcurl4t64 amd64 8.5.0-2ubuntu10.15 [343 kB]
firmware (debug)	Build toolchain	2026-10-07T23:27:55.7578038Z #6 9.393 Get:78 http://archive.ubuntu.com/ubuntu noble/main amd64 libjsoncpp25 amd64 1.9.5-6build1 [82.8 kB]
firmware (debug)	Build toolchain	2026-10-07T23:27:55.7579631Z #6 9.394 Get:79 http://archive.ubuntu.com/ubuntu noble/main amd64 librhash0 amd64 1.4.3-3build1 [129 kB]
firmware (debug)	Build toolchain	2026-10-07T23:27:55.7580917Z #6 9.396 Get:80 http://archive.ubuntu.com/ubuntu noble/main amd64 cmake-data all 3.28.3-1build7 [2155 kB]
firmware (debug)	Build toolchain	2026-10-07T23:27:55.7582284Z #6 9.409 Get:81 http://archive.ubuntu.com/ubuntu noble/main amd64 cmake amd64 3.28.3-1build7 [11.2 MB]
firmware (debug)	Build toolchain	2026-10-07T23:27:55.7585475Z #6 9.480 Get:82 http://archive.ubuntu.com/ubuntu noble-updates/main amd64 gcc-13-base amd64 13.3.0-6ubuntu2~24.04.1 [51.6 kB]
firmware (debug)	Build toolchain	2026-10-07T23:27:55.7587712Z #6 9.535 Get:83 http://archive.ubuntu.com/ubuntu noble-updates/main amd64 libisl23 amd64 0.26-3build1.1 [680 kB]
firmware (debug)	Build toolchain	2026-10-07T23:27:55.9100394Z #6 9.541 Get:84 http://archive.ubuntu.com/ubuntu noble-updates/main amd64 libmpfr6 amd64 4.2.1-1build1.1 [353 kB]
firmware (debug)	Build toolchain	2026-10-07T23:27:55.9101658Z #6 9.684 Get:85 http://archive.ubuntu.com/ubuntu noble-updates/main amd64 libmpc3 amd64 1.3.1-1build1.1 [54.6 kB]
firmware (debug)	Build toolchain	2026-10-07T23:27:56.0548620Z #6 9.687 Get:86 http://archive.ubuntu.com/ubuntu noble-updates/main amd64 cpp-13-x86-64-linux-gnu amd64 13.3.0-6ubuntu2~24.04.1 [10.7 MB]
firmware (debug)	Build toolchain	2026-10-07T23:27:56.0551715Z #6 9.753 Get:87 http://archive.ubuntu.com/ubuntu noble-updates/main amd64 cpp-13 amd64 13.3.0-6ubuntu2~24.04.1 [1042 B]
firmware (debug)	Build toolchain	2026-10-07T23:27:56.0553556Z #6 9.753 Get:88 http://archive.ubuntu.com/ubuntu noble/main amd64 cpp-x86-64-linux-gnu amd64 4:13.2.0-7ubuntu1 [5326 B]
firmware (debug)	Build toolchain	2026-10-07T23:27:56.0554559Z #6 9.755 Get:89 http://archive.ubuntu.com/ubuntu noble/main amd64 cpp amd64 4:13.2.0-7ubuntu1 [22.4 kB]
firmware (debug)	Build toolchain	2026-10-07T23:27:56.0555756Z #6 9.756 Get:90 http://archive.ubuntu.com/ubuntu noble-updates/main amd64 curl amd64 8.5.0-2ubuntu10.15 [227 kB]
firmware (debug)	Build toolchain	2026-10-07T23:27:56.0556786Z #6 9.756 Get:91 http://archive.ubuntu.com/ubuntu noble-updates/main amd64 libcc1-0 amd64 14.2.0-4ubuntu2~24.04.1 [48.0 kB]
firmware (debug)	Build toolchain	2026-10-07T23:27:56.0558087Z #6 9.756 Get:92 http://archive.ubuntu.com/ubuntu noble-updates/main amd64 libgomp1 amd64 14.2.0-4ubuntu2~24.04.1 [148 kB]
firmware (debug)	Build toolchain	2026-10-07T23:27:56.0559148Z #6 9.833 Get:93 http://archive.ubuntu.com/ubuntu noble-updates/main amd64 libitm1 amd64 14.2.0-4ubuntu2~24.04.1 [29.7 kB]
firmware (debug)	Build toolchain	2026-10-07T23:27:56.2039983Z #6 9.834 Get:94 http://archive.ubuntu.com/ubuntu noble-updates/main amd64 libatomic1 amd64 14.2.0-4ubuntu2~24.04.1 [10.5 kB]
firmware (debug)	Build toolchain	2026-10-07T23:27:56.2041437Z #6 9.982 Get:95 http://archive.ubuntu.com/ubuntu noble-updates/main amd64 libasan8 amd64 14.2.0-4ubuntu2~24.04.1 [3027 kB]
firmware (debug)	Build toolchain	2026-10-07T23:27:56.4118644Z #6 10.000 Get:96 http://archive.ubuntu.com/ubuntu noble-updates/main amd64 liblsan0 amd64 14.2.0-4ubuntu2~24.04.1 [1322 kB]
firmware (debug)	Build toolchain	2026-10-07T23:27:56.4119792Z #6 10.01 Get:97 http://archive.ubuntu.com/ubuntu noble-updates/main amd64 libtsan2 amd64 14.2.0-4ubuntu2~24.04.1 [2772 kB]
firmware (debug)	Build toolchain	2026-10-07T23:27:56.4120835Z #6 10.02 Get:98 http://archive.ubuntu.com/ubuntu noble-updates/main amd64 libubsan1 amd64 14.2.0-4ubuntu2~24.04.1 [1184 kB]
firmware (debug)	Build toolchain	2026-10-07T23:27:56.4121802Z #6 10.03 Get:99 http://archive.ubuntu.com/ubuntu noble-updates/main amd64 libhwasan0 amd64 14.2.0-4ubuntu2~24.04.1 [1641 kB]
firmware (debug)	Build toolchain	2026-10-07T23:27:56.4122787Z #6 10.04 Get:100 http://archive.ubuntu.com/ubuntu noble-updates/main amd64 libquadmath0 amd64 14.2.0-4ubuntu2~24.04.1 [153 kB]
firmware (debug)	Build toolchain	2026-10-07T23:27:56.4123772Z #6 10.04 Get:101 http://archive.ubuntu.com/ubuntu noble-updates/main amd64 libgcc-13-dev amd64 13.3.0-6ubuntu2~24.04.1 [2681 kB]
firmware (debug)	Build toolchain	2026-10-07T23:27:56.5346260Z #6 10.31 Get:102 http://archive.ubuntu.com/ubuntu noble-updates/main amd64 gcc-13-x86-64-linux-gnu amd64 13.3.0-6ubuntu2~24.04.1 [21.1 MB]
firmware (debug)	Build toolchain	2026-10-07T23:27:58.7606094Z #6 12.54 Get:103 http://archive.ubuntu.com/ubuntu noble-updates/main amd64 gcc-13 amd64 13.3.0-6ubuntu2~24.04.1 [494 kB]
firmware (debug)	Build toolchain	2026-10-07T23:27:58.8905213Z #6 12.54 Get:104 http://archive.ubuntu.com/ubuntu noble/main amd64 gcc-x86-64-linux-gnu amd64 4:13.2.0-7ubuntu1 [1212 B]
firmware (debug)	Build toolchain	2026-10-07T23:27:58.8906724Z #6 12.54 Get:105 http://archive.ubuntu.com/ubuntu noble/main amd64 gcc amd64 4:13.2.0-7ubuntu1 [5018 B]
firmware (debug)	Build toolchain	2026-10-07T23:27:58.8908097Z #6 12.54 Get:106 http://archive.ubuntu.com/ubuntu noble-updates/main amd64 libc-dev-bin amd64 2.39-0ubuntu8.9 [20.4 kB]
firmware (debug)	Build toolchain	2026-10-07T23:27:58.8909110Z #6 12.54 Get:107 http://archive.ubuntu.com/ubuntu noble-updates/main amd64 linux-libc-dev amd64 6.8.0-146.146 [1540 kB]
firmware (debug)	Build toolchain	2026-10-07T23:27:58.8910336Z #6 12.55 Get:108 http://archive.ubuntu.com/ubuntu noble/main amd64 libcrypt-dev amd64 1:4.4.36-4build1 [112 kB]
firmware (debug)	Build toolchain	2026-10-07T23:27:58.8911208Z #6 12.55 Get:109 http://archive.ubuntu.com/ubuntu noble/main amd64 rpcsvc-proto amd64 1.4.2-0ubuntu7 [67.4 kB]
firmware (debug)	Build toolchain	2026-10-07T23:27:58.8912145Z #6 12.55 Get:110 http://archive.ubuntu.com/ubuntu noble-updates/main amd64 libc6-dev amd64 2.39-0ubuntu8.9 [2126 kB]
firmware (debug)	Build toolchain	2026-10-07T23:27:58.8913694Z #6 12.57 Get:111 http://archive.ubuntu.com/ubuntu noble-updates/main amd64 libstdc++-13-dev amd64 13.3.0-6ubuntu2~24.04.1 [2420 kB]
firmware (debug)	Build toolchain	2026-10-07T23:27:58.8915256Z #6 12.67 Get:112 http://archive.ubuntu.com/ubuntu noble-updates/main amd64 g++-13-x86-64-linux-gnu amd64 13.3.0-6ubuntu2~24.04.1 [12.2 MB]
firmware (debug)	Build toolchain	2026-10-07T23:27:59.0261524Z #6 12.80 Get:113 http://archive.ubuntu.com/ubuntu noble-updates/main amd64 g++-13 amd64 13.3.0-6ubuntu2~24.04.1 [16.0 kB]
firmware (debug)	Build toolchain	2026-10-07T23:27:59.1556097Z #6 12.80 Get:114 http://archive.ubuntu.com/ubuntu noble/main amd64 g++-x86-64-linux-gnu amd64 4:13.2.0-7ubuntu1 [964 B]
firmware (debug)	Build toolchain	2026-10-07T23:27:59.1557855Z #6 12.80 Get:115 http://archive.ubuntu.com/ubuntu noble/main amd64 g++ amd64 4:13.2.0-7ubuntu1 [1100 B]
firmware (debug)	Build toolchain	2026-10-07T23:27:59.1558953Z #6 12.81 Get:116 http://archive.ubuntu.com/ubuntu noble-updates/main amd64 libc6-i386 amd64 2.39-0ubuntu8.9 [2787 kB]
firmware (debug)	Build toolchain	2026-10-07T23:27:59.1560003Z #6 12.82 Get:117 http://archive.ubuntu.com/ubuntu noble-updates/main amd64 libc6-dev-i386 amd64 2.39-0ubuntu8.9 [1447 kB]
firmware (debug)	Build toolchain	2026-10-07T23:27:59.1561057Z #6 12.83 Get:118 http://archive.ubuntu.com/ubuntu noble-updates/main amd64 libc6-x32 amd64 2.39-0ubuntu8.9 [2917 kB]
firmware (debug)	Build toolchain	2026-10-07T23:27:59.1562835Z #6 12.85 Get:119 http://archive.ubuntu.com/ubuntu noble-updates/main amd64 libc6-dev-x32 amd64 2.39-0ubuntu8.9 [1637 kB]
firmware (debug)	Build toolchain	2026-10-07T23:27:59.1564140Z #6 12.86 Get:120 http://archive.ubuntu.com/ubuntu noble-updates/main amd64 lib32gcc-s1 amd64 14.2.0-4ubuntu2~24.04.1 [92.3 kB]
firmware (debug)	Build toolchain	2026-10-07T23:27:59.1565436Z #6 12.86 Get:121 http://archive.ubuntu.com/ubuntu noble-updates/main amd64 libx32gcc-s1 amd64 14.2.0-4ubuntu2~24.04.1 [78.5 kB]
firmware (debug)	Build toolchain	2026-10-07T23:27:59.1566571Z #6 12.93 Get:122 http://archive.ubuntu.com/ubuntu noble-updates/main amd64 lib32gomp1 amd64 14.2.0-4ubuntu2~24.04.1 [141 kB]
firmware (debug)	Build toolchain	2026-10-07T23:27:59.2844659Z #6 13.06 Get:123 http://archive.ubuntu.com/ubuntu noble-updates/main amd64 libx32gomp1 amd64 14.2.0-4ubuntu2~24.04.1 [144 kB]
firmware (debug)	Build toolchain	2026-10-07T23:27:59.4128642Z #6 13.06 Get:124 http://archive.ubuntu.com/ubuntu noble-updates/main amd64 lib32itm1 amd64 14.2.0-4ubuntu2~24.04.1 [29.5 kB]
firmware (debug)	Build toolchain	2026-10-07T23:27:59.4130411Z #6 13.06 Get:125 http://archive.ubuntu.com/ubuntu noble-updates/main amd64 libx32itm1 amd64 14.2.0-4ubuntu2~24.04.1 [29.8 kB]
firmware (debug)	Build toolchain	2026-10-07T23:27:59.4132042Z #6 13.06 Get:126 http://archive.ubuntu.com/ubuntu noble-updates/main amd64 lib32atomic1 amd64 14.2.0-4ubuntu2~24.04.1 [8594 B]
firmware (debug)	Build toolchain	2026-10-07T23:27:59.4133595Z #6 13.07 Get:127 http://archive.ubuntu.com/ubuntu noble-updates/main amd64 libx32atomic1 amd64 14.2.0-4ubuntu2~24.04.1 [10.3 kB]
firmware (debug)	Build toolchain	2026-10-07T23:27:59.4135583Z #6 13.07 Get:128 http://archive.ubuntu.com/ubuntu noble-updates/main amd64 lib32asan8 amd64 14.2.0-4ubuntu2~24.04.1 [2880 kB]
firmware (debug)	Build toolchain	2026-10-07T23:27:59.4137083Z #6 13.08 Get:129 http://archive.ubuntu.com/ubuntu noble-updates/main amd64 libx32asan8 amd64 14.2.0-4ubuntu2~24.04.1 [2893 kB]
firmware (debug)	Build toolchain	2026-10-07T23:27:59.4138638Z #6 13.10 Get:130 http://archive.ubuntu.com/ubuntu noble-updates/main amd64 lib32stdc++6 amd64 14.2.0-4ubuntu2~24.04.1 [814 kB]
firmware (debug)	Build toolchain	2026-10-07T23:27:59.4140224Z #6 13.10 Get:131 http://archive.ubuntu.com/ubuntu noble-updates/main amd64 lib32ubsan1 amd64 14.2.0-4ubuntu2~24.04.1 [1150 kB]
firmware (debug)	Build toolchain	2026-10-07T23:27:59.4141695Z #6 13.19 Get:132 http://archive.ubuntu.com/ubuntu noble-updates/main amd64 libx32stdc++6 amd64 14.2.0-4ubuntu2~24.04.1 [778 kB]
firmware (debug)	Build toolchain	2026-10-07T23:27:59.5526004Z #6 13.24 Get:133 http://archive.ubuntu.com/ubuntu noble-updates/main amd64 libx32ubsan1 amd64 14.2.0-4ubuntu2~24.04.1 [1169 kB]
firmware (debug)	Build toolchain	2026-10-07T23:27:59.5527593Z #6 13.25 Get:134 http://archive.ubuntu.com/ubuntu noble-updates/main amd64 lib32quadmath0 amd64 14.2.0-4ubuntu2~24.04.1 [227 kB]
firmware (debug)	Build toolchain	2026-10-07T23:27:59.5528995Z #6 13.25 Get:135 http://archive.ubuntu.com/ubuntu noble-updates/main amd64 libx32quadmath0 amd64 14.2.0-4ubuntu2~24.04.1 [157 kB]
firmware (debug)	Build toolchain	2026-10-07T23:27:59.5530393Z #6 13.25 Get:136 http://archive.ubuntu.com/ubuntu noble-updates/main amd64 lib32gcc-13-dev amd64 13.3.0-6ubuntu2~24.04.1 [2380 kB]
firmware (debug)	Build toolchain	2026-10-07T23:27:59.5531879Z #6 13.26 Get:137 http://archive.ubuntu.com/ubuntu noble-updates/main amd64 libx32gcc-13-dev amd64 13.3.0-6ubuntu2~24.04.1 [2190 kB]
firmware (debug)	Build toolchain	2026-10-07T23:27:59.5533772Z #6 13.33 Get:138 http://archive.ubuntu.com/ubuntu noble-updates/main amd64 gcc-13-multilib amd64 13.3.0-6ubuntu2~24.04.1 [880 B]
firmware (debug)	Build toolchain	2026-10-07T23:27:59.6685342Z #6 13.33 Get:139 http://archive.ubuntu.com/ubuntu noble-updates/main amd64 lib32stdc++-13-dev amd64 13.3.0-6ubuntu2~24.04.1 [1150 kB]
firmware (debug)	Build toolchain	2026-10-07T23:27:59.6687496Z #6 13.34 Get:140 http://archive.ubuntu.com/ubuntu noble-updates/main amd64 libx32stdc++-13-dev amd64 13.3.0-6ubuntu2~24.04.1 [1086 kB]
firmware (debug)	Build toolchain	2026-10-07T23:27:59.6688604Z #6 13.34 Get:141 http://archive.ubuntu.com/ubuntu noble-updates/main amd64 g++-13-multilib amd64 13.3.0-6ubuntu2~24.04.1 [892 B]
firmware (debug)	Build toolchain	2026-10-07T23:27:59.6689705Z #6 13.45 Get:142 http://archive.ubuntu.com/ubuntu noble/universe amd64 binutils-mingw-w64-i686 amd64 2.41.90.20240122-1ubuntu1+11.4 [2975 kB]
firmware (debug)	Build toolchain	2026-10-07T23:27:59.8209282Z #6 13.47 Get:143 http://archive.ubuntu.com/ubuntu noble/universe amd64 mingw-w64-common all 11.0.1-3build1 [5580 kB]
firmware (debug)	Build toolchain	2026-10-07T23:27:59.8210348Z #6 13.50 Get:144 http://archive.ubuntu.com/ubuntu noble/universe amd64 mingw-w64-i686-dev all 11.0.1-3build1 [3153 kB]
firmware (debug)	Build toolchain	2026-10-07T23:27:59.8211763Z #6 13.52 Get:145 http://archive.ubuntu.com/ubuntu noble/universe amd64 gcc-mingw-w64-base amd64 13.2.0-6ubuntu1+26.1 [188 kB]
firmware (debug)	Build toolchain	2026-10-07T23:27:59.8212869Z #6 13.52 Get:146 http://archive.ubuntu.com/ubuntu noble/universe amd64 gcc-mingw-w64-i686-posix-runtime amd64 13.2.0-6ubuntu1+26.1 [13.1 MB]
firmware (debug)	Build toolchain	2026-10-07T23:27:59.8214001Z #6 13.60 Get:147 http://archive.ubuntu.com/ubuntu noble/universe amd64 gcc-mingw-w64-i686-posix amd64 13.2.0-6ubuntu1+26.1 [35.2 MB]
firmware (debug)	Build toolchain	2026-10-07T23:28:00.2184416Z #6 14.00 Get:148 http://archive.ubuntu.com/ubuntu noble/universe amd64 g++-mingw-w64-i686-posix amd64 13.2.0-6ubuntu1+26.1 [14.5 MB]
firmware (debug)	Build toolchain	2026-10-07T23:28:00.3311791Z #6 14.11 Get:149 http://archive.ubuntu.com/ubuntu noble/universe amd64 gcc-mingw-w64-i686-win32-runtime amd64 13.2.0-6ubuntu1+26.1 [13.3 MB]
firmware (debug)	Build toolchain	2026-10-07T23:28:00.5040934Z #6 14.28 Get:150 http://archive.ubuntu.com/ubuntu noble/universe amd64 gcc-mingw-w64-i686-win32 amd64 13.2.0-6ubuntu1+26.1 [35.2 MB]
firmware (debug)	Build toolchain	2026-10-07T23:28:00.8377110Z #6 14.62 Get:151 http://archive.ubuntu.com/ubuntu noble/universe amd64 g++-mingw-w64-i686-win32 amd64 13.2.0-6ubuntu1+26.1 [14.5 MB]
firmware (debug)	Build toolchain	2026-10-07T23:28:00.9448664Z #6 14.72 Get:152 http://archive.ubuntu.com/ubuntu noble/main amd64 gcc-multilib amd64 4:13.2.0-7ubuntu1 [1474 B]
firmware (debug)	Build toolchain	2026-10-07T23:28:01.0964390Z #6 14.72 Get:153 http://archive.ubuntu.com/ubuntu noble/main amd64 g++-multilib amd64 4:13.2.0-7ubuntu1 [884 B]
firmware (debug)	Build toolchain	2026-10-07T23:28:01.0966493Z #6 14.72 Get:154 http://archive.ubuntu.com/ubuntu noble-updates/main amd64 libcurl3t64-gnutls amd64 8.5.0-2ubuntu10.15 [336 kB]
firmware (debug)	Build toolchain	2026-10-07T23:28:01.0968110Z #6 14.73 Get:155 http://archive.ubuntu.com/ubuntu noble/main amd64 liberror-perl all 0.17029-2 [25.6 kB]
firmware (debug)	Build toolchain	2026-10-07T23:28:01.0969638Z #6 14.73 Get:156 http://archive.ubuntu.com/ubuntu noble-updates/main amd64 git-man all 1:2.43.0-1ubuntu7.3 [1100 kB]
firmware (debug)	Build toolchain	2026-10-07T23:28:01.0971208Z #6 14.73 Get:157 http://archive.ubuntu.com/ubuntu noble-updates/main amd64 git amd64 1:2.43.0-1ubuntu7.3 [3680 kB]
firmware (debug)	Build toolchain	2026-10-07T23:28:01.0972768Z #6 14.76 Get:158 http://archive.ubuntu.com/ubuntu noble-updates/main amd64 libaio1t64 amd64 0.3.113-6build1.1 [7210 B]
firmware (debug)	Build toolchain	2026-10-07T23:28:01.0974176Z #6 14.76 Get:159 http://archive.ubuntu.com/ubuntu noble/main amd64 libasyncns0 amd64 0.8-6build4 [11.3 kB]
firmware (debug)	Build toolchain	2026-10-07T23:28:01.0975795Z #6 14.76 Get:160 http://archive.ubuntu.com/ubuntu noble-updates/main amd64 libdrm-amdgpu1 amd64 2.4.125-1ubuntu0.1~24.04.2 [21.4 kB]
firmware (debug)	Build toolchain	2026-10-07T23:28:01.0977420Z #6 14.87 Get:161 http://archive.ubuntu.com/ubuntu noble-updates/main amd64 libpciaccess0 amd64 0.17-3ubuntu0.24.04.3 [19.2 kB]
firmware (debug)	Build toolchain	2026-10-07T23:28:01.2506608Z #6 14.88 Get:162 http://archive.ubuntu.com/ubuntu noble-updates/main amd64 libdrm-intel1 amd64 2.4.125-1ubuntu0.1~24.04.2 [63.9 kB]
firmware (debug)	Build toolchain	2026-10-07T23:28:01.2508029Z #6 14.88 Get:163 http://archive.ubuntu.com/ubuntu noble-updates/main amd64 libllvm20 amd64 1:20.1.2-0ubuntu1~24.04.3 [30.6 MB]
firmware (debug)	Build toolchain	2026-10-07T23:28:01.3195756Z #6 15.10 Get:164 http://archive.ubuntu.com/ubuntu noble/main amd64 libx11-xcb1 amd64 2:1.8.7-1build1 [7800 B]
firmware (debug)	Build toolchain	2026-10-07T23:28:01.4813865Z #6 15.10 Get:165 http://archive.ubuntu.com/ubuntu noble/main amd64 libxcb-dri3-0 amd64 1.15-1ubuntu2 [7142 B]
firmware (debug)	Build toolchain	2026-10-07T23:28:01.4816161Z #6 15.10 Get:166 http://archive.ubuntu.com/ubuntu noble/main amd64 libxcb-present0 amd64 1.15-1ubuntu2 [5676 B]
firmware (debug)	Build toolchain	2026-10-07T23:28:01.4818823Z #6 15.10 Get:167 http://archive.ubuntu.com/ubuntu noble/main amd64 libxcb-randr0 amd64 1.15-1ubuntu2 [17.9 kB]
firmware (debug)	Build toolchain	2026-10-07T23:28:01.4821108Z #6 15.10 Get:168 http://archive.ubuntu.com/ubuntu noble/main amd64 libxcb-sync1 amd64 1.15-1ubuntu2 [9312 B]
firmware (debug)	Build toolchain	2026-10-07T23:28:01.4822769Z #6 15.10 Get:169 http://archive.ubuntu.com/ubuntu noble/main amd64 libxcb-xfixes0 amd64 1.15-1ubuntu2 [10.2 kB]
firmware (debug)	Build toolchain	2026-10-07T23:28:01.4824106Z #6 15.10 Get:170 http://archive.ubuntu.com/ubuntu noble/main amd64 libxshmfence1 amd64 1.3-1build5 [4764 B]
firmware (debug)	Build toolchain	2026-10-07T23:28:01.4825803Z #6 15.13 Get:171 http://archive.ubuntu.com/ubuntu noble-updates/main amd64 mesa-libgallium amd64 25.2.8-0ubuntu0.24.04.4 [10.8 MB]
firmware (debug)	Build toolchain	2026-10-07T23:28:01.4827938Z #6 15.19 Get:172 http://archive.ubuntu.com/ubuntu noble-updates/main amd64 libgbm1 amd64 25.2.8-0ubuntu0.24.04.4 [34.2 kB]
firmware (debug)	Build toolchain	2026-10-07T23:28:01.4829822Z #6 15.26 Get:173 http://archive.ubuntu.com/ubuntu noble/main amd64 libwayland-client0 amd64 1.22.0-2.1build1 [26.4 kB]
firmware (debug)	Build toolchain	2026-10-07T23:28:01.6095669Z #6 15.26 Get:174 http://archive.ubuntu.com/ubuntu noble/main amd64 libxcb-shm0 amd64 1.15-1ubuntu2 [5756 B]
firmware (debug)	Build toolchain	2026-10-07T23:28:01.6097551Z #6 15.26 Get:175 http://archive.ubuntu.com/ubuntu noble-updates/main amd64 libegl-mesa0 amd64 25.2.8-0ubuntu0.24.04.4 [117 kB]
firmware (debug)	Build toolchain	2026-10-07T23:28:01.6099675Z #6 15.26 Get:176 http://archive.ubuntu.com/ubuntu noble/main amd64 libogg0 amd64 1.3.5-3build1 [22.7 kB]
firmware (debug)	Build toolchain	2026-10-07T23:28:01.6101176Z #6 15.26 Get:177 http://archive.ubuntu.com/ubuntu noble/main amd64 libflac12t64 amd64 1.4.3+ds-2.1ubuntu2 [197 kB]
firmware (debug)	Build toolchain	2026-10-07T23:28:01.6103718Z #6 15.26 Get:178 http://archive.ubuntu.com/ubuntu noble/main amd64 libfontenc1 amd64 1:1.1.8-1build1 [14.0 kB]
firmware (debug)	Build toolchain	2026-10-07T23:28:01.6105657Z #6 15.26 Get:179 http://archive.ubuntu.com/ubuntu noble-updates/main amd64 libfreetype6 amd64 2.13.2+dfsg-1ubuntu0.2 [403 kB]
firmware (debug)	Build toolchain	2026-10-07T23:28:01.6106544Z #6 15.27 Get:180 http://archive.ubuntu.com/ubuntu noble/main amd64 libvulkan1 amd64 1.3.275.0-1build1 [142 kB]
firmware (debug)	Build toolchain	2026-10-07T23:28:01.6107306Z #6 15.39 Get:181 http://archive.ubuntu.com/ubuntu noble-updates/main amd64 libgl1-mesa-dri amd64 25.2.8-0ubuntu0.24.04.4 [38.0 kB]
firmware (debug)	Build toolchain	2026-10-07T23:28:01.7383950Z #6 15.39 Get:182 http://archive.ubuntu.com/ubuntu noble/main amd64 libxcb-glx0 amd64 1.15-1ubuntu2 [24.8 kB]
firmware (debug)	Build toolchain	2026-10-07T23:28:01.7387143Z #6 15.52 Get:183 http://archive.ubuntu.com/ubuntu noble/main amd64 libxxf86vm1 amd64 1:1.1.4-1build4 [9282 B]
firmware (debug)	Build toolchain	2026-10-07T23:28:01.8671385Z #6 15.52 Get:184 http://archive.ubuntu.com/ubuntu noble-updates/main amd64 libglx-mesa0 amd64 25.2.8-0ubuntu0.24.04.4 [110 kB]
firmware (debug)	Build toolchain	2026-10-07T23:28:01.8672846Z #6 15.52 Get:185 http://archive.ubuntu.com/ubuntu noble/main amd64 x11-common all 1:7.7+23ubuntu3 [21.7 kB]
firmware (debug)	Build toolchain	2026-10-07T23:28:01.8674575Z #6 15.52 Get:186 http://archive.ubuntu.com/ubuntu noble/main amd64 libice6 amd64 2:1.0.10-1build3 [41.4 kB]
firmware (debug)	Build toolchain	2026-10-07T23:28:01.8677173Z #6 15.52 Get:187 http://archive.ubuntu.com/ubuntu noble/main amd64 libmp3lame0 amd64 3.100-6build1 [142 kB]
firmware (debug)	Build toolchain	2026-10-07T23:28:01.8678715Z #6 15.52 Get:188 http://archive.ubuntu.com/ubuntu noble-updates/main amd64 libmpg123-0t64 amd64 1.32.5-1ubuntu1.1 [169 kB]
firmware (debug)	Build toolchain	2026-10-07T23:28:01.8679844Z #6 15.52 Get:189 http://archive.ubuntu.com/ubuntu noble/main amd64 libopus0 amd64 1.4-1build1 [208 kB]
firmware (debug)	Build toolchain	2026-10-07T23:28:01.8681046Z #6 15.52 Get:190 http://archive.ubuntu.com/ubuntu noble/main amd64 libpixman-1-0 amd64 0.42.2-1build1 [279 kB]
firmware (debug)	Build toolchain	2026-10-07T23:28:01.8682265Z #6 15.65 Get:191 http://archive.ubuntu.com/ubuntu noble/main amd64 libvorbis0a amd64 1.3.7-1build3 [97.6 kB]
firmware (debug)	Build toolchain	2026-10-07T23:28:01.9959955Z #6 15.65 Get:192 http://archive.ubuntu.com/ubuntu noble/main amd64 libvorbisenc2 amd64 1.3.7-1build3 [80.8 kB]
firmware (debug)	Build toolchain	2026-10-07T23:28:01.9962071Z #6 15.77 Get:193 http://archive.ubuntu.com/ubuntu noble-updates/main amd64 libsndfile1 amd64 1.2.2-1ubuntu5.24.04.1 [209 kB]
firmware (debug)	Build toolchain	2026-10-07T23:28:02.1243092Z #6 15.78 Get:194 http://archive.ubuntu.com/ubuntu noble-updates/main amd64 libpulse0 amd64 1:16.1+dfsg1-2ubuntu10.1 [292 kB]
firmware (debug)	Build toolchain	2026-10-07T23:28:02.1244848Z #6 15.78 Get:195 http://archive.ubuntu.com/ubuntu noble/main amd64 libsamplerate0 amd64 0.2.2-4build1 [1344 kB]
firmware (debug)	Build toolchain	2026-10-07T23:28:02.1246695Z #6 15.79 Get:196 http://archive.ubuntu.com/ubuntu noble-updates/main amd64 libslirp0 amd64 4.7.0-1ubuntu3.1 [63.8 kB]
firmware (debug)	Build toolchain	2026-10-07T23:28:02.1247994Z #6 15.79 Get:197 http://archive.ubuntu.com/ubuntu noble/main amd64 libsm6 amd64 2:1.2.3-1build3 [15.7 kB]
firmware (debug)	Build toolchain	2026-10-07T23:28:02.1249107Z #6 15.79 Get:198 http://archive.ubuntu.com/ubuntu noble-updates/main amd64 libunwind8 amd64 1.6.2-3build1.1 [55.3 kB]
firmware (debug)	Build toolchain	2026-10-07T23:28:02.1249892Z #6 15.79 Get:199 http://archive.ubuntu.com/ubuntu noble/main amd64 liburing2 amd64 2.5-1build1 [21.1 kB]
firmware (debug)	Build toolchain	2026-10-07T23:28:02.1250669Z #6 15.79 Get:200 http://archive.ubuntu.com/ubuntu noble/main amd64 libxt6t64 amd64 1:1.2.1-1.2build1 [171 kB]
firmware (debug)	Build toolchain	2026-10-07T23:28:02.1251651Z #6 15.90 Get:201 http://archive.ubuntu.com/ubuntu noble/main amd64 libxmu6 amd64 2:1.1.3-3build2 [47.6 kB]
firmware (debug)	Build toolchain	2026-10-07T23:28:02.2749823Z #6 15.90 Get:202 http://archive.ubuntu.com/ubuntu noble-updates/main amd64 libxpm4 amd64 1:3.5.17-1ubuntu0.24.04.2 [36.7 kB]
firmware (debug)	Build toolchain	2026-10-07T23:28:02.4259731Z #6 16.20 Get:203 http://archive.ubuntu.com/ubuntu noble/main amd64 libxaw7 amd64 2:1.0.14-1build2 [187 kB]
firmware (debug)	Build toolchain	2026-10-07T23:28:03.1958234Z #6 16.97 Get:204 http://archive.ubuntu.com/ubuntu noble-updates/main amd64 libxfont2 amd64 1:2.0.6-1+deb13u1build0.24.04.2 [94.0 kB]
firmware (debug)	Build toolchain	2026-10-07T23:28:03.3721102Z #6 17.03 Get:205 http://archive.ubuntu.com/ubuntu noble/main amd64 libxkbfile1 amd64 1:1.1.0-1build4 [70.0 kB]
firmware (debug)	Build toolchain	2026-10-07T23:28:03.3722198Z #6 17.15 Get:206 http://archive.ubuntu.com/ubuntu noble/main amd64 libxrender1 amd64 1:0.9.10-1.1build1 [19.0 kB]
firmware (debug)	Build toolchain	2026-10-07T23:28:03.5002581Z #6 17.16 Get:207 http://archive.ubuntu.com/ubuntu noble/main amd64 libxrandr2 amd64 2:1.5.2-2build1 [19.7 kB]
firmware (debug)	Build toolchain	2026-10-07T23:28:03.5003611Z #6 17.17 Get:208 http://archive.ubuntu.com/ubuntu noble-updates/universe amd64 lz4 amd64 1.9.4-1build1.1 [93.8 kB]
firmware (debug)	Build toolchain	2026-10-07T23:28:03.5004458Z #6 17.28 Get:209 http://archive.ubuntu.com/ubuntu noble/main amd64 make amd64 4.3-4.1build2 [180 kB]
firmware (debug)	Build toolchain	2026-10-07T23:28:03.6706830Z #6 17.36 Get:210 http://archive.ubuntu.com/ubuntu noble/universe amd64 ninja-build amd64 1.11.1-2 [129 kB]
firmware (debug)	Build toolchain	2026-10-07T23:28:03.6707900Z #6 17.45 Get:211 http://archive.ubuntu.com/ubuntu noble-updates/main amd64 qemu-utils amd64 1:8.2.2+ds-0ubuntu1.18 [2221 kB]
firmware (debug)	Build toolchain	2026-10-07T23:28:04.1732179Z #6 17.95 Get:212 http://archive.ubuntu.com/ubuntu noble/main amd64 x11-xkb-utils amd64 7.7+8build2 [170 kB]
firmware (debug)	Build toolchain	2026-10-07T23:28:04.3226211Z #6 18.03 Get:213 http://archive.ubuntu.com/ubuntu noble-updates/main amd64 xserver-common all 2:21.1.12-1ubuntu1.8 [34.8 kB]
firmware (debug)	Build toolchain	2026-10-07T23:28:04.3227329Z #6 18.03 Get:214 http://archive.ubuntu.com/ubuntu noble/main amd64 libglvnd0 amd64 1.7.0-1build1 [69.6 kB]
firmware (debug)	Build toolchain	2026-10-07T23:28:04.3228278Z #6 18.03 Get:215 http://archive.ubuntu.com/ubuntu noble/main amd64 libglx0 amd64 1.7.0-1build1 [38.6 kB]
firmware (debug)	Build toolchain	2026-10-07T23:28:04.3229161Z #6 18.04 Get:216 http://archive.ubuntu.com/ubuntu noble/main amd64 libgl1 amd64 1.7.0-1build1 [102 kB]
firmware (debug)	Build toolchain	2026-10-07T23:28:04.3230106Z #6 18.04 Get:217 http://archive.ubuntu.com/ubuntu noble-updates/universe amd64 xvfb amd64 2:21.1.12-1ubuntu1.8 [877 kB]
firmware (debug)	Build toolchain	2026-10-07T23:28:04.3231145Z #6 18.10 Get:218 http://archive.ubuntu.com/ubuntu noble/universe amd64 g++-mingw-w64-i686 all 13.2.0-6ubuntu1+26.1 [187 kB]
firmware (debug)	Build toolchain	2026-10-07T23:28:04.5330969Z #6 18.17 Get:219 http://archive.ubuntu.com/ubuntu noble/universe amd64 gcc-mingw-w64-i686 all 13.2.0-6ubuntu1+26.1 [187 kB]
firmware (debug)	Build toolchain	2026-10-07T23:28:04.5332602Z #6 18.18 Get:220 http://archive.ubuntu.com/ubuntu noble/main amd64 libegl1 amd64 1.7.0-1build1 [28.7 kB]
firmware (debug)	Build toolchain	2026-10-07T23:28:04.5333754Z #6 18.31 debconf: delaying package configuration, since apt-utils is not installed
firmware (debug)	Build toolchain	2026-10-07T23:28:04.6463287Z #6 18.34 Fetched 341 MB in 14s (25.3 MB/s)
firmware (debug)	Build toolchain	2026-10-07T23:28:04.6464579Z #6 18.35 (Reading database ... 
firmware (debug)	Build toolchain	2026-10-07T23:28:04.6465532Z (Reading database ... 5%
firmware (debug)	Build toolchain	2026-10-07T23:28:04.6465980Z (Reading database ... 10%
firmware (debug)	Build toolchain	2026-10-07T23:28:04.6466655Z (Reading database ... 15%
firmware (debug)	Build toolchain	2026-10-07T23:28:04.6467075Z (Reading database ... 20%
firmware (debug)	Build toolchain	2026-10-07T23:28:04.6467618Z (Reading database ... 25%
firmware (debug)	Build toolchain	2026-10-07T23:28:04.6468036Z (Reading database ... 30%
firmware (debug)	Build toolchain	2026-10-07T23:28:04.6468442Z (Reading database ... 35%
firmware (debug)	Build toolchain	2026-10-07T23:28:04.6468854Z (Reading database ... 40%
firmware (debug)	Build toolchain	2026-10-07T23:28:04.6469222Z (Reading database ... 45%
firmware (debug)	Build toolchain	2026-10-07T23:28:04.6469499Z (Reading database ... 50%
firmware (debug)	Build toolchain	2026-10-07T23:28:04.6469769Z (Reading database ... 55%
firmware (debug)	Build toolchain	2026-10-07T23:28:04.6470037Z (Reading database ... 60%
firmware (debug)	Build toolchain	2026-10-07T23:28:04.6470306Z (Reading database ... 65%
firmware (debug)	Build toolchain	2026-10-07T23:28:04.6470571Z (Reading database ... 70%
firmware (debug)	Build toolchain	2026-10-07T23:28:04.6470844Z (Reading database ... 75%
firmware (debug)	Build toolchain	2026-10-07T23:28:04.6471260Z (Reading database ... 80%
firmware (debug)	Build toolchain	2026-10-07T23:28:04.6471653Z (Reading database ... 85%
firmware (debug)	Build toolchain	2026-10-07T23:28:04.6472458Z (Reading database ... 90%
firmware (debug)	Build toolchain	2026-10-07T23:28:04.6472892Z (Reading database ... 95%
firmware (debug)	Build toolchain	2026-10-07T23:28:04.6473307Z (Reading database ... 100%
firmware (debug)	Build toolchain	2026-10-07T23:28:04.6473919Z (Reading database ... 4381 files and directories currently installed.)
firmware (debug)	Build toolchain	2026-10-07T23:28:04.6474817Z #6 18.36 Preparing to unpack .../libssl3t64_3.0.13-0ubuntu3.16_amd64.deb ...
firmware (debug)	Build toolchain	2026-10-07T23:28:04.6475885Z #6 18.36 Unpacking libssl3t64:amd64 (3.0.13-0ubuntu3.16) over (3.0.13-0ubuntu3.15) ...
firmware (debug)	Build toolchain	2026-10-07T23:28:04.6476568Z #6 18.41 Setting up libssl3t64:amd64 (3.0.13-0ubuntu3.16) ...
firmware (debug)	Build toolchain	2026-10-07T23:28:04.6477055Z #6 18.42 Selecting previously unselected package libpython3.12-minimal:amd64.
firmware (debug)	Build toolchain	2026-10-07T23:28:04.7456855Z #6 18.42 (Reading database ... 
firmware (debug)	Build toolchain	2026-10-07T23:28:04.7457976Z (Reading database ... 5%
firmware (debug)	Build toolchain	2026-10-07T23:28:04.7458396Z (Reading database ... 10%
firmware (debug)	Build toolchain	2026-10-07T23:28:04.7458800Z (Reading database ... 15%
firmware (debug)	Build toolchain	2026-10-07T23:28:04.7459227Z (Reading database ... 20%
firmware (debug)	Build toolchain	2026-10-07T23:28:04.7459601Z (Reading database ... 25%
firmware (debug)	Build toolchain	2026-10-07T23:28:04.7460001Z (Reading database ... 30%
firmware (debug)	Build toolchain	2026-10-07T23:28:04.7460375Z (Reading database ... 35%
firmware (debug)	Build toolchain	2026-10-07T23:28:04.7460747Z (Reading database ... 40%
firmware (debug)	Build toolchain	2026-10-07T23:28:04.7461179Z (Reading database ... 45%
firmware (debug)	Build toolchain	2026-10-07T23:28:04.7461568Z (Reading database ... 50%
firmware (debug)	Build toolchain	2026-10-07T23:28:04.7461943Z (Reading database ... 55%
firmware (debug)	Build toolchain	2026-10-07T23:28:04.7462313Z (Reading database ... 60%
firmware (debug)	Build toolchain	2026-10-07T23:28:04.7462690Z (Reading database ... 65%
firmware (debug)	Build toolchain	2026-10-07T23:28:04.7463061Z (Reading database ... 70%
firmware (debug)	Build toolchain	2026-10-07T23:28:04.7463431Z (Reading database ... 75%
firmware (debug)	Build toolchain	2026-10-07T23:28:04.7463803Z (Reading database ... 80%
firmware (debug)	Build toolchain	2026-10-07T23:28:04.7464180Z (Reading database ... 85%
firmware (debug)	Build toolchain	2026-10-07T23:28:04.7464445Z (Reading database ... 90%
firmware (debug)	Build toolchain	2026-10-07T23:28:04.7464686Z (Reading database ... 95%
firmware (debug)	Build toolchain	2026-10-07T23:28:04.7465301Z (Reading database ... 100%
firmware (debug)	Build toolchain	2026-10-07T23:28:04.7465928Z (Reading database ... 4381 files and directories currently installed.)
firmware (debug)	Build toolchain	2026-10-07T23:28:04.7466761Z #6 18.43 Preparing to unpack .../libpython3.12-minimal_3.12.3-1ubuntu0.17_amd64.deb ...
firmware (debug)	Build toolchain	2026-10-07T23:28:04.7467735Z #6 18.43 Unpacking libpython3.12-minimal:amd64 (3.12.3-1ubuntu0.17) ...
firmware (debug)	Build toolchain	2026-10-07T23:28:04.7468567Z #6 18.51 Selecting previously unselected package libexpat1:amd64.
firmware (debug)	Build toolchain	2026-10-07T23:28:04.7469262Z #6 18.51 Preparing to unpack .../libexpat1_2.6.1-2ubuntu0.6_amd64.deb ...
firmware (debug)	Build toolchain	2026-10-07T23:28:04.7469737Z #6 18.51 Unpacking libexpat1:amd64 (2.6.1-2ubuntu0.6) ...
firmware (debug)	Build toolchain	2026-10-07T23:28:04.7470365Z #6 18.52 Selecting previously unselected package python3.12-minimal.
firmware (debug)	Build toolchain	2026-10-07T23:28:04.9611312Z #6 18.53 Preparing to unpack .../python3.12-minimal_3.12.3-1ubuntu0.17_amd64.deb ...
firmware (debug)	Build toolchain	2026-10-07T23:28:04.9612103Z #6 18.53 Unpacking python3.12-minimal (3.12.3-1ubuntu0.17) ...
firmware (debug)	Build toolchain	2026-10-07T23:28:04.9612661Z #6 18.58 Setting up libpython3.12-minimal:amd64 (3.12.3-1ubuntu0.17) ...
firmware (debug)	Build toolchain	2026-10-07T23:28:04.9613176Z #6 18.59 Setting up libexpat1:amd64 (2.6.1-2ubuntu0.6) ...
firmware (debug)	Build toolchain	2026-10-07T23:28:04.9613644Z #6 18.59 Setting up python3.12-minimal (3.12.3-1ubuntu0.17) ...
firmware (debug)	Build toolchain	2026-10-07T23:28:05.4974794Z #6 19.28 Selecting previously unselected package python3-minimal.
firmware (debug)	Build toolchain	2026-10-07T23:28:05.6283249Z #6 19.28 (Reading database ... 
firmware (debug)	Build toolchain	2026-10-07T23:28:05.6283784Z (Reading database ... 5%
firmware (debug)	Build toolchain	2026-10-07T23:28:05.6284198Z (Reading database ... 10%
firmware (debug)	Build toolchain	2026-10-07T23:28:05.6284551Z (Reading database ... 15%
firmware (debug)	Build toolchain	2026-10-07T23:28:05.6285192Z (Reading database ... 20%
firmware (debug)	Build toolchain	2026-10-07T23:28:05.6285561Z (Reading database ... 25%
firmware (debug)	Build toolchain	2026-10-07T23:28:05.6285900Z (Reading database ... 30%
firmware (debug)	Build toolchain	2026-10-07T23:28:05.6286237Z (Reading database ... 35%
firmware (debug)	Build toolchain	2026-10-07T23:28:05.6286571Z (Reading database ... 40%
firmware (debug)	Build toolchain	2026-10-07T23:28:05.6286908Z (Reading database ... 45%
firmware (debug)	Build toolchain	2026-10-07T23:28:05.6287241Z (Reading database ... 50%
firmware (debug)	Build toolchain	2026-10-07T23:28:05.6287576Z (Reading database ... 55%
firmware (debug)	Build toolchain	2026-10-07T23:28:05.6287916Z (Reading database ... 60%
firmware (debug)	Build toolchain	2026-10-07T23:28:05.6288254Z (Reading database ... 65%
firmware (debug)	Build toolchain	2026-10-07T23:28:05.6288589Z (Reading database ... 70%
firmware (debug)	Build toolchain	2026-10-07T23:28:05.6288922Z (Reading database ... 75%
firmware (debug)	Build toolchain	2026-10-07T23:28:05.6289292Z (Reading database ... 80%
firmware (debug)	Build toolchain	2026-10-07T23:28:05.6290008Z (Reading database ... 85%
firmware (debug)	Build toolchain	2026-10-07T23:28:05.6290340Z (Reading database ... 90%
firmware (debug)	Build toolchain	2026-10-07T23:28:05.6290677Z (Reading database ... 95%
firmware (debug)	Build toolchain	2026-10-07T23:28:05.6291017Z (Reading database ... 100%
firmware (debug)	Build toolchain	2026-10-07T23:28:05.6313731Z (Reading database ... 4700 files and directories currently installed.)
firmware (debug)	Build toolchain	2026-10-07T23:28:05.6314512Z #6 19.28 Preparing to unpack .../0-python3-minimal_3.12.3-0ubuntu2.1_amd64.deb ...
firmware (debug)	Build toolchain	2026-10-07T23:28:05.6315450Z #6 19.28 Unpacking python3-minimal (3.12.3-0ubuntu2.1) ...
firmware (debug)	Build toolchain	2026-10-07T23:28:05.6315899Z #6 19.29 Selecting previously unselected package media-types.
firmware (debug)	Build toolchain	2026-10-07T23:28:05.6316316Z #6 19.29 Preparing to unpack .../1-media-types_10.1.0_all.deb ...
firmware (debug)	Build toolchain	2026-10-07T23:28:05.6316671Z #6 19.30 Unpacking media-types (10.1.0) ...
firmware (debug)	Build toolchain	2026-10-07T23:28:05.6317171Z #6 19.31 Selecting previously unselected package netbase.
firmware (debug)	Build toolchain	2026-10-07T23:28:05.6317828Z #6 19.31 Preparing to unpack .../2-netbase_6.4_all.deb ...
firmware (debug)	Build toolchain	2026-10-07T23:28:05.6318415Z #6 19.31 Unpacking netbase (6.4) ...
firmware (debug)	Build toolchain	2026-10-07T23:28:05.6318964Z #6 19.32 Selecting previously unselected package tzdata.
firmware (debug)	Build toolchain	2026-10-07T23:28:05.6319687Z #6 19.32 Preparing to unpack .../3-tzdata_2026c-0ubuntu0.24.04.1_all.deb ...
firmware (debug)	Build toolchain	2026-10-07T23:28:05.6320402Z #6 19.32 Unpacking tzdata (2026c-0ubuntu0.24.04.1) ...
firmware (debug)	Build toolchain	2026-10-07T23:28:05.6321089Z #6 19.41 Selecting previously unselected package readline-common.
firmware (debug)	Build toolchain	2026-10-07T23:28:05.7873198Z #6 19.41 Preparing to unpack .../4-readline-common_8.2-4build1_all.deb ...
firmware (debug)	Build toolchain	2026-10-07T23:28:05.7873997Z #6 19.41 Unpacking readline-common (8.2-4build1) ...
firmware (debug)	Build toolchain	2026-10-07T23:28:05.7874652Z #6 19.42 Selecting previously unselected package libreadline8t64:amd64.
firmware (debug)	Build toolchain	2026-10-07T23:28:05.7875617Z #6 19.42 Preparing to unpack .../5-libreadline8t64_8.2-4build1_amd64.deb ...
firmware (debug)	Build toolchain	2026-10-07T23:28:05.7876769Z #6 19.43 Adding 'diversion of /lib/x86_64-linux-gnu/libhistory.so.8 to /lib/x86_64-linux-gnu/libhistory.so.8.usr-is-merged by libreadline8t64'
firmware (debug)	Build toolchain	2026-10-07T23:28:05.7878306Z #6 19.43 Adding 'diversion of /lib/x86_64-linux-gnu/libhistory.so.8.2 to /lib/x86_64-linux-gnu/libhistory.so.8.2.usr-is-merged by libreadline8t64'
firmware (debug)	Build toolchain	2026-10-07T23:28:05.7879829Z #6 19.43 Adding 'diversion of /lib/x86_64-linux-gnu/libreadline.so.8 to /lib/x86_64-linux-gnu/libreadline.so.8.usr-is-merged by libreadline8t64'
firmware (debug)	Build toolchain	2026-10-07T23:28:05.7881349Z #6 19.44 Adding 'diversion of /lib/x86_64-linux-gnu/libreadline.so.8.2 to /lib/x86_64-linux-gnu/libreadline.so.8.2.usr-is-merged by libreadline8t64'
firmware (debug)	Build toolchain	2026-10-07T23:28:05.7882491Z #6 19.44 Unpacking libreadline8t64:amd64 (8.2-4build1) ...
firmware (debug)	Build toolchain	2026-10-07T23:28:05.7884418Z #6 19.45 Selecting previously unselected package libsqlite3-0:amd64.
firmware (debug)	Build toolchain	2026-10-07T23:28:05.7885513Z #6 19.45 Preparing to unpack .../6-libsqlite3-0_3.45.1-1ubuntu2.8_amd64.deb ...
firmware (debug)	Build toolchain	2026-10-07T23:28:05.7886013Z #6 19.45 Unpacking libsqlite3-0:amd64 (3.45.1-1ubuntu2.8) ...
firmware (debug)	Build toolchain	2026-10-07T23:28:05.7886587Z #6 19.47 Selecting previously unselected package libpython3.12-stdlib:amd64.
firmware (debug)	Build toolchain	2026-10-07T23:28:05.7887560Z #6 19.47 Preparing to unpack .../7-libpython3.12-stdlib_3.12.3-1ubuntu0.17_amd64.deb ...
firmware (debug)	Build toolchain	2026-10-07T23:28:05.7888485Z #6 19.47 Unpacking libpython3.12-stdlib:amd64 (3.12.3-1ubuntu0.17) ...
firmware (debug)	Build toolchain	2026-10-07T23:28:05.7889578Z #6 19.57 Selecting previously unselected package python3.12.
firmware (debug)	Build toolchain	2026-10-07T23:28:05.9512863Z #6 19.57 Preparing to unpack .../8-python3.12_3.12.3-1ubuntu0.17_amd64.deb ...
firmware (debug)	Build toolchain	2026-10-07T23:28:05.9513754Z #6 19.57 Unpacking python3.12 (3.12.3-1ubuntu0.17) ...
firmware (debug)	Build toolchain	2026-10-07T23:28:05.9514510Z #6 19.58 Selecting previously unselected package libpython3-stdlib:amd64.
firmware (debug)	Build toolchain	2026-10-07T23:28:05.9515646Z #6 19.58 Preparing to unpack .../9-libpython3-stdlib_3.12.3-0ubuntu2.1_amd64.deb ...
firmware (debug)	Build toolchain	2026-10-07T23:28:05.9516498Z #6 19.58 Unpacking libpython3-stdlib:amd64 (3.12.3-0ubuntu2.1) ...
firmware (debug)	Build toolchain	2026-10-07T23:28:05.9517197Z #6 19.60 Setting up python3-minimal (3.12.3-0ubuntu2.1) ...
firmware (debug)	Build toolchain	2026-10-07T23:28:05.9517846Z #6 19.73 Selecting previously unselected package python3.
firmware (debug)	Build toolchain	2026-10-07T23:28:06.1601771Z #6 19.73 (Reading database ... 
firmware (debug)	Build toolchain	2026-10-07T23:28:06.1602374Z (Reading database ... 5%
firmware (debug)	Build toolchain	2026-10-07T23:28:06.1603162Z (Reading database ... 10%
firmware (debug)	Build toolchain	2026-10-07T23:28:06.1603583Z (Reading database ... 15%
firmware (debug)	Build toolchain	2026-10-07T23:28:06.1603997Z (Reading database ... 20%
firmware (debug)	Build toolchain	2026-10-07T23:28:06.1604410Z (Reading database ... 25%
firmware (debug)	Build toolchain	2026-10-07T23:28:06.1604825Z (Reading database ... 30%
firmware (debug)	Build toolchain	2026-10-07T23:28:06.1605481Z (Reading database ... 35%
firmware (debug)	Build toolchain	2026-10-07T23:28:06.1605901Z (Reading database ... 40%
firmware (debug)	Build toolchain	2026-10-07T23:28:06.1606219Z (Reading database ... 45%
firmware (debug)	Build toolchain	2026-10-07T23:28:06.1606493Z (Reading database ... 50%
firmware (debug)	Build toolchain	2026-10-07T23:28:06.1606766Z (Reading database ... 55%
firmware (debug)	Build toolchain	2026-10-07T23:28:06.1607033Z (Reading database ... 60%
firmware (debug)	Build toolchain	2026-10-07T23:28:06.1607299Z (Reading database ... 65%
firmware (debug)	Build toolchain	2026-10-07T23:28:06.1607571Z (Reading database ... 70%
firmware (debug)	Build toolchain	2026-10-07T23:28:06.1607853Z (Reading database ... 75%
firmware (debug)	Build toolchain	2026-10-07T23:28:06.1608130Z (Reading database ... 80%
firmware (debug)	Build toolchain	2026-10-07T23:28:06.1608400Z (Reading database ... 85%
firmware (debug)	Build toolchain	2026-10-07T23:28:06.1608673Z (Reading database ... 90%
firmware (debug)	Build toolchain	2026-10-07T23:28:06.1608944Z (Reading database ... 95%
firmware (debug)	Build toolchain	2026-10-07T23:28:06.1609239Z (Reading database ... 100%
firmware (debug)	Build toolchain	2026-10-07T23:28:06.1609658Z (Reading database ... 5706 files and directories currently installed.)
firmware (debug)	Build toolchain	2026-10-07T23:28:06.1610225Z #6 19.73 Preparing to unpack .../000-python3_3.12.3-0ubuntu2.1_amd64.deb ...
firmware (debug)	Build toolchain	2026-10-07T23:28:06.1610685Z #6 19.74 Unpacking python3 (3.12.3-0ubuntu2.1) ...
firmware (debug)	Build toolchain	2026-10-07T23:28:06.1611055Z #6 19.75 Selecting previously unselected package m4.
firmware (debug)	Build toolchain	2026-10-07T23:28:06.1611472Z #6 19.75 Preparing to unpack .../001-m4_1.4.19-4build1_amd64.deb ...
firmware (debug)	Build toolchain	2026-10-07T23:28:06.1611855Z #6 19.75 Unpacking m4 (1.4.19-4build1) ...
firmware (debug)	Build toolchain	2026-10-07T23:28:06.1612197Z #6 19.77 Selecting previously unselected package flex.
firmware (debug)	Build toolchain	2026-10-07T23:28:06.1612613Z #6 19.77 Preparing to unpack .../002-flex_2.6.4-8.2build1_amd64.deb ...
firmware (debug)	Build toolchain	2026-10-07T23:28:06.1613013Z #6 19.77 Unpacking flex (2.6.4-8.2build1) ...
firmware (debug)	Build toolchain	2026-10-07T23:28:06.1613408Z #6 19.79 Selecting previously unselected package perl-modules-5.38.
firmware (debug)	Build toolchain	2026-10-07T23:28:06.1613943Z #6 19.79 Preparing to unpack .../003-perl-modules-5.38_5.38.2-3.2ubuntu0.6_all.deb ...
firmware (debug)	Build toolchain	2026-10-07T23:28:06.1614457Z #6 19.79 Unpacking perl-modules-5.38 (5.38.2-3.2ubuntu0.6) ...
firmware (debug)	Build toolchain	2026-10-07T23:28:06.2684571Z #6 20.05 Selecting previously unselected package libgdbm6t64:amd64.
firmware (debug)	Build toolchain	2026-10-07T23:28:06.4509623Z #6 20.05 Preparing to unpack .../004-libgdbm6t64_1.23-5.1build1_amd64.deb ...
firmware (debug)	Build toolchain	2026-10-07T23:28:06.4510551Z #6 20.05 Unpacking libgdbm6t64:amd64 (1.23-5.1build1) ...
firmware (debug)	Build toolchain	2026-10-07T23:28:06.4511388Z #6 20.06 Selecting previously unselected package libgdbm-compat4t64:amd64.
firmware (debug)	Build toolchain	2026-10-07T23:28:06.4512371Z #6 20.06 Preparing to unpack .../005-libgdbm-compat4t64_1.23-5.1build1_amd64.deb ...
firmware (debug)	Build toolchain	2026-10-07T23:28:06.4513267Z #6 20.06 Unpacking libgdbm-compat4t64:amd64 (1.23-5.1build1) ...
firmware (debug)	Build toolchain	2026-10-07T23:28:06.4513903Z #6 20.08 Selecting previously unselected package libperl5.38t64:amd64.
firmware (debug)	Build toolchain	2026-10-07T23:28:06.4514554Z #6 20.08 Preparing to unpack .../006-libperl5.38t64_5.38.2-3.2ubuntu0.6_amd64.deb ...
firmware (debug)	Build toolchain	2026-10-07T23:28:06.4515415Z #6 20.08 Unpacking libperl5.38t64:amd64 (5.38.2-3.2ubuntu0.6) ...
firmware (debug)	Build toolchain	2026-10-07T23:28:06.4671270Z #6 20.25 Selecting previously unselected package perl.
firmware (debug)	Build toolchain	2026-10-07T23:28:06.5676268Z #6 20.25 Preparing to unpack .../007-perl_5.38.2-3.2ubuntu0.6_amd64.deb ...
firmware (debug)	Build toolchain	2026-10-07T23:28:06.5677350Z #6 20.25 Unpacking perl (5.38.2-3.2ubuntu0.6) ...
firmware (debug)	Build toolchain	2026-10-07T23:28:06.5678012Z #6 20.27 Selecting previously unselected package openssl.
firmware (debug)	Build toolchain	2026-10-07T23:28:06.5678954Z #6 20.27 Preparing to unpack .../008-openssl_3.0.13-0ubuntu3.16_amd64.deb ...
firmware (debug)	Build toolchain	2026-10-07T23:28:06.5679684Z #6 20.27 Unpacking openssl (3.0.13-0ubuntu3.16) ...
firmware (debug)	Build toolchain	2026-10-07T23:28:06.5680356Z #6 20.31 Selecting previously unselected package ca-certificates.
firmware (debug)	Build toolchain	2026-10-07T23:28:06.5681191Z #6 20.31 Preparing to unpack .../009-ca-certificates_20260601~24.04.1_all.deb ...
firmware (debug)	Build toolchain	2026-10-07T23:28:06.5681834Z #6 20.31 Unpacking ca-certificates (20260601~24.04.1) ...
firmware (debug)	Build toolchain	2026-10-07T23:28:06.5682286Z #6 20.34 Selecting previously unselected package libapparmor1:amd64.
firmware (debug)	Build toolchain	2026-10-07T23:28:06.5682881Z #6 20.35 Preparing to unpack .../010-libapparmor1_4.0.1really4.0.1-0ubuntu0.24.04.8_amd64.deb ...
firmware (debug)	Build toolchain	2026-10-07T23:28:06.6681000Z #6 20.35 Unpacking libapparmor1:amd64 (4.0.1really4.0.1-0ubuntu0.24.04.8) ...
firmware (debug)	Build toolchain	2026-10-07T23:28:06.6681983Z #6 20.36 Selecting previously unselected package libbsd0:amd64.
firmware (debug)	Build toolchain	2026-10-07T23:28:06.6682769Z #6 20.36 Preparing to unpack .../011-libbsd0_0.12.1-1build1.1_amd64.deb ...
firmware (debug)	Build toolchain	2026-10-07T23:28:06.6683422Z #6 20.36 Unpacking libbsd0:amd64 (0.12.1-1build1.1) ...
firmware (debug)	Build toolchain	2026-10-07T23:28:06.6683861Z #6 20.37 Selecting previously unselected package libdbus-1-3:amd64.
firmware (debug)	Build toolchain	2026-10-07T23:28:06.6684375Z #6 20.37 Preparing to unpack .../012-libdbus-1-3_1.14.10-4ubuntu4.1_amd64.deb ...
firmware (debug)	Build toolchain	2026-10-07T23:28:06.6684836Z #6 20.37 Unpacking libdbus-1-3:amd64 (1.14.10-4ubuntu4.1) ...
firmware (debug)	Build toolchain	2026-10-07T23:28:06.6685524Z #6 20.39 Selecting previously unselected package libelf1t64:amd64.
firmware (debug)	Build toolchain	2026-10-07T23:28:06.6686015Z #6 20.39 Preparing to unpack .../013-libelf1t64_0.190-1.1ubuntu0.1_amd64.deb ...
firmware (debug)	Build toolchain	2026-10-07T23:28:06.6686471Z #6 20.39 Unpacking libelf1t64:amd64 (0.190-1.1ubuntu0.1) ...
firmware (debug)	Build toolchain	2026-10-07T23:28:06.6686920Z #6 20.41 Selecting previously unselected package libglib2.0-0t64:amd64.
firmware (debug)	Build toolchain	2026-10-07T23:28:06.6687433Z #6 20.41 Preparing to unpack .../014-libglib2.0-0t64_2.80.0-6ubuntu3.9_amd64.deb ...
firmware (debug)	Build toolchain	2026-10-07T23:28:06.6687913Z #6 20.41 Unpacking libglib2.0-0t64:amd64 (2.80.0-6ubuntu3.9) ...
firmware (debug)	Build toolchain	2026-10-07T23:28:06.6688349Z #6 20.45 Selecting previously unselected package libkrb5support0:amd64.
firmware (debug)	Build toolchain	2026-10-07T23:28:06.8876891Z #6 20.45 Preparing to unpack .../015-libkrb5support0_1.20.1-6ubuntu2.10_amd64.deb ...
firmware (debug)	Build toolchain	2026-10-07T23:28:06.8877913Z #6 20.45 Unpacking libkrb5support0:amd64 (1.20.1-6ubuntu2.10) ...
firmware (debug)	Build toolchain	2026-10-07T23:28:06.8878712Z #6 20.46 Selecting previously unselected package libk5crypto3:amd64.
firmware (debug)	Build toolchain	2026-10-07T23:28:06.8879584Z #6 20.46 Preparing to unpack .../016-libk5crypto3_1.20.1-6ubuntu2.10_amd64.deb ...
firmware (debug)	Build toolchain	2026-10-07T23:28:06.8880230Z #6 20.46 Unpacking libk5crypto3:amd64 (1.20.1-6ubuntu2.10) ...
firmware (debug)	Build toolchain	2026-10-07T23:28:06.8880838Z #6 20.48 Selecting previously unselected package libkeyutils1:amd64.
firmware (debug)	Build toolchain	2026-10-07T23:28:06.8881362Z #6 20.48 Preparing to unpack .../017-libkeyutils1_1.6.3-3build1_amd64.deb ...
firmware (debug)	Build toolchain	2026-10-07T23:28:06.8881820Z #6 20.48 Unpacking libkeyutils1:amd64 (1.6.3-3build1) ...
firmware (debug)	Build toolchain	2026-10-07T23:28:06.8882325Z #6 20.49 Selecting previously unselected package libkrb5-3:amd64.
firmware (debug)	Build toolchain	2026-10-07T23:28:06.8883060Z #6 20.49 Preparing to unpack .../018-libkrb5-3_1.20.1-6ubuntu2.10_amd64.deb ...
firmware (debug)	Build toolchain	2026-10-07T23:28:06.8883832Z #6 20.49 Unpacking libkrb5-3:amd64 (1.20.1-6ubuntu2.10) ...
firmware (debug)	Build toolchain	2026-10-07T23:28:06.8884602Z #6 20.51 Selecting previously unselected package libgssapi-krb5-2:amd64.
firmware (debug)	Build toolchain	2026-10-07T23:28:06.8886234Z #6 20.51 Preparing to unpack .../019-libgssapi-krb5-2_1.20.1-6ubuntu2.10_amd64.deb ...
firmware (debug)	Build toolchain	2026-10-07T23:28:06.8887111Z #6 20.51 Unpacking libgssapi-krb5-2:amd64 (1.20.1-6ubuntu2.10) ...
firmware (debug)	Build toolchain	2026-10-07T23:28:06.8887931Z #6 20.53 Selecting previously unselected package libicu74:amd64.
firmware (debug)	Build toolchain	2026-10-07T23:28:06.8888781Z #6 20.53 Preparing to unpack .../020-libicu74_74.2-1ubuntu3.1_amd64.deb ...
firmware (debug)	Build toolchain	2026-10-07T23:28:06.8893887Z #6 20.53 Unpacking libicu74:amd64 (74.2-1ubuntu3.1) ...
firmware (debug)	Build toolchain	2026-10-07T23:28:06.8894458Z #6 20.67 Selecting previously unselected package libxml2:amd64.
firmware (debug)	Build toolchain	2026-10-07T23:28:06.9951538Z #6 20.67 Preparing to unpack .../021-libxml2_2.9.14+dfsg-1.3ubuntu3.9_amd64.deb ...
firmware (debug)	Build toolchain	2026-10-07T23:28:06.9952711Z #6 20.67 Unpacking libxml2:amd64 (2.9.14+dfsg-1.3ubuntu3.9) ...
firmware (debug)	Build toolchain	2026-10-07T23:28:06.9953381Z #6 20.69 Selecting previously unselected package xkb-data.
firmware (debug)	Build toolchain	2026-10-07T23:28:06.9954062Z #6 20.69 Preparing to unpack .../022-xkb-data_2.41-2ubuntu1.1_all.deb ...
firmware (debug)	Build toolchain	2026-10-07T23:28:06.9954701Z #6 20.69 Unpacking xkb-data (2.41-2ubuntu1.1) ...
firmware (debug)	Build toolchain	2026-10-07T23:28:06.9955503Z #6 20.76 Selecting previously unselected package libdrm-common.
firmware (debug)	Build toolchain	2026-10-07T23:28:06.9956262Z #6 20.76 Preparing to unpack .../023-libdrm-common_2.4.125-1ubuntu0.1~24.04.2_all.deb ...
firmware (debug)	Build toolchain	2026-10-07T23:28:06.9957008Z #6 20.76 Unpacking libdrm-common (2.4.125-1ubuntu0.1~24.04.2) ...
firmware (debug)	Build toolchain	2026-10-07T23:28:06.9957622Z #6 20.77 Selecting previously unselected package libdrm2:amd64.
firmware (debug)	Build toolchain	2026-10-07T23:28:07.1027778Z #6 20.78 Preparing to unpack .../024-libdrm2_2.4.125-1ubuntu0.1~24.04.2_amd64.deb ...
firmware (debug)	Build toolchain	2026-10-07T23:28:07.1029237Z #6 20.78 Unpacking libdrm2:amd64 (2.4.125-1ubuntu0.1~24.04.2) ...
firmware (debug)	Build toolchain	2026-10-07T23:28:07.1029987Z #6 20.79 Selecting previously unselected package libedit2:amd64.
firmware (debug)	Build toolchain	2026-10-07T23:28:07.1030798Z #6 20.79 Preparing to unpack .../025-libedit2_3.1-20230828-1build1_amd64.deb ...
firmware (debug)	Build toolchain	2026-10-07T23:28:07.1031427Z #6 20.79 Unpacking libedit2:amd64 (3.1-20230828-1build1) ...
firmware (debug)	Build toolchain	2026-10-07T23:28:07.1031862Z #6 20.81 Selecting previously unselected package libfuse3-3:amd64.
firmware (debug)	Build toolchain	2026-10-07T23:28:07.1032381Z #6 20.81 Preparing to unpack .../026-libfuse3-3_3.14.0-5build1_amd64.deb ...
firmware (debug)	Build toolchain	2026-10-07T23:28:07.1032821Z #6 20.81 Unpacking libfuse3-3:amd64 (3.14.0-5build1) ...
firmware (debug)	Build toolchain	2026-10-07T23:28:07.1033225Z #6 20.82 Selecting previously unselected package libjansson4:amd64.
firmware (debug)	Build toolchain	2026-10-07T23:28:07.1033685Z #6 20.82 Preparing to unpack .../027-libjansson4_2.14-2build2_amd64.deb ...
firmware (debug)	Build toolchain	2026-10-07T23:28:07.1034111Z #6 20.83 Unpacking libjansson4:amd64 (2.14-2build2) ...
firmware (debug)	Build toolchain	2026-10-07T23:28:07.1034521Z #6 20.84 Selecting previously unselected package libnghttp2-14:amd64.
firmware (debug)	Build toolchain	2026-10-07T23:28:07.1035279Z #6 20.84 Preparing to unpack .../028-libnghttp2-14_1.59.0-1ubuntu0.4_amd64.deb ...
firmware (debug)	Build toolchain	2026-10-07T23:28:07.1035937Z #6 20.84 Unpacking libnghttp2-14:amd64 (1.59.0-1ubuntu0.4) ...
firmware (debug)	Build toolchain	2026-10-07T23:28:07.1036693Z #6 20.85 Selecting previously unselected package libnuma1:amd64.
firmware (debug)	Build toolchain	2026-10-07T23:28:07.1037862Z #6 20.85 Preparing to unpack .../029-libnuma1_2.0.18-1ubuntu0.24.04.1_amd64.deb ...
firmware (debug)	Build toolchain	2026-10-07T23:28:07.1038898Z #6 20.85 Unpacking libnuma1:amd64 (2.0.18-1ubuntu0.24.04.1) ...
firmware (debug)	Build toolchain	2026-10-07T23:28:07.1039527Z #6 20.87 Selecting previously unselected package libpng16-16t64:amd64.
firmware (debug)	Build toolchain	2026-10-07T23:28:07.1040272Z #6 20.87 Preparing to unpack .../030-libpng16-16t64_1.6.43-5ubuntu0.6_amd64.deb ...
firmware (debug)	Build toolchain	2026-10-07T23:28:07.1040770Z #6 20.87 Unpacking libpng16-16t64:amd64 (1.6.43-5ubuntu0.6) ...
firmware (debug)	Build toolchain	2026-10-07T23:28:07.1041411Z #6 20.88 Selecting previously unselected package libpsl5t64:amd64.
firmware (debug)	Build toolchain	2026-10-07T23:28:07.2113964Z #6 20.88 Preparing to unpack .../031-libpsl5t64_0.21.2-1.1build1_amd64.deb ...
firmware (debug)	Build toolchain	2026-10-07T23:28:07.2114593Z #6 20.88 Unpacking libpsl5t64:amd64 (0.21.2-1.1build1) ...
firmware (debug)	Build toolchain	2026-10-07T23:28:07.2115397Z #6 20.89 Selecting previously unselected package libsensors-config.
firmware (debug)	Build toolchain	2026-10-07T23:28:07.2116014Z #6 20.90 Preparing to unpack .../032-libsensors-config_1%3a3.6.0-9build1_all.deb ...
firmware (debug)	Build toolchain	2026-10-07T23:28:07.2116528Z #6 20.90 Unpacking libsensors-config (1:3.6.0-9build1) ...
firmware (debug)	Build toolchain	2026-10-07T23:28:07.2116973Z #6 20.91 Selecting previously unselected package libsensors5:amd64.
firmware (debug)	Build toolchain	2026-10-07T23:28:07.2117495Z #6 20.91 Preparing to unpack .../033-libsensors5_1%3a3.6.0-9build1_amd64.deb ...
firmware (debug)	Build toolchain	2026-10-07T23:28:07.2117982Z #6 20.91 Unpacking libsensors5:amd64 (1:3.6.0-9build1) ...
firmware (debug)	Build toolchain	2026-10-07T23:28:07.2118418Z #6 20.92 Selecting previously unselected package libuv1t64:amd64.
firmware (debug)	Build toolchain	2026-10-07T23:28:07.2118919Z #6 20.93 Preparing to unpack .../034-libuv1t64_1.48.0-1.1build1_amd64.deb ...
firmware (debug)	Build toolchain	2026-10-07T23:28:07.2119661Z #6 20.93 Unpacking libuv1t64:amd64 (1.48.0-1.1build1) ...
firmware (debug)	Build toolchain	2026-10-07T23:28:07.2120086Z #6 20.94 Selecting previously unselected package libxau6:amd64.
firmware (debug)	Build toolchain	2026-10-07T23:28:07.2120581Z #6 20.94 Preparing to unpack .../035-libxau6_1%3a1.0.9-1build6_amd64.deb ...
firmware (debug)	Build toolchain	2026-10-07T23:28:07.2121139Z #6 20.94 Unpacking libxau6:amd64 (1:1.0.9-1build6) ...
firmware (debug)	Build toolchain	2026-10-07T23:28:07.2122731Z #6 20.95 Selecting previously unselected package libxdmcp6:amd64.
firmware (debug)	Build toolchain	2026-10-07T23:28:07.2123668Z #6 20.95 Preparing to unpack .../036-libxdmcp6_1%3a1.1.3-0ubuntu6_amd64.deb ...
firmware (debug)	Build toolchain	2026-10-07T23:28:07.2124430Z #6 20.96 Unpacking libxdmcp6:amd64 (1:1.1.3-0ubuntu6) ...
firmware (debug)	Build toolchain	2026-10-07T23:28:07.2124868Z #6 20.97 Selecting previously unselected package libxcb1:amd64.
firmware (debug)	Build toolchain	2026-10-07T23:28:07.2125867Z #6 20.97 Preparing to unpack .../037-libxcb1_1.15-1ubuntu2_amd64.deb ...
firmware (debug)	Build toolchain	2026-10-07T23:28:07.2126343Z #6 20.98 Unpacking libxcb1:amd64 (1.15-1ubuntu2) ...
firmware (debug)	Build toolchain	2026-10-07T23:28:07.2126963Z #6 20.99 Selecting previously unselected package libx11-data.
firmware (debug)	Build toolchain	2026-10-07T23:28:07.3233651Z #6 20.99 Preparing to unpack .../038-libx11-data_2%3a1.8.7-1build1_all.deb ...
firmware (debug)	Build toolchain	2026-10-07T23:28:07.3234304Z #6 20.99 Unpacking libx11-data (2:1.8.7-1build1) ...
firmware (debug)	Build toolchain	2026-10-07T23:28:07.3234774Z #6 21.04 Selecting previously unselected package libx11-6:amd64.
firmware (debug)	Build toolchain	2026-10-07T23:28:07.3235559Z #6 21.04 Preparing to unpack .../039-libx11-6_2%3a1.8.7-1build1_amd64.deb ...
firmware (debug)	Build toolchain	2026-10-07T23:28:07.3236053Z #6 21.04 Unpacking libx11-6:amd64 (2:1.8.7-1build1) ...
firmware (debug)	Build toolchain	2026-10-07T23:28:07.3236460Z #6 21.06 Selecting previously unselected package libxext6:amd64.
firmware (debug)	Build toolchain	2026-10-07T23:28:07.3236929Z #6 21.06 Preparing to unpack .../040-libxext6_2%3a1.3.4-1build2_amd64.deb ...
firmware (debug)	Build toolchain	2026-10-07T23:28:07.3237368Z #6 21.06 Unpacking libxext6:amd64 (2:1.3.4-1build2) ...
firmware (debug)	Build toolchain	2026-10-07T23:28:07.3237761Z #6 21.07 Selecting previously unselected package libxmuu1:amd64.
firmware (debug)	Build toolchain	2026-10-07T23:28:07.3238220Z #6 21.08 Preparing to unpack .../041-libxmuu1_2%3a1.1.3-3build2_amd64.deb ...
firmware (debug)	Build toolchain	2026-10-07T23:28:07.3238686Z #6 21.08 Unpacking libxmuu1:amd64 (2:1.1.3-3build2) ...
firmware (debug)	Build toolchain	2026-10-07T23:28:07.3239062Z #6 21.09 Selecting previously unselected package xauth.
firmware (debug)	Build toolchain	2026-10-07T23:28:07.3239493Z #6 21.09 Preparing to unpack .../042-xauth_1%3a1.1.2-1build1_amd64.deb ...
firmware (debug)	Build toolchain	2026-10-07T23:28:07.3239903Z #6 21.09 Unpacking xauth (1:1.1.2-1build1) ...
firmware (debug)	Build toolchain	2026-10-07T23:28:07.3240261Z #6 21.10 Selecting previously unselected package xz-utils.
firmware (debug)	Build toolchain	2026-10-07T23:28:07.4376893Z #6 21.10 Preparing to unpack .../043-xz-utils_5.6.1+really5.4.5-1ubuntu0.3_amd64.deb ...
firmware (debug)	Build toolchain	2026-10-07T23:28:07.4378082Z #6 21.10 Unpacking xz-utils (5.6.1+really5.4.5-1ubuntu0.3) ...
firmware (debug)	Build toolchain	2026-10-07T23:28:07.4379022Z #6 21.12 Selecting previously unselected package binutils-common:amd64.
firmware (debug)	Build toolchain	2026-10-07T23:28:07.4379896Z #6 21.13 Preparing to unpack .../044-binutils-common_2.42-4ubuntu2.10_amd64.deb ...
firmware (debug)	Build toolchain	2026-10-07T23:28:07.4380438Z #6 21.13 Unpacking binutils-common:amd64 (2.42-4ubuntu2.10) ...
firmware (debug)	Build toolchain	2026-10-07T23:28:07.4380902Z #6 21.14 Selecting previously unselected package libsframe1:amd64.
firmware (debug)	Build toolchain	2026-10-07T23:28:07.4381425Z #6 21.14 Preparing to unpack .../045-libsframe1_2.42-4ubuntu2.10_amd64.deb ...
firmware (debug)	Build toolchain	2026-10-07T23:28:07.4381896Z #6 21.14 Unpacking libsframe1:amd64 (2.42-4ubuntu2.10) ...
firmware (debug)	Build toolchain	2026-10-07T23:28:07.4382324Z #6 21.16 Selecting previously unselected package libbinutils:amd64.
firmware (debug)	Build toolchain	2026-10-07T23:28:07.4382819Z #6 21.16 Preparing to unpack .../046-libbinutils_2.42-4ubuntu2.10_amd64.deb ...
firmware (debug)	Build toolchain	2026-10-07T23:28:07.4383288Z #6 21.16 Unpacking libbinutils:amd64 (2.42-4ubuntu2.10) ...
firmware (debug)	Build toolchain	2026-10-07T23:28:07.4383729Z #6 21.18 Selecting previously unselected package libctf-nobfd0:amd64.
firmware (debug)	Build toolchain	2026-10-07T23:28:07.4384214Z #6 21.18 Preparing to unpack .../047-libctf-nobfd0_2.42-4ubuntu2.10_amd64.deb ...
firmware (debug)	Build toolchain	2026-10-07T23:28:07.4384657Z #6 21.18 Unpacking libctf-nobfd0:amd64 (2.42-4ubuntu2.10) ...
firmware (debug)	Build toolchain	2026-10-07T23:28:07.4385496Z #6 21.20 Selecting previously unselected package libctf0:amd64.
firmware (debug)	Build toolchain	2026-10-07T23:28:07.4386117Z #6 21.20 Preparing to unpack .../048-libctf0_2.42-4ubuntu2.10_amd64.deb ...
firmware (debug)	Build toolchain	2026-10-07T23:28:07.4387077Z #6 21.20 Unpacking libctf0:amd64 (2.42-4ubuntu2.10) ...
firmware (debug)	Build toolchain	2026-10-07T23:28:07.4388108Z #6 21.22 Selecting previously unselected package libgprofng0:amd64.
firmware (debug)	Build toolchain	2026-10-07T23:28:07.5427001Z #6 21.22 Preparing to unpack .../049-libgprofng0_2.42-4ubuntu2.10_amd64.deb ...
firmware (debug)	Build toolchain	2026-10-07T23:28:07.5427708Z #6 21.22 Unpacking libgprofng0:amd64 (2.42-4ubuntu2.10) ...
firmware (debug)	Build toolchain	2026-10-07T23:28:07.5428230Z #6 21.25 Selecting previously unselected package binutils-x86-64-linux-gnu.
firmware (debug)	Build toolchain	2026-10-07T23:28:07.5428885Z #6 21.25 Preparing to unpack .../050-binutils-x86-64-linux-gnu_2.42-4ubuntu2.10_amd64.deb ...
firmware (debug)	Build toolchain	2026-10-07T23:28:07.5429717Z #6 21.25 Unpacking binutils-x86-64-linux-gnu (2.42-4ubuntu2.10) ...
firmware (debug)	Build toolchain	2026-10-07T23:28:07.5430462Z #6 21.32 Selecting previously unselected package binutils.
firmware (debug)	Build toolchain	2026-10-07T23:28:07.6514684Z #6 21.32 Preparing to unpack .../051-binutils_2.42-4ubuntu2.10_amd64.deb ...
firmware (debug)	Build toolchain	2026-10-07T23:28:07.6515652Z #6 21.32 Unpacking binutils (2.42-4ubuntu2.10) ...
firmware (debug)	Build toolchain	2026-10-07T23:28:07.6516245Z #6 21.34 Selecting previously unselected package bison.
firmware (debug)	Build toolchain	2026-10-07T23:28:07.6517038Z #6 21.34 Preparing to unpack .../052-bison_2%3a3.8.2+dfsg-1ubuntu0.24.04.1_amd64.deb ...
firmware (debug)	Build toolchain	2026-10-07T23:28:07.6518081Z #6 21.34 Unpacking bison (2:3.8.2+dfsg-1ubuntu0.24.04.1) ...
firmware (debug)	Build toolchain	2026-10-07T23:28:07.6518747Z #6 21.37 Selecting previously unselected package libhiredis1.1.0:amd64.
firmware (debug)	Build toolchain	2026-10-07T23:28:07.6519510Z #6 21.37 Preparing to unpack .../053-libhiredis1.1.0_1.2.0-6ubuntu3_amd64.deb ...
firmware (debug)	Build toolchain	2026-10-07T23:28:07.6520214Z #6 21.37 Unpacking libhiredis1.1.0:amd64 (1.2.0-6ubuntu3) ...
firmware (debug)	Build toolchain	2026-10-07T23:28:07.6520792Z #6 21.39 Selecting previously unselected package ccache.
firmware (debug)	Build toolchain	2026-10-07T23:28:07.6521382Z #6 21.39 Preparing to unpack .../054-ccache_4.9.1-1_amd64.deb ...
firmware (debug)	Build toolchain	2026-10-07T23:28:07.6521935Z #6 21.39 Unpacking ccache (4.9.1-1) ...
firmware (debug)	Build toolchain	2026-10-07T23:28:07.6522490Z #6 21.41 Selecting previously unselected package libarchive13t64:amd64.
firmware (debug)	Build toolchain	2026-10-07T23:28:07.6523252Z #6 21.41 Preparing to unpack .../055-libarchive13t64_3.7.2-2ubuntu0.8_amd64.deb ...
firmware (debug)	Build toolchain	2026-10-07T23:28:07.6523980Z #6 21.41 Unpacking libarchive13t64:amd64 (3.7.2-2ubuntu0.8) ...
firmware (debug)	Build toolchain	2026-10-07T23:28:07.6524625Z #6 21.43 Selecting previously unselected package libbrotli1:amd64.
firmware (debug)	Build toolchain	2026-10-07T23:28:07.7660762Z #6 21.43 Preparing to unpack .../056-libbrotli1_1.1.0-2build2_amd64.deb ...
firmware (debug)	Build toolchain	2026-10-07T23:28:07.7661549Z #6 21.43 Unpacking libbrotli1:amd64 (1.1.0-2build2) ...
firmware (debug)	Build toolchain	2026-10-07T23:28:07.7662027Z #6 21.45 Selecting previously unselected package libsasl2-modules-db:amd64.
firmware (debug)	Build toolchain	2026-10-07T23:28:07.7662601Z #6 21.45 Preparing to unpack .../057-libsasl2-modules-db_2.1.28+dfsg1-5ubuntu3.1_amd64.deb ...
firmware (debug)	Build toolchain	2026-10-07T23:28:07.7663146Z #6 21.45 Unpacking libsasl2-modules-db:amd64 (2.1.28+dfsg1-5ubuntu3.1) ...
firmware (debug)	Build toolchain	2026-10-07T23:28:07.7663605Z #6 21.46 Selecting previously unselected package libsasl2-2:amd64.
firmware (debug)	Build toolchain	2026-10-07T23:28:07.7664076Z #6 21.46 Preparing to unpack .../058-libsasl2-2_2.1.28+dfsg1-5ubuntu3.1_amd64.deb ...
firmware (debug)	Build toolchain	2026-10-07T23:28:07.7664544Z #6 21.46 Unpacking libsasl2-2:amd64 (2.1.28+dfsg1-5ubuntu3.1) ...
firmware (debug)	Build toolchain	2026-10-07T23:28:07.7665202Z #6 21.48 Selecting previously unselected package libldap2:amd64.
firmware (debug)	Build toolchain	2026-10-07T23:28:07.7665754Z #6 21.48 Preparing to unpack .../059-libldap2_2.6.10+dfsg-0ubuntu0.24.04.1_amd64.deb ...
firmware (debug)	Build toolchain	2026-10-07T23:28:07.7666244Z #6 21.48 Unpacking libldap2:amd64 (2.6.10+dfsg-0ubuntu0.24.04.1) ...
firmware (debug)	Build toolchain	2026-10-07T23:28:07.7666669Z #6 21.49 Selecting previously unselected package librtmp1:amd64.
firmware (debug)	Build toolchain	2026-10-07T23:28:07.7667160Z #6 21.49 Preparing to unpack .../060-librtmp1_2.4+20151223.gitfa8646d.1-2build7_amd64.deb ...
firmware (debug)	Build toolchain	2026-10-07T23:28:07.7667786Z #6 21.49 Unpacking librtmp1:amd64 (2.4+20151223.gitfa8646d.1-2build7) ...
firmware (debug)	Build toolchain	2026-10-07T23:28:07.7668847Z #6 21.51 Selecting previously unselected package libssh-4:amd64.
firmware (debug)	Build toolchain	2026-10-07T23:28:07.7669844Z #6 21.51 Preparing to unpack .../061-libssh-4_0.10.6-2ubuntu0.5_amd64.deb ...
firmware (debug)	Build toolchain	2026-10-07T23:28:07.7670617Z #6 21.51 Unpacking libssh-4:amd64 (0.10.6-2ubuntu0.5) ...
firmware (debug)	Build toolchain	2026-10-07T23:28:07.7671251Z #6 21.53 Selecting previously unselected package libcurl4t64:amd64.
firmware (debug)	Build toolchain	2026-10-07T23:28:07.7671738Z #6 21.53 Preparing to unpack .../062-libcurl4t64_8.5.0-2ubuntu10.15_amd64.deb ...
firmware (debug)	Build toolchain	2026-10-07T23:28:07.7672566Z #6 21.53 Unpacking libcurl4t64:amd64 (8.5.0-2ubuntu10.15) ...
firmware (debug)	Build toolchain	2026-10-07T23:28:07.7673096Z #6 21.54 Selecting previously unselected package libjsoncpp25:amd64.
firmware (debug)	Build toolchain	2026-10-07T23:28:07.9527911Z #6 21.55 Preparing to unpack .../063-libjsoncpp25_1.9.5-6build1_amd64.deb ...
firmware (debug)	Build toolchain	2026-10-07T23:28:07.9528786Z #6 21.55 Unpacking libjsoncpp25:amd64 (1.9.5-6build1) ...
firmware (debug)	Build toolchain	2026-10-07T23:28:07.9529305Z #6 21.56 Selecting previously unselected package librhash0:amd64.
firmware (debug)	Build toolchain	2026-10-07T23:28:07.9529854Z #6 21.56 Preparing to unpack .../064-librhash0_1.4.3-3build1_amd64.deb ...
firmware (debug)	Build toolchain	2026-10-07T23:28:07.9530344Z #6 21.56 Unpacking librhash0:amd64 (1.4.3-3build1) ...
firmware (debug)	Build toolchain	2026-10-07T23:28:07.9530936Z #6 21.57 Selecting previously unselected package cmake-data.
firmware (debug)	Build toolchain	2026-10-07T23:28:07.9531449Z #6 21.58 Preparing to unpack .../065-cmake-data_3.28.3-1build7_all.deb ...
firmware (debug)	Build toolchain	2026-10-07T23:28:07.9531916Z #6 21.58 Unpacking cmake-data (3.28.3-1build7) ...
firmware (debug)	Build toolchain	2026-10-07T23:28:08.3346572Z #6 22.11 Selecting previously unselected package cmake.
firmware (debug)	Build toolchain	2026-10-07T23:28:08.4875917Z #6 22.11 Preparing to unpack .../066-cmake_3.28.3-1build7_amd64.deb ...
firmware (debug)	Build toolchain	2026-10-07T23:28:08.4876623Z #6 22.11 Unpacking cmake (3.28.3-1build7) ...
firmware (debug)	Build toolchain	2026-10-07T23:28:08.5017225Z #6 22.28 Selecting previously unselected package gcc-13-base:amd64.
firmware (debug)	Build toolchain	2026-10-07T23:28:08.7109102Z #6 22.28 Preparing to unpack .../067-gcc-13-base_13.3.0-6ubuntu2~24.04.1_amd64.deb ...
firmware (debug)	Build toolchain	2026-10-07T23:28:08.7116104Z #6 22.28 Unpacking gcc-13-base:amd64 (13.3.0-6ubuntu2~24.04.1) ...
firmware (debug)	Build toolchain	2026-10-07T23:28:08.7116857Z #6 22.30 Selecting previously unselected package libisl23:amd64.
firmware (debug)	Build toolchain	2026-10-07T23:28:08.7117340Z #6 22.30 Preparing to unpack .../068-libisl23_0.26-3build1.1_amd64.deb ...
firmware (debug)	Build toolchain	2026-10-07T23:28:08.7117752Z #6 22.30 Unpacking libisl23:amd64 (0.26-3build1.1) ...
firmware (debug)	Build toolchain	2026-10-07T23:28:08.7118122Z #6 22.33 Selecting previously unselected package libmpfr6:amd64.
firmware (debug)	Build toolchain	2026-10-07T23:28:08.7118561Z #6 22.33 Preparing to unpack .../069-libmpfr6_4.2.1-1build1.1_amd64.deb ...
firmware (debug)	Build toolchain	2026-10-07T23:28:08.7119002Z #6 22.33 Unpacking libmpfr6:amd64 (4.2.1-1build1.1) ...
firmware (debug)	Build toolchain	2026-10-07T23:28:08.7119377Z #6 22.34 Selecting previously unselected package libmpc3:amd64.
firmware (debug)	Build toolchain	2026-10-07T23:28:08.7119793Z #6 22.35 Preparing to unpack .../070-libmpc3_1.3.1-1build1.1_amd64.deb ...
firmware (debug)	Build toolchain	2026-10-07T23:28:08.7120179Z #6 22.35 Unpacking libmpc3:amd64 (1.3.1-1build1.1) ...
firmware (debug)	Build toolchain	2026-10-07T23:28:08.7120569Z #6 22.36 Selecting previously unselected package cpp-13-x86-64-linux-gnu.
firmware (debug)	Build toolchain	2026-10-07T23:28:08.7121117Z #6 22.36 Preparing to unpack .../071-cpp-13-x86-64-linux-gnu_13.3.0-6ubuntu2~24.04.1_amd64.deb ...
firmware (debug)	Build toolchain	2026-10-07T23:28:08.7121678Z #6 22.36 Unpacking cpp-13-x86-64-linux-gnu (13.3.0-6ubuntu2~24.04.1) ...
firmware (debug)	Build toolchain	2026-10-07T23:28:08.7122121Z #6 22.49 Selecting previously unselected package cpp-13.
firmware (debug)	Build toolchain	2026-10-07T23:28:08.8121483Z #6 22.49 Preparing to unpack .../072-cpp-13_13.3.0-6ubuntu2~24.04.1_amd64.deb ...
firmware (debug)	Build toolchain	2026-10-07T23:28:08.8122381Z #6 22.49 Unpacking cpp-13 (13.3.0-6ubuntu2~24.04.1) ...
firmware (debug)	Build toolchain	2026-10-07T23:28:08.8123048Z #6 22.50 Selecting previously unselected package cpp-x86-64-linux-gnu.
firmware (debug)	Build toolchain	2026-10-07T23:28:08.8123677Z #6 22.51 Preparing to unpack .../073-cpp-x86-64-linux-gnu_4%3a13.2.0-7ubuntu1_amd64.deb ...
firmware (debug)	Build toolchain	2026-10-07T23:28:08.8124197Z #6 22.51 Unpacking cpp-x86-64-linux-gnu (4:13.2.0-7ubuntu1) ...
firmware (debug)	Build toolchain	2026-10-07T23:28:08.8124588Z #6 22.52 Selecting previously unselected package cpp.
firmware (debug)	Build toolchain	2026-10-07T23:28:08.8125396Z #6 22.52 Preparing to unpack .../074-cpp_4%3a13.2.0-7ubuntu1_amd64.deb ...
firmware (debug)	Build toolchain	2026-10-07T23:28:08.8125857Z #6 22.53 Unpacking cpp (4:13.2.0-7ubuntu1) ...
firmware (debug)	Build toolchain	2026-10-07T23:28:08.8126191Z #6 22.54 Selecting previously unselected package curl.
firmware (debug)	Build toolchain	2026-10-07T23:28:08.8126597Z #6 22.54 Preparing to unpack .../075-curl_8.5.0-2ubuntu10.15_amd64.deb ...
firmware (debug)	Build toolchain	2026-10-07T23:28:08.8126981Z #6 22.54 Unpacking curl (8.5.0-2ubuntu10.15) ...
firmware (debug)	Build toolchain	2026-10-07T23:28:08.8127346Z #6 22.56 Selecting previously unselected package libcc1-0:amd64.
firmware (debug)	Build toolchain	2026-10-07T23:28:08.8127806Z #6 22.56 Preparing to unpack .../076-libcc1-0_14.2.0-4ubuntu2~24.04.1_amd64.deb ...
firmware (debug)	Build toolchain	2026-10-07T23:28:08.8128568Z #6 22.56 Unpacking libcc1-0:amd64 (14.2.0-4ubuntu2~24.04.1) ...
firmware (debug)	Build toolchain	2026-10-07T23:28:08.8128999Z #6 22.57 Selecting previously unselected package libgomp1:amd64.
firmware (debug)	Build toolchain	2026-10-07T23:28:08.8129452Z #6 22.57 Preparing to unpack .../077-libgomp1_14.2.0-4ubuntu2~24.04.1_amd64.deb ...
firmware (debug)	Build toolchain	2026-10-07T23:28:08.8129901Z #6 22.58 Unpacking libgomp1:amd64 (14.2.0-4ubuntu2~24.04.1) ...
firmware (debug)	Build toolchain	2026-10-07T23:28:08.8130287Z #6 22.59 Selecting previously unselected package libitm1:amd64.
firmware (debug)	Build toolchain	2026-10-07T23:28:08.9291782Z #6 22.59 Preparing to unpack .../078-libitm1_14.2.0-4ubuntu2~24.04.1_amd64.deb ...
firmware (debug)	Build toolchain	2026-10-07T23:28:08.9292851Z #6 22.59 Unpacking libitm1:amd64 (14.2.0-4ubuntu2~24.04.1) ...
firmware (debug)	Build toolchain	2026-10-07T23:28:08.9293727Z #6 22.61 Selecting previously unselected package libatomic1:amd64.
firmware (debug)	Build toolchain	2026-10-07T23:28:08.9294515Z #6 22.61 Preparing to unpack .../079-libatomic1_14.2.0-4ubuntu2~24.04.1_amd64.deb ...
firmware (debug)	Build toolchain	2026-10-07T23:28:08.9295346Z #6 22.61 Unpacking libatomic1:amd64 (14.2.0-4ubuntu2~24.04.1) ...
firmware (debug)	Build toolchain	2026-10-07T23:28:08.9295834Z #6 22.62 Selecting previously unselected package libasan8:amd64.
firmware (debug)	Build toolchain	2026-10-07T23:28:08.9296631Z #6 22.62 Preparing to unpack .../080-libasan8_14.2.0-4ubuntu2~24.04.1_amd64.deb ...
firmware (debug)	Build toolchain	2026-10-07T23:28:08.9297106Z #6 22.62 Unpacking libasan8:amd64 (14.2.0-4ubuntu2~24.04.1) ...
firmware (debug)	Build toolchain	2026-10-07T23:28:08.9297524Z #6 22.68 Selecting previously unselected package liblsan0:amd64.
firmware (debug)	Build toolchain	2026-10-07T23:28:08.9297993Z #6 22.68 Preparing to unpack .../081-liblsan0_14.2.0-4ubuntu2~24.04.1_amd64.deb ...
firmware (debug)	Build toolchain	2026-10-07T23:28:08.9298457Z #6 22.68 Unpacking liblsan0:amd64 (14.2.0-4ubuntu2~24.04.1) ...
firmware (debug)	Build toolchain	2026-10-07T23:28:08.9298875Z #6 22.71 Selecting previously unselected package libtsan2:amd64.
firmware (debug)	Build toolchain	2026-10-07T23:28:09.0292478Z #6 22.71 Preparing to unpack .../082-libtsan2_14.2.0-4ubuntu2~24.04.1_amd64.deb ...
firmware (debug)	Build toolchain	2026-10-07T23:28:09.0293383Z #6 22.71 Unpacking libtsan2:amd64 (14.2.0-4ubuntu2~24.04.1) ...
firmware (debug)	Build toolchain	2026-10-07T23:28:09.0294054Z #6 22.75 Selecting previously unselected package libubsan1:amd64.
firmware (debug)	Build toolchain	2026-10-07T23:28:09.0294807Z #6 22.76 Preparing to unpack .../083-libubsan1_14.2.0-4ubuntu2~24.04.1_amd64.deb ...
firmware (debug)	Build toolchain	2026-10-07T23:28:09.0296059Z #6 22.76 Unpacking libubsan1:amd64 (14.2.0-4ubuntu2~24.04.1) ...
firmware (debug)	Build toolchain	2026-10-07T23:28:09.0296704Z #6 22.81 Selecting previously unselected package libhwasan0:amd64.
firmware (debug)	Build toolchain	2026-10-07T23:28:09.1650867Z #6 22.81 Preparing to unpack .../084-libhwasan0_14.2.0-4ubuntu2~24.04.1_amd64.deb ...
firmware (debug)	Build toolchain	2026-10-07T23:28:09.1651808Z #6 22.81 Unpacking libhwasan0:amd64 (14.2.0-4ubuntu2~24.04.1) ...
firmware (debug)	Build toolchain	2026-10-07T23:28:09.1652761Z #6 22.84 Selecting previously unselected package libquadmath0:amd64.
firmware (debug)	Build toolchain	2026-10-07T23:28:09.1653687Z #6 22.84 Preparing to unpack .../085-libquadmath0_14.2.0-4ubuntu2~24.04.1_amd64.deb ...
firmware (debug)	Build toolchain	2026-10-07T23:28:09.1654639Z #6 22.85 Unpacking libquadmath0:amd64 (14.2.0-4ubuntu2~24.04.1) ...
firmware (debug)	Build toolchain	2026-10-07T23:28:09.1655688Z #6 22.86 Selecting previously unselected package libgcc-13-dev:amd64.
firmware (debug)	Build toolchain	2026-10-07T23:28:09.1656577Z #6 22.86 Preparing to unpack .../086-libgcc-13-dev_13.3.0-6ubuntu2~24.04.1_amd64.deb ...
firmware (debug)	Build toolchain	2026-10-07T23:28:09.1657448Z #6 22.86 Unpacking libgcc-13-dev:amd64 (13.3.0-6ubuntu2~24.04.1) ...
firmware (debug)	Build toolchain	2026-10-07T23:28:09.1658320Z #6 22.94 Selecting previously unselected package gcc-13-x86-64-linux-gnu.
firmware (debug)	Build toolchain	2026-10-07T23:28:09.3185480Z #6 22.95 Preparing to unpack .../087-gcc-13-x86-64-linux-gnu_13.3.0-6ubuntu2~24.04.1_amd64.deb ...
firmware (debug)	Build toolchain	2026-10-07T23:28:09.3186587Z #6 22.95 Unpacking gcc-13-x86-64-linux-gnu (13.3.0-6ubuntu2~24.04.1) ...
firmware (debug)	Build toolchain	2026-10-07T23:28:09.4069960Z #6 23.19 Selecting previously unselected package gcc-13.
firmware (debug)	Build toolchain	2026-10-07T23:28:09.6270761Z #6 23.19 Preparing to unpack .../088-gcc-13_13.3.0-6ubuntu2~24.04.1_amd64.deb ...
firmware (debug)	Build toolchain	2026-10-07T23:28:09.6271624Z #6 23.19 Unpacking gcc-13 (13.3.0-6ubuntu2~24.04.1) ...
firmware (debug)	Build toolchain	2026-10-07T23:28:09.6272348Z #6 23.21 Selecting previously unselected package gcc-x86-64-linux-gnu.
firmware (debug)	Build toolchain	2026-10-07T23:28:09.6273260Z #6 23.21 Preparing to unpack .../089-gcc-x86-64-linux-gnu_4%3a13.2.0-7ubuntu1_amd64.deb ...
firmware (debug)	Build toolchain	2026-10-07T23:28:09.6274133Z #6 23.21 Unpacking gcc-x86-64-linux-gnu (4:13.2.0-7ubuntu1) ...
firmware (debug)	Build toolchain	2026-10-07T23:28:09.6274814Z #6 23.22 Selecting previously unselected package gcc.
firmware (debug)	Build toolchain	2026-10-07T23:28:09.6276089Z #6 23.22 Preparing to unpack .../090-gcc_4%3a13.2.0-7ubuntu1_amd64.deb ...
firmware (debug)	Build toolchain	2026-10-07T23:28:09.6276772Z #6 23.22 Unpacking gcc (4:13.2.0-7ubuntu1) ...
firmware (debug)	Build toolchain	2026-10-07T23:28:09.6277376Z #6 23.24 Selecting previously unselected package libc-dev-bin.
firmware (debug)	Build toolchain	2026-10-07T23:28:09.6278154Z #6 23.24 Preparing to unpack .../091-libc-dev-bin_2.39-0ubuntu8.9_amd64.deb ...
firmware (debug)	Build toolchain	2026-10-07T23:28:09.6278879Z #6 23.24 Unpacking libc-dev-bin (2.39-0ubuntu8.9) ...
firmware (debug)	Build toolchain	2026-10-07T23:28:09.6279569Z #6 23.25 Selecting previously unselected package linux-libc-dev:amd64.
firmware (debug)	Build toolchain	2026-10-07T23:28:09.6280386Z #6 23.25 Preparing to unpack .../092-linux-libc-dev_6.8.0-146.146_amd64.deb ...
firmware (debug)	Build toolchain	2026-10-07T23:28:09.6281128Z #6 23.25 Unpacking linux-libc-dev:amd64 (6.8.0-146.146) ...
firmware (debug)	Build toolchain	2026-10-07T23:28:09.6603464Z #6 23.44 Selecting previously unselected package libcrypt-dev:amd64.
firmware (debug)	Build toolchain	2026-10-07T23:28:09.8257504Z #6 23.44 Preparing to unpack .../093-libcrypt-dev_1%3a4.4.36-4build1_amd64.deb ...
firmware (debug)	Build toolchain	2026-10-07T23:28:09.8258401Z #6 23.45 Unpacking libcrypt-dev:amd64 (1:4.4.36-4build1) ...
firmware (debug)	Build toolchain	2026-10-07T23:28:09.8259355Z #6 23.46 Selecting previously unselected package rpcsvc-proto.
firmware (debug)	Build toolchain	2026-10-07T23:28:09.8260110Z #6 23.46 Preparing to unpack .../094-rpcsvc-proto_1.4.2-0ubuntu7_amd64.deb ...
firmware (debug)	Build toolchain	2026-10-07T23:28:09.8260785Z #6 23.46 Unpacking rpcsvc-proto (1.4.2-0ubuntu7) ...
firmware (debug)	Build toolchain	2026-10-07T23:28:09.8261379Z #6 23.48 Selecting previously unselected package libc6-dev:amd64.
firmware (debug)	Build toolchain	2026-10-07T23:28:09.8262077Z #6 23.48 Preparing to unpack .../095-libc6-dev_2.39-0ubuntu8.9_amd64.deb ...
firmware (debug)	Build toolchain	2026-10-07T23:28:09.8262709Z #6 23.48 Unpacking libc6-dev:amd64 (2.39-0ubuntu8.9) ...
firmware (debug)	Build toolchain	2026-10-07T23:28:09.8263338Z #6 23.60 Selecting previously unselected package libstdc++-13-dev:amd64.
firmware (debug)	Build toolchain	2026-10-07T23:28:09.9817864Z #6 23.61 Preparing to unpack .../096-libstdc++-13-dev_13.3.0-6ubuntu2~24.04.1_amd64.deb ...
firmware (debug)	Build toolchain	2026-10-07T23:28:09.9818849Z #6 23.61 Unpacking libstdc++-13-dev:amd64 (13.3.0-6ubuntu2~24.04.1) ...
firmware (debug)	Build toolchain	2026-10-07T23:28:10.0177450Z #6 23.80 Selecting previously unselected package g++-13-x86-64-linux-gnu.
firmware (debug)	Build toolchain	2026-10-07T23:28:10.1619659Z #6 23.80 Preparing to unpack .../097-g++-13-x86-64-linux-gnu_13.3.0-6ubuntu2~24.04.1_amd64.deb ...
firmware (debug)	Build toolchain	2026-10-07T23:28:10.1620473Z #6 23.80 Unpacking g++-13-x86-64-linux-gnu (13.3.0-6ubuntu2~24.04.1) ...
firmware (debug)	Build toolchain	2026-10-07T23:28:10.1620931Z #6 23.94 Selecting previously unselected package g++-13.
firmware (debug)	Build toolchain	2026-10-07T23:28:10.3159174Z #6 23.94 Preparing to unpack .../098-g++-13_13.3.0-6ubuntu2~24.04.1_amd64.deb ...
firmware (debug)	Build toolchain	2026-10-07T23:28:10.3159811Z #6 23.94 Unpacking g++-13 (13.3.0-6ubuntu2~24.04.1) ...
firmware (debug)	Build toolchain	2026-10-07T23:28:10.3160309Z #6 23.96 Selecting previously unselected package g++-x86-64-linux-gnu.
firmware (debug)	Build toolchain	2026-10-07T23:28:10.3160938Z #6 23.96 Preparing to unpack .../099-g++-x86-64-linux-gnu_4%3a13.2.0-7ubuntu1_amd64.deb ...
firmware (debug)	Build toolchain	2026-10-07T23:28:10.3161510Z #6 23.96 Unpacking g++-x86-64-linux-gnu (4:13.2.0-7ubuntu1) ...
firmware (debug)	Build toolchain	2026-10-07T23:28:10.3161956Z #6 23.97 Selecting previously unselected package g++.
firmware (debug)	Build toolchain	2026-10-07T23:28:10.3162433Z #6 23.98 Preparing to unpack .../100-g++_4%3a13.2.0-7ubuntu1_amd64.deb ...
firmware (debug)	Build toolchain	2026-10-07T23:28:10.3162911Z #6 23.98 Unpacking g++ (4:13.2.0-7ubuntu1) ...
firmware (debug)	Build toolchain	2026-10-07T23:28:10.3163324Z #6 23.99 Selecting previously unselected package libc6-i386.
firmware (debug)	Build toolchain	2026-10-07T23:28:10.3163836Z #6 23.99 Preparing to unpack .../101-libc6-i386_2.39-0ubuntu8.9_amd64.deb ...
firmware (debug)	Build toolchain	2026-10-07T23:28:10.3164317Z #6 24.00 Unpacking libc6-i386 (2.39-0ubuntu8.9) ...
firmware (debug)	Build toolchain	2026-10-07T23:28:10.3164782Z #6 24.09 Selecting previously unselected package libc6-dev-i386.
firmware (debug)	Build toolchain	2026-10-07T23:28:10.4708892Z #6 24.10 Preparing to unpack .../102-libc6-dev-i386_2.39-0ubuntu8.9_amd64.deb ...
firmware (debug)	Build toolchain	2026-10-07T23:28:10.4709666Z #6 24.10 Unpacking libc6-dev-i386 (2.39-0ubuntu8.9) ...
firmware (debug)	Build toolchain	2026-10-07T23:28:10.4710119Z #6 24.15 Selecting previously unselected package libc6-x32.
firmware (debug)	Build toolchain	2026-10-07T23:28:10.4710609Z #6 24.16 Preparing to unpack .../103-libc6-x32_2.39-0ubuntu8.9_amd64.deb ...
firmware (debug)	Build toolchain	2026-10-07T23:28:10.4711064Z #6 24.16 Unpacking libc6-x32 (2.39-0ubuntu8.9) ...
firmware (debug)	Build toolchain	2026-10-07T23:28:10.4711470Z #6 24.25 Selecting previously unselected package libc6-dev-x32.
firmware (debug)	Build toolchain	2026-10-07T23:28:10.5770767Z #6 24.25 Preparing to unpack .../104-libc6-dev-x32_2.39-0ubuntu8.9_amd64.deb ...
firmware (debug)	Build toolchain	2026-10-07T23:28:10.5772006Z #6 24.25 Unpacking libc6-dev-x32 (2.39-0ubuntu8.9) ...
firmware (debug)	Build toolchain	2026-10-07T23:28:10.5772731Z #6 24.29 Selecting previously unselected package lib32gcc-s1.
firmware (debug)	Build toolchain	2026-10-07T23:28:10.5773618Z #6 24.29 Preparing to unpack .../105-lib32gcc-s1_14.2.0-4ubuntu2~24.04.1_amd64.deb ...
firmware (debug)	Build toolchain	2026-10-07T23:28:10.5774503Z #6 24.29 Unpacking lib32gcc-s1 (14.2.0-4ubuntu2~24.04.1) ...
firmware (debug)	Build toolchain	2026-10-07T23:28:10.5775401Z #6 24.31 Selecting previously unselected package libx32gcc-s1.
firmware (debug)	Build toolchain	2026-10-07T23:28:10.5776266Z #6 24.31 Preparing to unpack .../106-libx32gcc-s1_14.2.0-4ubuntu2~24.04.1_amd64.deb ...
firmware (debug)	Build toolchain	2026-10-07T23:28:10.5776864Z #6 24.31 Unpacking libx32gcc-s1 (14.2.0-4ubuntu2~24.04.1) ...
firmware (debug)	Build toolchain	2026-10-07T23:28:10.5777339Z #6 24.32 Selecting previously unselected package lib32gomp1.
firmware (debug)	Build toolchain	2026-10-07T23:28:10.5777890Z #6 24.33 Preparing to unpack .../107-lib32gomp1_14.2.0-4ubuntu2~24.04.1_amd64.deb ...
firmware (debug)	Build toolchain	2026-10-07T23:28:10.5778464Z #6 24.33 Unpacking lib32gomp1 (14.2.0-4ubuntu2~24.04.1) ...
firmware (debug)	Build toolchain	2026-10-07T23:28:10.5779204Z #6 24.34 Selecting previously unselected package libx32gomp1.
firmware (debug)	Build toolchain	2026-10-07T23:28:10.5779785Z #6 24.34 Preparing to unpack .../108-libx32gomp1_14.2.0-4ubuntu2~24.04.1_amd64.deb ...
firmware (debug)	Build toolchain	2026-10-07T23:28:10.5780348Z #6 24.34 Unpacking libx32gomp1 (14.2.0-4ubuntu2~24.04.1) ...
firmware (debug)	Build toolchain	2026-10-07T23:28:10.5780808Z #6 24.36 Selecting previously unselected package lib32itm1.
firmware (debug)	Build toolchain	2026-10-07T23:28:10.6869988Z #6 24.36 Preparing to unpack .../109-lib32itm1_14.2.0-4ubuntu2~24.04.1_amd64.deb ...
firmware (debug)	Build toolchain	2026-10-07T23:28:10.6871187Z #6 24.36 Unpacking lib32itm1 (14.2.0-4ubuntu2~24.04.1) ...
firmware (debug)	Build toolchain	2026-10-07T23:28:10.6872088Z #6 24.37 Selecting previously unselected package libx32itm1.
firmware (debug)	Build toolchain	2026-10-07T23:28:10.6873068Z #6 24.37 Preparing to unpack .../110-libx32itm1_14.2.0-4ubuntu2~24.04.1_amd64.deb ...
firmware (debug)	Build toolchain	2026-10-07T23:28:10.6873965Z #6 24.37 Unpacking libx32itm1 (14.2.0-4ubuntu2~24.04.1) ...
firmware (debug)	Build toolchain	2026-10-07T23:28:10.6875107Z #6 24.39 Selecting previously unselected package lib32atomic1.
firmware (debug)	Build toolchain	2026-10-07T23:28:10.6875995Z #6 24.39 Preparing to unpack .../111-lib32atomic1_14.2.0-4ubuntu2~24.04.1_amd64.deb ...
firmware (debug)	Build toolchain	2026-10-07T23:28:10.6876705Z #6 24.39 Unpacking lib32atomic1 (14.2.0-4ubuntu2~24.04.1) ...
firmware (debug)	Build toolchain	2026-10-07T23:28:10.6877309Z #6 24.40 Selecting previously unselected package libx32atomic1.
firmware (debug)	Build toolchain	2026-10-07T23:28:10.6878030Z #6 24.40 Preparing to unpack .../112-libx32atomic1_14.2.0-4ubuntu2~24.04.1_amd64.deb ...
firmware (debug)	Build toolchain	2026-10-07T23:28:10.6878707Z #6 24.40 Unpacking libx32atomic1 (14.2.0-4ubuntu2~24.04.1) ...
firmware (debug)	Build toolchain	2026-10-07T23:28:10.6879258Z #6 24.42 Selecting previously unselected package lib32asan8.
firmware (debug)	Build toolchain	2026-10-07T23:28:10.6879905Z #6 24.42 Preparing to unpack .../113-lib32asan8_14.2.0-4ubuntu2~24.04.1_amd64.deb ...
firmware (debug)	Build toolchain	2026-10-07T23:28:10.6880541Z #6 24.42 Unpacking lib32asan8 (14.2.0-4ubuntu2~24.04.1) ...
firmware (debug)	Build toolchain	2026-10-07T23:28:10.6881073Z #6 24.47 Selecting previously unselected package libx32asan8.
firmware (debug)	Build toolchain	2026-10-07T23:28:10.7944210Z #6 24.47 Preparing to unpack .../114-libx32asan8_14.2.0-4ubuntu2~24.04.1_amd64.deb ...
firmware (debug)	Build toolchain	2026-10-07T23:28:10.7945653Z #6 24.47 Unpacking libx32asan8 (14.2.0-4ubuntu2~24.04.1) ...
firmware (debug)	Build toolchain	2026-10-07T23:28:10.7946571Z #6 24.52 Selecting previously unselected package lib32stdc++6.
firmware (debug)	Build toolchain	2026-10-07T23:28:10.7947441Z #6 24.52 Preparing to unpack .../115-lib32stdc++6_14.2.0-4ubuntu2~24.04.1_amd64.deb ...
firmware (debug)	Build toolchain	2026-10-07T23:28:10.7948060Z #6 24.52 Unpacking lib32stdc++6 (14.2.0-4ubuntu2~24.04.1) ...
firmware (debug)	Build toolchain	2026-10-07T23:28:10.7948511Z #6 24.54 Selecting previously unselected package lib32ubsan1.
firmware (debug)	Build toolchain	2026-10-07T23:28:10.7949057Z #6 24.55 Preparing to unpack .../116-lib32ubsan1_14.2.0-4ubuntu2~24.04.1_amd64.deb ...
firmware (debug)	Build toolchain	2026-10-07T23:28:10.7949633Z #6 24.55 Unpacking lib32ubsan1 (14.2.0-4ubuntu2~24.04.1) ...
firmware (debug)	Build toolchain	2026-10-07T23:28:10.7950101Z #6 24.57 Selecting previously unselected package libx32stdc++6.
firmware (debug)	Build toolchain	2026-10-07T23:28:10.9199421Z #6 24.57 Preparing to unpack .../117-libx32stdc++6_14.2.0-4ubuntu2~24.04.1_amd64.deb ...
firmware (debug)	Build toolchain	2026-10-07T23:28:10.9200619Z #6 24.58 Unpacking libx32stdc++6 (14.2.0-4ubuntu2~24.04.1) ...
firmware (debug)	Build toolchain	2026-10-07T23:28:10.9201967Z #6 24.60 Selecting previously unselected package libx32ubsan1.
firmware (debug)	Build toolchain	2026-10-07T23:28:10.9202940Z #6 24.60 Preparing to unpack .../118-libx32ubsan1_14.2.0-4ubuntu2~24.04.1_amd64.deb ...
firmware (debug)	Build toolchain	2026-10-07T23:28:10.9203872Z #6 24.60 Unpacking libx32ubsan1 (14.2.0-4ubuntu2~24.04.1) ...
firmware (debug)	Build toolchain	2026-10-07T23:28:10.9204771Z #6 24.62 Selecting previously unselected package lib32quadmath0.
firmware (debug)	Build toolchain	2026-10-07T23:28:10.9205811Z #6 24.63 Preparing to unpack .../119-lib32quadmath0_14.2.0-4ubuntu2~24.04.1_amd64.deb ...
firmware (debug)	Build toolchain	2026-10-07T23:28:10.9206421Z #6 24.63 Unpacking lib32quadmath0 (14.2.0-4ubuntu2~24.04.1) ...
firmware (debug)	Build toolchain	2026-10-07T23:28:10.9206882Z #6 24.64 Selecting previously unselected package libx32quadmath0.
firmware (debug)	Build toolchain	2026-10-07T23:28:10.9207420Z #6 24.64 Preparing to unpack .../120-libx32quadmath0_14.2.0-4ubuntu2~24.04.1_amd64.deb ...
firmware (debug)	Build toolchain	2026-10-07T23:28:10.9207942Z #6 24.64 Unpacking libx32quadmath0 (14.2.0-4ubuntu2~24.04.1) ...
firmware (debug)	Build toolchain	2026-10-07T23:28:10.9208374Z #6 24.66 Selecting previously unselected package lib32gcc-13-dev.
firmware (debug)	Build toolchain	2026-10-07T23:28:10.9208904Z #6 24.66 Preparing to unpack .../121-lib32gcc-13-dev_13.3.0-6ubuntu2~24.04.1_amd64.deb ...
firmware (debug)	Build toolchain	2026-10-07T23:28:10.9209628Z #6 24.66 Unpacking lib32gcc-13-dev (13.3.0-6ubuntu2~24.04.1) ...
firmware (debug)	Build toolchain	2026-10-07T23:28:10.9210039Z #6 24.70 Selecting previously unselected package libx32gcc-13-dev.
firmware (debug)	Build toolchain	2026-10-07T23:28:11.0512844Z #6 24.70 Preparing to unpack .../122-libx32gcc-13-dev_13.3.0-6ubuntu2~24.04.1_amd64.deb ...
firmware (debug)	Build toolchain	2026-10-07T23:28:11.0513611Z #6 24.70 Unpacking libx32gcc-13-dev (13.3.0-6ubuntu2~24.04.1) ...
firmware (debug)	Build toolchain	2026-10-07T23:28:11.0514102Z #6 24.74 Selecting previously unselected package gcc-13-multilib.
firmware (debug)	Build toolchain	2026-10-07T23:28:11.0514651Z #6 24.74 Preparing to unpack .../123-gcc-13-multilib_13.3.0-6ubuntu2~24.04.1_amd64.deb ...
firmware (debug)	Build toolchain	2026-10-07T23:28:11.0515421Z #6 24.74 Unpacking gcc-13-multilib (13.3.0-6ubuntu2~24.04.1) ...
firmware (debug)	Build toolchain	2026-10-07T23:28:11.0515900Z #6 24.75 Selecting previously unselected package lib32stdc++-13-dev.
firmware (debug)	Build toolchain	2026-10-07T23:28:11.0516492Z #6 24.75 Preparing to unpack .../124-lib32stdc++-13-dev_13.3.0-6ubuntu2~24.04.1_amd64.deb ...
firmware (debug)	Build toolchain	2026-10-07T23:28:11.0517070Z #6 24.76 Unpacking lib32stdc++-13-dev (13.3.0-6ubuntu2~24.04.1) ...
firmware (debug)	Build toolchain	2026-10-07T23:28:11.0517548Z #6 24.79 Selecting previously unselected package libx32stdc++-13-dev.
firmware (debug)	Build toolchain	2026-10-07T23:28:11.0518134Z #6 24.79 Preparing to unpack .../125-libx32stdc++-13-dev_13.3.0-6ubuntu2~24.04.1_amd64.deb ...
firmware (debug)	Build toolchain	2026-10-07T23:28:11.0518698Z #6 24.79 Unpacking libx32stdc++-13-dev (13.3.0-6ubuntu2~24.04.1) ...
firmware (debug)	Build toolchain	2026-10-07T23:28:11.0519168Z #6 24.83 Selecting previously unselected package g++-13-multilib.
firmware (debug)	Build toolchain	2026-10-07T23:28:11.1562241Z #6 24.83 Preparing to unpack .../126-g++-13-multilib_13.3.0-6ubuntu2~24.04.1_amd64.deb ...
firmware (debug)	Build toolchain	2026-10-07T23:28:11.1563150Z #6 24.83 Unpacking g++-13-multilib (13.3.0-6ubuntu2~24.04.1) ...
firmware (debug)	Build toolchain	2026-10-07T23:28:11.1563644Z #6 24.84 Selecting previously unselected package binutils-mingw-w64-i686.
firmware (debug)	Build toolchain	2026-10-07T23:28:11.1564248Z #6 24.85 Preparing to unpack .../127-binutils-mingw-w64-i686_2.41.90.20240122-1ubuntu1+11.4_amd64.deb ...
firmware (debug)	Build toolchain	2026-10-07T23:28:11.1564873Z #6 24.85 Unpacking binutils-mingw-w64-i686 (2.41.90.20240122-1ubuntu1+11.4) ...
firmware (debug)	Build toolchain	2026-10-07T23:28:11.1565910Z #6 24.93 Selecting previously unselected package mingw-w64-common.
firmware (debug)	Build toolchain	2026-10-07T23:28:11.3094443Z #6 24.94 Preparing to unpack .../128-mingw-w64-common_11.0.1-3build1_all.deb ...
firmware (debug)	Build toolchain	2026-10-07T23:28:11.3095644Z #6 24.94 Unpacking mingw-w64-common (11.0.1-3build1) ...
firmware (debug)	Build toolchain	2026-10-07T23:28:11.5928061Z #6 25.37 Selecting previously unselected package mingw-w64-i686-dev.
firmware (debug)	Build toolchain	2026-10-07T23:28:11.7464795Z #6 25.37 Preparing to unpack .../129-mingw-w64-i686-dev_11.0.1-3build1_all.deb ...
firmware (debug)	Build toolchain	2026-10-07T23:28:11.7465947Z #6 25.37 Unpacking mingw-w64-i686-dev (11.0.1-3build1) ...
firmware (debug)	Build toolchain	2026-10-07T23:28:12.0464731Z #6 25.82 Selecting previously unselected package gcc-mingw-w64-base:amd64.
firmware (debug)	Build toolchain	2026-10-07T23:28:12.2170610Z #6 25.83 Preparing to unpack .../130-gcc-mingw-w64-base_13.2.0-6ubuntu1+26.1_amd64.deb ...
firmware (debug)	Build toolchain	2026-10-07T23:28:12.2171350Z #6 25.83 Unpacking gcc-mingw-w64-base:amd64 (13.2.0-6ubuntu1+26.1) ...
firmware (debug)	Build toolchain	2026-10-07T23:28:12.2172312Z #6 25.84 Selecting previously unselected package gcc-mingw-w64-i686-posix-runtime.
firmware (debug)	Build toolchain	2026-10-07T23:28:12.2173813Z #6 25.84 Preparing to unpack .../131-gcc-mingw-w64-i686-posix-runtime_13.2.0-6ubuntu1+26.1_amd64.deb ...
firmware (debug)	Build toolchain	2026-10-07T23:28:12.2174780Z #6 25.84 Unpacking gcc-mingw-w64-i686-posix-runtime (13.2.0-6ubuntu1+26.1) ...
firmware (debug)	Build toolchain	2026-10-07T23:28:12.2497534Z #6 26.03 Selecting previously unselected package gcc-mingw-w64-i686-posix.
firmware (debug)	Build toolchain	2026-10-07T23:28:12.4031104Z #6 26.03 Preparing to unpack .../132-gcc-mingw-w64-i686-posix_13.2.0-6ubuntu1+26.1_amd64.deb ...
firmware (debug)	Build toolchain	2026-10-07T23:28:12.4032016Z #6 26.03 Unpacking gcc-mingw-w64-i686-posix (13.2.0-6ubuntu1+26.1) ...
firmware (debug)	Build toolchain	2026-10-07T23:28:12.7806262Z #6 26.56 Selecting previously unselected package g++-mingw-w64-i686-posix.
firmware (debug)	Build toolchain	2026-10-07T23:28:12.9329637Z #6 26.56 Preparing to unpack .../133-g++-mingw-w64-i686-posix_13.2.0-6ubuntu1+26.1_amd64.deb ...
firmware (debug)	Build toolchain	2026-10-07T23:28:12.9336244Z #6 26.56 Unpacking g++-mingw-w64-i686-posix (13.2.0-6ubuntu1+26.1) ...
firmware (debug)	Build toolchain	2026-10-07T23:28:13.1116362Z #6 26.89 Selecting previously unselected package gcc-mingw-w64-i686-win32-runtime.
firmware (debug)	Build toolchain	2026-10-07T23:28:13.2655317Z #6 26.89 Preparing to unpack .../134-gcc-mingw-w64-i686-win32-runtime_13.2.0-6ubuntu1+26.1_amd64.deb ...
firmware (debug)	Build toolchain	2026-10-07T23:28:13.2656210Z #6 26.89 Unpacking gcc-mingw-w64-i686-win32-runtime (13.2.0-6ubuntu1+26.1) ...
firmware (debug)	Build toolchain	2026-10-07T23:28:13.3026559Z #6 27.08 Selecting previously unselected package gcc-mingw-w64-i686-win32.
firmware (debug)	Build toolchain	2026-10-07T23:28:13.4563911Z #6 27.08 Preparing to unpack .../135-gcc-mingw-w64-i686-win32_13.2.0-6ubuntu1+26.1_amd64.deb ...
firmware (debug)	Build toolchain	2026-10-07T23:28:13.4564714Z #6 27.08 Unpacking gcc-mingw-w64-i686-win32 (13.2.0-6ubuntu1+26.1) ...
firmware (debug)	Build toolchain	2026-10-07T23:28:13.8587022Z #6 27.64 Selecting previously unselected package g++-mingw-w64-i686-win32.
firmware (debug)	Build toolchain	2026-10-07T23:28:14.0114608Z #6 27.64 Preparing to unpack .../136-g++-mingw-w64-i686-win32_13.2.0-6ubuntu1+26.1_amd64.deb ...
firmware (debug)	Build toolchain	2026-10-07T23:28:14.0115971Z #6 27.64 Unpacking g++-mingw-w64-i686-win32 (13.2.0-6ubuntu1+26.1) ...
firmware (debug)	Build toolchain	2026-10-07T23:28:14.2043660Z #6 27.98 Selecting previously unselected package gcc-multilib.
firmware (debug)	Build toolchain	2026-10-07T23:28:14.3049424Z #6 27.98 Preparing to unpack .../137-gcc-multilib_4%3a13.2.0-7ubuntu1_amd64.deb ...
firmware (debug)	Build toolchain	2026-10-07T23:28:14.3050340Z #6 27.99 Unpacking gcc-multilib (4:13.2.0-7ubuntu1) ...
firmware (debug)	Build toolchain	2026-10-07T23:28:14.3051028Z #6 28.00 Selecting previously unselected package g++-multilib.
firmware (debug)	Build toolchain	2026-10-07T23:28:14.3051950Z #6 28.00 Preparing to unpack .../138-g++-multilib_4%3a13.2.0-7ubuntu1_amd64.deb ...
firmware (debug)	Build toolchain	2026-10-07T23:28:14.3052492Z #6 28.00 Unpacking g++-multilib (4:13.2.0-7ubuntu1) ...
firmware (debug)	Build toolchain	2026-10-07T23:28:14.3053251Z #6 28.01 Selecting previously unselected package libcurl3t64-gnutls:amd64.
firmware (debug)	Build toolchain	2026-10-07T23:28:14.3054178Z #6 28.02 Preparing to unpack .../139-libcurl3t64-gnutls_8.5.0-2ubuntu10.15_amd64.deb ...
firmware (debug)	Build toolchain	2026-10-07T23:28:14.3057210Z #6 28.02 Unpacking libcurl3t64-gnutls:amd64 (8.5.0-2ubuntu10.15) ...
firmware (debug)	Build toolchain	2026-10-07T23:28:14.3058046Z #6 28.03 Selecting previously unselected package liberror-perl.
firmware (debug)	Build toolchain	2026-10-07T23:28:14.3058566Z #6 28.04 Preparing to unpack .../140-liberror-perl_0.17029-2_all.deb ...
firmware (debug)	Build toolchain	2026-10-07T23:28:14.3059164Z #6 28.04 Unpacking liberror-perl (0.17029-2) ...
firmware (debug)	Build toolchain	2026-10-07T23:28:14.3059696Z #6 28.05 Selecting previously unselected package git-man.
firmware (debug)	Build toolchain	2026-10-07T23:28:14.3060469Z #6 28.05 Preparing to unpack .../141-git-man_1%3a2.43.0-1ubuntu7.3_all.deb ...
firmware (debug)	Build toolchain	2026-10-07T23:28:14.3061263Z #6 28.05 Unpacking git-man (1:2.43.0-1ubuntu7.3) ...
firmware (debug)	Build toolchain	2026-10-07T23:28:14.3061915Z #6 28.08 Selecting previously unselected package git.
firmware (debug)	Build toolchain	2026-10-07T23:28:14.3062661Z #6 28.08 Preparing to unpack .../142-git_1%3a2.43.0-1ubuntu7.3_amd64.deb ...
firmware (debug)	Build toolchain	2026-10-07T23:28:14.4369658Z #6 28.09 Unpacking git (1:2.43.0-1ubuntu7.3) ...
firmware (debug)	Build toolchain	2026-10-07T23:28:14.4370677Z #6 28.22 Selecting previously unselected package libaio1t64:amd64.
firmware (debug)	Build toolchain	2026-10-07T23:28:14.6742903Z #6 28.22 Preparing to unpack .../143-libaio1t64_0.3.113-6build1.1_amd64.deb ...
firmware (debug)	Build toolchain	2026-10-07T23:28:14.6743627Z #6 28.22 Unpacking libaio1t64:amd64 (0.3.113-6build1.1) ...
firmware (debug)	Build toolchain	2026-10-07T23:28:14.6744088Z #6 28.23 Selecting previously unselected package libasyncns0:amd64.
firmware (debug)	Build toolchain	2026-10-07T23:28:14.6744880Z #6 28.23 Preparing to unpack .../144-libasyncns0_0.8-6build4_amd64.deb ...
firmware (debug)	Build toolchain	2026-10-07T23:28:14.6745622Z #6 28.24 Unpacking libasyncns0:amd64 (0.8-6build4) ...
firmware (debug)	Build toolchain	2026-10-07T23:28:14.6746045Z #6 28.25 Selecting previously unselected package libdrm-amdgpu1:amd64.
firmware (debug)	Build toolchain	2026-10-07T23:28:14.6746584Z #6 28.25 Preparing to unpack .../145-libdrm-amdgpu1_2.4.125-1ubuntu0.1~24.04.2_amd64.deb ...
firmware (debug)	Build toolchain	2026-10-07T23:28:14.6747124Z #6 28.25 Unpacking libdrm-amdgpu1:amd64 (2.4.125-1ubuntu0.1~24.04.2) ...
firmware (debug)	Build toolchain	2026-10-07T23:28:14.6747669Z #6 28.27 Selecting previously unselected package libpciaccess0:amd64.
firmware (debug)	Build toolchain	2026-10-07T23:28:14.6748490Z #6 28.27 Preparing to unpack .../146-libpciaccess0_0.17-3ubuntu0.24.04.3_amd64.deb ...
firmware (debug)	Build toolchain	2026-10-07T23:28:14.6749299Z #6 28.27 Unpacking libpciaccess0:amd64 (0.17-3ubuntu0.24.04.3) ...
firmware (debug)	Build toolchain	2026-10-07T23:28:14.6750016Z #6 28.28 Selecting previously unselected package libdrm-intel1:amd64.
firmware (debug)	Build toolchain	2026-10-07T23:28:14.6750854Z #6 28.28 Preparing to unpack .../147-libdrm-intel1_2.4.125-1ubuntu0.1~24.04.2_amd64.deb ...
firmware (debug)	Build toolchain	2026-10-07T23:28:14.6751713Z #6 28.29 Unpacking libdrm-intel1:amd64 (2.4.125-1ubuntu0.1~24.04.2) ...
firmware (debug)	Build toolchain	2026-10-07T23:28:14.6752723Z #6 28.30 Selecting previously unselected package libllvm20:amd64.
firmware (debug)	Build toolchain	2026-10-07T23:28:14.6753509Z #6 28.30 Preparing to unpack .../148-libllvm20_1%3a20.1.2-0ubuntu1~24.04.3_amd64.deb ...
firmware (debug)	Build toolchain	2026-10-07T23:28:14.6754362Z #6 28.30 Unpacking libllvm20:amd64 (1:20.1.2-0ubuntu1~24.04.3) ...
firmware (debug)	Build toolchain	2026-10-07T23:28:15.0010897Z #6 28.78 Selecting previously unselected package libx11-xcb1:amd64.
firmware (debug)	Build toolchain	2026-10-07T23:28:15.1050966Z #6 28.78 Preparing to unpack .../149-libx11-xcb1_2%3a1.8.7-1build1_amd64.deb ...
firmware (debug)	Build toolchain	2026-10-07T23:28:15.1051914Z #6 28.78 Unpacking libx11-xcb1:amd64 (2:1.8.7-1build1) ...
firmware (debug)	Build toolchain	2026-10-07T23:28:15.1052912Z #6 28.80 Selecting previously unselected package libxcb-dri3-0:amd64.
firmware (debug)	Build toolchain	2026-10-07T23:28:15.1053751Z #6 28.80 Preparing to unpack .../150-libxcb-dri3-0_1.15-1ubuntu2_amd64.deb ...
firmware (debug)	Build toolchain	2026-10-07T23:28:15.1054463Z #6 28.80 Unpacking libxcb-dri3-0:amd64 (1.15-1ubuntu2) ...
firmware (debug)	Build toolchain	2026-10-07T23:28:15.1055391Z #6 28.81 Selecting previously unselected package libxcb-present0:amd64.
firmware (debug)	Build toolchain	2026-10-07T23:28:15.1056219Z #6 28.82 Preparing to unpack .../151-libxcb-present0_1.15-1ubuntu2_amd64.deb ...
firmware (debug)	Build toolchain	2026-10-07T23:28:15.1056952Z #6 28.82 Unpacking libxcb-present0:amd64 (1.15-1ubuntu2) ...
firmware (debug)	Build toolchain	2026-10-07T23:28:15.1057624Z #6 28.83 Selecting previously unselected package libxcb-randr0:amd64.
firmware (debug)	Build toolchain	2026-10-07T23:28:15.1058375Z #6 28.83 Preparing to unpack .../152-libxcb-randr0_1.15-1ubuntu2_amd64.deb ...
firmware (debug)	Build toolchain	2026-10-07T23:28:15.1059055Z #6 28.83 Unpacking libxcb-randr0:amd64 (1.15-1ubuntu2) ...
firmware (debug)	Build toolchain	2026-10-07T23:28:15.1059676Z #6 28.85 Selecting previously unselected package libxcb-sync1:amd64.
firmware (debug)	Build toolchain	2026-10-07T23:28:15.1060378Z #6 28.85 Preparing to unpack .../153-libxcb-sync1_1.15-1ubuntu2_amd64.deb ...
firmware (debug)	Build toolchain	2026-10-07T23:28:15.1061029Z #6 28.85 Unpacking libxcb-sync1:amd64 (1.15-1ubuntu2) ...
firmware (debug)	Build toolchain	2026-10-07T23:28:15.1061641Z #6 28.87 Selecting previously unselected package libxcb-xfixes0:amd64.
firmware (debug)	Build toolchain	2026-10-07T23:28:15.1062349Z #6 28.87 Preparing to unpack .../154-libxcb-xfixes0_1.15-1ubuntu2_amd64.deb ...
firmware (debug)	Build toolchain	2026-10-07T23:28:15.1063025Z #6 28.87 Unpacking libxcb-xfixes0:amd64 (1.15-1ubuntu2) ...
firmware (debug)	Build toolchain	2026-10-07T23:28:15.1063628Z #6 28.88 Selecting previously unselected package libxshmfence1:amd64.
firmware (debug)	Build toolchain	2026-10-07T23:28:15.2769951Z #6 28.89 Preparing to unpack .../155-libxshmfence1_1.3-1build5_amd64.deb ...
firmware (debug)	Build toolchain	2026-10-07T23:28:15.2770579Z #6 28.89 Unpacking libxshmfence1:amd64 (1.3-1build5) ...
firmware (debug)	Build toolchain	2026-10-07T23:28:15.2771071Z #6 28.90 Selecting previously unselected package mesa-libgallium:amd64.
firmware (debug)	Build toolchain	2026-10-07T23:28:15.2771668Z #6 28.90 Preparing to unpack .../156-mesa-libgallium_25.2.8-0ubuntu0.24.04.4_amd64.deb ...
firmware (debug)	Build toolchain	2026-10-07T23:28:15.2772243Z #6 28.90 Unpacking mesa-libgallium:amd64 (25.2.8-0ubuntu0.24.04.4) ...
firmware (debug)	Build toolchain	2026-10-07T23:28:15.2894291Z #6 29.07 Selecting previously unselected package libgbm1:amd64.
firmware (debug)	Build toolchain	2026-10-07T23:28:15.4000100Z #6 29.07 Preparing to unpack .../157-libgbm1_25.2.8-0ubuntu0.24.04.4_amd64.deb ...
firmware (debug)	Build toolchain	2026-10-07T23:28:15.4000962Z #6 29.07 Unpacking libgbm1:amd64 (25.2.8-0ubuntu0.24.04.4) ...
firmware (debug)	Build toolchain	2026-10-07T23:28:15.4002012Z #6 29.09 Selecting previously unselected package libwayland-client0:amd64.
firmware (debug)	Build toolchain	2026-10-07T23:28:15.4002899Z #6 29.09 Preparing to unpack .../158-libwayland-client0_1.22.0-2.1build1_amd64.deb ...
firmware (debug)	Build toolchain	2026-10-07T23:28:15.4003685Z #6 29.09 Unpacking libwayland-client0:amd64 (1.22.0-2.1build1) ...
firmware (debug)	Build toolchain	2026-10-07T23:28:15.4004441Z #6 29.10 Selecting previously unselected package libxcb-shm0:amd64.
firmware (debug)	Build toolchain	2026-10-07T23:28:15.4005387Z #6 29.11 Preparing to unpack .../159-libxcb-shm0_1.15-1ubuntu2_amd64.deb ...
firmware (debug)	Build toolchain	2026-10-07T23:28:15.4006070Z #6 29.11 Unpacking libxcb-shm0:amd64 (1.15-1ubuntu2) ...
firmware (debug)	Build toolchain	2026-10-07T23:28:15.4006703Z #6 29.12 Selecting previously unselected package libegl-mesa0:amd64.
firmware (debug)	Build toolchain	2026-10-07T23:28:15.4007476Z #6 29.12 Preparing to unpack .../160-libegl-mesa0_25.2.8-0ubuntu0.24.04.4_amd64.deb ...
firmware (debug)	Build toolchain	2026-10-07T23:28:15.4008243Z #6 29.12 Unpacking libegl-mesa0:amd64 (25.2.8-0ubuntu0.24.04.4) ...
firmware (debug)	Build toolchain	2026-10-07T23:28:15.4008887Z #6 29.14 Selecting previously unselected package libogg0:amd64.
firmware (debug)	Build toolchain	2026-10-07T23:28:15.4009557Z #6 29.14 Preparing to unpack .../161-libogg0_1.3.5-3build1_amd64.deb ...
firmware (debug)	Build toolchain	2026-10-07T23:28:15.4010372Z #6 29.14 Unpacking libogg0:amd64 (1.3.5-3build1) ...
firmware (debug)	Build toolchain	2026-10-07T23:28:15.4010952Z #6 29.16 Selecting previously unselected package libflac12t64:amd64.
firmware (debug)	Build toolchain	2026-10-07T23:28:15.4011673Z #6 29.16 Preparing to unpack .../162-libflac12t64_1.4.3+ds-2.1ubuntu2_amd64.deb ...
firmware (debug)	Build toolchain	2026-10-07T23:28:15.4012357Z #6 29.16 Unpacking libflac12t64:amd64 (1.4.3+ds-2.1ubuntu2) ...
firmware (debug)	Build toolchain	2026-10-07T23:28:15.4012974Z #6 29.18 Selecting previously unselected package libfontenc1:amd64.
firmware (debug)	Build toolchain	2026-10-07T23:28:15.5086662Z #6 29.18 Preparing to unpack .../163-libfontenc1_1%3a1.1.8-1build1_amd64.deb ...
firmware (debug)	Build toolchain	2026-10-07T23:28:15.5087799Z #6 29.18 Unpacking libfontenc1:amd64 (1:1.1.8-1build1) ...
firmware (debug)	Build toolchain	2026-10-07T23:28:15.5088943Z #6 29.19 Selecting previously unselected package libfreetype6:amd64.
firmware (debug)	Build toolchain	2026-10-07T23:28:15.5089976Z #6 29.20 Preparing to unpack .../164-libfreetype6_2.13.2+dfsg-1ubuntu0.2_amd64.deb ...
firmware (debug)	Build toolchain	2026-10-07T23:28:15.5090690Z #6 29.20 Unpacking libfreetype6:amd64 (2.13.2+dfsg-1ubuntu0.2) ...
firmware (debug)	Build toolchain	2026-10-07T23:28:15.5091282Z #6 29.21 Selecting previously unselected package libvulkan1:amd64.
firmware (debug)	Build toolchain	2026-10-07T23:28:15.5091896Z #6 29.22 Preparing to unpack .../165-libvulkan1_1.3.275.0-1build1_amd64.deb ...
firmware (debug)	Build toolchain	2026-10-07T23:28:15.5092479Z #6 29.22 Unpacking libvulkan1:amd64 (1.3.275.0-1build1) ...
firmware (debug)	Build toolchain	2026-10-07T23:28:15.5093074Z #6 29.23 Selecting previously unselected package libgl1-mesa-dri:amd64.
firmware (debug)	Build toolchain	2026-10-07T23:28:15.5093757Z #6 29.24 Preparing to unpack .../166-libgl1-mesa-dri_25.2.8-0ubuntu0.24.04.4_amd64.deb ...
firmware (debug)	Build toolchain	2026-10-07T23:28:15.5094424Z #6 29.24 Unpacking libgl1-mesa-dri:amd64 (25.2.8-0ubuntu0.24.04.4) ...
firmware (debug)	Build toolchain	2026-10-07T23:28:15.5095239Z #6 29.26 Selecting previously unselected package libxcb-glx0:amd64.
firmware (debug)	Build toolchain	2026-10-07T23:28:15.5095852Z #6 29.26 Preparing to unpack .../167-libxcb-glx0_1.15-1ubuntu2_amd64.deb ...
firmware (debug)	Build toolchain	2026-10-07T23:28:15.5096366Z #6 29.29 Unpacking libxcb-glx0:amd64 (1.15-1ubuntu2) ...
firmware (debug)	Build toolchain	2026-10-07T23:28:15.6162973Z #6 29.30 Selecting previously unselected package libxxf86vm1:amd64.
firmware (debug)	Build toolchain	2026-10-07T23:28:15.6164062Z #6 29.30 Preparing to unpack .../168-libxxf86vm1_1%3a1.1.4-1build4_amd64.deb ...
firmware (debug)	Build toolchain	2026-10-07T23:28:15.6165440Z #6 29.30 Unpacking libxxf86vm1:amd64 (1:1.1.4-1build4) ...
firmware (debug)	Build toolchain	2026-10-07T23:28:15.6166367Z #6 29.32 Selecting previously unselected package libglx-mesa0:amd64.
firmware (debug)	Build toolchain	2026-10-07T23:28:15.6167190Z #6 29.32 Preparing to unpack .../169-libglx-mesa0_25.2.8-0ubuntu0.24.04.4_amd64.deb ...
firmware (debug)	Build toolchain	2026-10-07T23:28:15.6167728Z #6 29.32 Unpacking libglx-mesa0:amd64 (25.2.8-0ubuntu0.24.04.4) ...
firmware (debug)	Build toolchain	2026-10-07T23:28:15.6168167Z #6 29.34 Selecting previously unselected package x11-common.
firmware (debug)	Build toolchain	2026-10-07T23:28:15.6168622Z #6 29.34 Preparing to unpack .../170-x11-common_1%3a7.7+23ubuntu3_all.deb ...
firmware (debug)	Build toolchain	2026-10-07T23:28:15.6169045Z #6 29.34 Unpacking x11-common (1:7.7+23ubuntu3) ...
firmware (debug)	Build toolchain	2026-10-07T23:28:15.6169423Z #6 29.36 Selecting previously unselected package libice6:amd64.
firmware (debug)	Build toolchain	2026-10-07T23:28:15.6169880Z #6 29.36 Preparing to unpack .../171-libice6_2%3a1.0.10-1build3_amd64.deb ...
firmware (debug)	Build toolchain	2026-10-07T23:28:15.6170573Z #6 29.36 Unpacking libice6:amd64 (2:1.0.10-1build3) ...
firmware (debug)	Build toolchain	2026-10-07T23:28:15.6170986Z #6 29.38 Selecting previously unselected package libmp3lame0:amd64.
firmware (debug)	Build toolchain	2026-10-07T23:28:15.6171463Z #6 29.38 Preparing to unpack .../172-libmp3lame0_3.100-6build1_amd64.deb ...
firmware (debug)	Build toolchain	2026-10-07T23:28:15.6171897Z #6 29.38 Unpacking libmp3lame0:amd64 (3.100-6build1) ...
firmware (debug)	Build toolchain	2026-10-07T23:28:15.6172313Z #6 29.39 Selecting previously unselected package libmpg123-0t64:amd64.
firmware (debug)	Build toolchain	2026-10-07T23:28:15.7176625Z #6 29.40 Preparing to unpack .../173-libmpg123-0t64_1.32.5-1ubuntu1.1_amd64.deb ...
firmware (debug)	Build toolchain	2026-10-07T23:28:15.7177632Z #6 29.40 Unpacking libmpg123-0t64:amd64 (1.32.5-1ubuntu1.1) ...
firmware (debug)	Build toolchain	2026-10-07T23:28:15.7178385Z #6 29.41 Selecting previously unselected package libopus0:amd64.
firmware (debug)	Build toolchain	2026-10-07T23:28:15.7179331Z #6 29.42 Preparing to unpack .../174-libopus0_1.4-1build1_amd64.deb ...
firmware (debug)	Build toolchain	2026-10-07T23:28:15.7180095Z #6 29.42 Unpacking libopus0:amd64 (1.4-1build1) ...
firmware (debug)	Build toolchain	2026-10-07T23:28:15.7181287Z #6 29.43 Selecting previously unselected package libpixman-1-0:amd64.
firmware (debug)	Build toolchain	2026-10-07T23:28:15.7183078Z #6 29.43 Preparing to unpack .../175-libpixman-1-0_0.42.2-1build1_amd64.deb ...
firmware (debug)	Build toolchain	2026-10-07T23:28:15.7184068Z #6 29.44 Unpacking libpixman-1-0:amd64 (0.42.2-1build1) ...
firmware (debug)	Build toolchain	2026-10-07T23:28:15.7184700Z #6 29.45 Selecting previously unselected package libvorbis0a:amd64.
firmware (debug)	Build toolchain	2026-10-07T23:28:15.7185457Z #6 29.46 Preparing to unpack .../176-libvorbis0a_1.3.7-1build3_amd64.deb ...
firmware (debug)	Build toolchain	2026-10-07T23:28:15.7185941Z #6 29.46 Unpacking libvorbis0a:amd64 (1.3.7-1build3) ...
firmware (debug)	Build toolchain	2026-10-07T23:28:15.7186388Z #6 29.47 Selecting previously unselected package libvorbisenc2:amd64.
firmware (debug)	Build toolchain	2026-10-07T23:28:15.7186919Z #6 29.48 Preparing to unpack .../177-libvorbisenc2_1.3.7-1build3_amd64.deb ...
firmware (debug)	Build toolchain	2026-10-07T23:28:15.7187397Z #6 29.48 Unpacking libvorbisenc2:amd64 (1.3.7-1build3) ...
firmware (debug)	Build toolchain	2026-10-07T23:28:15.7187838Z #6 29.49 Selecting previously unselected package libsndfile1:amd64.
firmware (debug)	Build toolchain	2026-10-07T23:28:15.7188370Z #6 29.50 Preparing to unpack .../178-libsndfile1_1.2.2-1ubuntu5.24.04.1_amd64.deb ...
firmware (debug)	Build toolchain	2026-10-07T23:28:15.8193748Z #6 29.50 Unpacking libsndfile1:amd64 (1.2.2-1ubuntu5.24.04.1) ...
firmware (debug)	Build toolchain	2026-10-07T23:28:15.8194802Z #6 29.51 Selecting previously unselected package libpulse0:amd64.
firmware (debug)	Build toolchain	2026-10-07T23:28:15.8196215Z #6 29.52 Preparing to unpack .../179-libpulse0_1%3a16.1+dfsg1-2ubuntu10.1_amd64.deb ...
firmware (debug)	Build toolchain	2026-10-07T23:28:15.8197388Z #6 29.52 Unpacking libpulse0:amd64 (1:16.1+dfsg1-2ubuntu10.1) ...
firmware (debug)	Build toolchain	2026-10-07T23:28:15.8198232Z #6 29.54 Selecting previously unselected package libsamplerate0:amd64.
firmware (debug)	Build toolchain	2026-10-07T23:28:15.8199355Z #6 29.54 Preparing to unpack .../180-libsamplerate0_0.2.2-4build1_amd64.deb ...
firmware (debug)	Build toolchain	2026-10-07T23:28:15.8200188Z #6 29.54 Unpacking libsamplerate0:amd64 (0.2.2-4build1) ...
firmware (debug)	Build toolchain	2026-10-07T23:28:15.8200917Z #6 29.56 Selecting previously unselected package libslirp0:amd64.
firmware (debug)	Build toolchain	2026-10-07T23:28:15.8201834Z #6 29.57 Preparing to unpack .../181-libslirp0_4.7.0-1ubuntu3.1_amd64.deb ...
firmware (debug)	Build toolchain	2026-10-07T23:28:15.8202604Z #6 29.57 Unpacking libslirp0:amd64 (4.7.0-1ubuntu3.1) ...
firmware (debug)	Build toolchain	2026-10-07T23:28:15.8203373Z #6 29.58 Selecting previously unselected package libsm6:amd64.
firmware (debug)	Build toolchain	2026-10-07T23:28:15.8266960Z #6 29.58 Preparing to unpack .../182-libsm6_2%3a1.2.3-1build3_amd64.deb ...
firmware (debug)	Build toolchain	2026-10-07T23:28:15.8267613Z #6 29.58 Unpacking libsm6:amd64 (2:1.2.3-1build3) ...
firmware (debug)	Build toolchain	2026-10-07T23:28:15.8268292Z #6 29.60 Selecting previously unselected package libunwind8:amd64.
firmware (debug)	Build toolchain	2026-10-07T23:28:15.9281976Z #6 29.60 Preparing to unpack .../183-libunwind8_1.6.2-3build1.1_amd64.deb ...
firmware (debug)	Build toolchain	2026-10-07T23:28:15.9283227Z #6 29.60 Unpacking libunwind8:amd64 (1.6.2-3build1.1) ...
firmware (debug)	Build toolchain	2026-10-07T23:28:15.9284375Z #6 29.62 Selecting previously unselected package liburing2:amd64.
firmware (debug)	Build toolchain	2026-10-07T23:28:15.9285540Z #6 29.62 Preparing to unpack .../184-liburing2_2.5-1build1_amd64.deb ...
firmware (debug)	Build toolchain	2026-10-07T23:28:15.9286293Z #6 29.62 Unpacking liburing2:amd64 (2.5-1build1) ...
firmware (debug)	Build toolchain	2026-10-07T23:28:15.9287002Z #6 29.63 Selecting previously unselected package libxt6t64:amd64.
firmware (debug)	Build toolchain	2026-10-07T23:28:15.9287870Z #6 29.64 Preparing to unpack .../185-libxt6t64_1%3a1.2.1-1.2build1_amd64.deb ...
firmware (debug)	Build toolchain	2026-10-07T23:28:15.9289000Z #6 29.64 Unpacking libxt6t64:amd64 (1:1.2.1-1.2build1) ...
firmware (debug)	Build toolchain	2026-10-07T23:28:15.9289807Z #6 29.65 Selecting previously unselected package libxmu6:amd64.
firmware (debug)	Build toolchain	2026-10-07T23:28:15.9290722Z #6 29.66 Preparing to unpack .../186-libxmu6_2%3a1.1.3-3build2_amd64.deb ...
firmware (debug)	Build toolchain	2026-10-07T23:28:15.9291467Z #6 29.66 Unpacking libxmu6:amd64 (2:1.1.3-3build2) ...
firmware (debug)	Build toolchain	2026-10-07T23:28:15.9292004Z #6 29.67 Selecting previously unselected package libxpm4:amd64.
firmware (debug)	Build toolchain	2026-10-07T23:28:15.9292632Z #6 29.67 Preparing to unpack .../187-libxpm4_1%3a3.5.17-1ubuntu0.24.04.2_amd64.deb ...
firmware (debug)	Build toolchain	2026-10-07T23:28:15.9293272Z #6 29.67 Unpacking libxpm4:amd64 (1:3.5.17-1ubuntu0.24.04.2) ...
firmware (debug)	Build toolchain	2026-10-07T23:28:15.9293848Z #6 29.69 Selecting previously unselected package libxaw7:amd64.
firmware (debug)	Build toolchain	2026-10-07T23:28:15.9294462Z #6 29.69 Preparing to unpack .../188-libxaw7_2%3a1.0.14-1build2_amd64.deb ...
firmware (debug)	Build toolchain	2026-10-07T23:28:15.9295281Z #6 29.69 Unpacking libxaw7:amd64 (2:1.0.14-1build2) ...
firmware (debug)	Build toolchain	2026-10-07T23:28:15.9295820Z #6 29.71 Selecting previously unselected package libxfont2:amd64.
firmware (debug)	Build toolchain	2026-10-07T23:28:16.0285018Z #6 29.71 Preparing to unpack .../189-libxfont2_1%3a2.0.6-1+deb13u1build0.24.04.2_amd64.deb ...
firmware (debug)	Build toolchain	2026-10-07T23:28:16.0286376Z #6 29.71 Unpacking libxfont2:amd64 (1:2.0.6-1+deb13u1build0.24.04.2) ...
firmware (debug)	Build toolchain	2026-10-07T23:28:16.0287146Z #6 29.72 Selecting previously unselected package libxkbfile1:amd64.
firmware (debug)	Build toolchain	2026-10-07T23:28:16.0287940Z #6 29.73 Preparing to unpack .../190-libxkbfile1_1%3a1.1.0-1build4_amd64.deb ...
firmware (debug)	Build toolchain	2026-10-07T23:28:16.0288690Z #6 29.73 Unpacking libxkbfile1:amd64 (1:1.1.0-1build4) ...
firmware (debug)	Build toolchain	2026-10-07T23:28:16.0289360Z #6 29.74 Selecting previously unselected package libxrender1:amd64.
firmware (debug)	Build toolchain	2026-10-07T23:28:16.0290174Z #6 29.74 Preparing to unpack .../191-libxrender1_1%3a0.9.10-1.1build1_amd64.deb ...
firmware (debug)	Build toolchain	2026-10-07T23:28:16.0290914Z #6 29.74 Unpacking libxrender1:amd64 (1:0.9.10-1.1build1) ...
firmware (debug)	Build toolchain	2026-10-07T23:28:16.0291575Z #6 29.76 Selecting previously unselected package libxrandr2:amd64.
firmware (debug)	Build toolchain	2026-10-07T23:28:16.0292328Z #6 29.76 Preparing to unpack .../192-libxrandr2_2%3a1.5.2-2build1_amd64.deb ...
firmware (debug)	Build toolchain	2026-10-07T23:28:16.0293057Z #6 29.76 Unpacking libxrandr2:amd64 (2:1.5.2-2build1) ...
firmware (debug)	Build toolchain	2026-10-07T23:28:16.0293621Z #6 29.77 Selecting previously unselected package lz4.
firmware (debug)	Build toolchain	2026-10-07T23:28:16.0294250Z #6 29.77 Preparing to unpack .../193-lz4_1.9.4-1build1.1_amd64.deb ...
firmware (debug)	Build toolchain	2026-10-07T23:28:16.0294831Z #6 29.77 Unpacking lz4 (1.9.4-1build1.1) ...
firmware (debug)	Build toolchain	2026-10-07T23:28:16.0295561Z #6 29.79 Selecting previously unselected package make.
firmware (debug)	Build toolchain	2026-10-07T23:28:16.0296172Z #6 29.79 Preparing to unpack .../194-make_4.3-4.1build2_amd64.deb ...
firmware (debug)	Build toolchain	2026-10-07T23:28:16.0296736Z #6 29.79 Unpacking make (4.3-4.1build2) ...
firmware (debug)	Build toolchain	2026-10-07T23:28:16.0297265Z #6 29.81 Selecting previously unselected package ninja-build.
firmware (debug)	Build toolchain	2026-10-07T23:28:16.1327765Z #6 29.81 Preparing to unpack .../195-ninja-build_1.11.1-2_amd64.deb ...
firmware (debug)	Build toolchain	2026-10-07T23:28:16.1328493Z #6 29.81 Unpacking ninja-build (1.11.1-2) ...
firmware (debug)	Build toolchain	2026-10-07T23:28:16.1329114Z #6 29.83 Selecting previously unselected package qemu-utils.
firmware (debug)	Build toolchain	2026-10-07T23:28:16.1329728Z #6 29.83 Preparing to unpack .../196-qemu-utils_1%3a8.2.2+ds-0ubuntu1.18_amd64.deb ...
firmware (debug)	Build toolchain	2026-10-07T23:28:16.1330292Z #6 29.83 Unpacking qemu-utils (1:8.2.2+ds-0ubuntu1.18) ...
firmware (debug)	Build toolchain	2026-10-07T23:28:16.1330754Z #6 29.87 Selecting previously unselected package x11-xkb-utils.
firmware (debug)	Build toolchain	2026-10-07T23:28:16.1331279Z #6 29.88 Preparing to unpack .../197-x11-xkb-utils_7.7+8build2_amd64.deb ...
firmware (debug)	Build toolchain	2026-10-07T23:28:16.1331761Z #6 29.88 Unpacking x11-xkb-utils (7.7+8build2) ...
firmware (debug)	Build toolchain	2026-10-07T23:28:16.1332203Z #6 29.89 Selecting previously unselected package xserver-common.
firmware (debug)	Build toolchain	2026-10-07T23:28:16.1332763Z #6 29.90 Preparing to unpack .../198-xserver-common_2%3a21.1.12-1ubuntu1.8_all.deb ...
firmware (debug)	Build toolchain	2026-10-07T23:28:16.1333311Z #6 29.90 Unpacking xserver-common (2:21.1.12-1ubuntu1.8) ...
firmware (debug)	Build toolchain	2026-10-07T23:28:16.1333795Z #6 29.91 Selecting previously unselected package libglvnd0:amd64.
firmware (debug)	Build toolchain	2026-10-07T23:28:16.2351774Z #6 29.91 Preparing to unpack .../199-libglvnd0_1.7.0-1build1_amd64.deb ...
firmware (debug)	Build toolchain	2026-10-07T23:28:16.2352580Z #6 29.91 Unpacking libglvnd0:amd64 (1.7.0-1build1) ...
firmware (debug)	Build toolchain	2026-10-07T23:28:16.2353537Z #6 29.93 Selecting previously unselected package libglx0:amd64.
firmware (debug)	Build toolchain	2026-10-07T23:28:16.2354239Z #6 29.93 Preparing to unpack .../200-libglx0_1.7.0-1build1_amd64.deb ...
firmware (debug)	Build toolchain	2026-10-07T23:28:16.2354869Z #6 29.93 Unpacking libglx0:amd64 (1.7.0-1build1) ...
firmware (debug)	Build toolchain	2026-10-07T23:28:16.2355700Z #6 29.95 Selecting previously unselected package libgl1:amd64.
firmware (debug)	Build toolchain	2026-10-07T23:28:16.2356369Z #6 29.95 Preparing to unpack .../201-libgl1_1.7.0-1build1_amd64.deb ...
firmware (debug)	Build toolchain	2026-10-07T23:28:16.2356979Z #6 29.95 Unpacking libgl1:amd64 (1.7.0-1build1) ...
firmware (debug)	Build toolchain	2026-10-07T23:28:16.2357504Z #6 29.96 Selecting previously unselected package xvfb.
firmware (debug)	Build toolchain	2026-10-07T23:28:16.2358159Z #6 29.97 Preparing to unpack .../202-xvfb_2%3a21.1.12-1ubuntu1.8_amd64.deb ...
firmware (debug)	Build toolchain	2026-10-07T23:28:16.2358798Z #6 29.97 Unpacking xvfb (2:21.1.12-1ubuntu1.8) ...
firmware (debug)	Build toolchain	2026-10-07T23:28:16.2359404Z #6 29.99 Selecting previously unselected package g++-mingw-w64-i686.
firmware (debug)	Build toolchain	2026-10-07T23:28:16.2360175Z #6 29.99 Preparing to unpack .../203-g++-mingw-w64-i686_13.2.0-6ubuntu1+26.1_all.deb ...
firmware (debug)	Build toolchain	2026-10-07T23:28:16.2361189Z #6 30.00 Unpacking g++-mingw-w64-i686 (13.2.0-6ubuntu1+26.1) ...
firmware (debug)	Build toolchain	2026-10-07T23:28:16.2361832Z #6 30.01 Selecting previously unselected package gcc-mingw-w64-i686.
firmware (debug)	Build toolchain	2026-10-07T23:28:16.3904278Z #6 30.02 Preparing to unpack .../204-gcc-mingw-w64-i686_13.2.0-6ubuntu1+26.1_all.deb ...
firmware (debug)	Build toolchain	2026-10-07T23:28:16.3905231Z #6 30.02 Unpacking gcc-mingw-w64-i686 (13.2.0-6ubuntu1+26.1) ...
firmware (debug)	Build toolchain	2026-10-07T23:28:16.3905976Z #6 30.03 Selecting previously unselected package libegl1:amd64.
firmware (debug)	Build toolchain	2026-10-07T23:28:16.3906780Z #6 30.04 Preparing to unpack .../205-libegl1_1.7.0-1build1_amd64.deb ...
firmware (debug)	Build toolchain	2026-10-07T23:28:16.3907506Z #6 30.04 Unpacking libegl1:amd64 (1.7.0-1build1) ...
firmware (debug)	Build toolchain	2026-10-07T23:28:16.3908094Z #6 30.07 Setting up media-types (10.1.0) ...
firmware (debug)	Build toolchain	2026-10-07T23:28:16.3908714Z #6 30.08 Setting up libpixman-1-0:amd64 (0.42.2-1build1) ...
firmware (debug)	Build toolchain	2026-10-07T23:28:16.3909432Z #6 30.08 Setting up libpciaccess0:amd64 (0.17-3ubuntu0.24.04.3) ...
firmware (debug)	Build toolchain	2026-10-07T23:28:16.3910119Z #6 30.08 Setting up libxau6:amd64 (1:1.0.9-1build6) ...
firmware (debug)	Build toolchain	2026-10-07T23:28:16.3910577Z #6 30.08 Setting up libkeyutils1:amd64 (1.6.3-3build1) ...
firmware (debug)	Build toolchain	2026-10-07T23:28:16.3911082Z #6 30.08 Setting up libapparmor1:amd64 (4.0.1really4.0.1-0ubuntu0.24.04.8) ...
firmware (debug)	Build toolchain	2026-10-07T23:28:16.3911605Z #6 30.09 Setting up libogg0:amd64 (1.3.5-3build1) ...
firmware (debug)	Build toolchain	2026-10-07T23:28:16.3912018Z #6 30.09 Setting up libgdbm6t64:amd64 (1.23-5.1build1) ...
firmware (debug)	Build toolchain	2026-10-07T23:28:16.3912660Z #6 30.09 Setting up libgdbm-compat4t64:amd64 (1.23-5.1build1) ...
firmware (debug)	Build toolchain	2026-10-07T23:28:16.3913331Z #6 30.09 Setting up libglvnd0:amd64 (1.7.0-1build1) ...
firmware (debug)	Build toolchain	2026-10-07T23:28:16.3913802Z #6 30.09 Setting up libbrotli1:amd64 (1.1.0-2build2) ...
firmware (debug)	Build toolchain	2026-10-07T23:28:16.3914166Z #6 30.09 Setting up libsqlite3-0:amd64 (3.45.1-1ubuntu2.8) ...
firmware (debug)	Build toolchain	2026-10-07T23:28:16.3914521Z #6 30.10 Setting up libuv1t64:amd64 (1.48.0-1.1build1) ...
firmware (debug)	Build toolchain	2026-10-07T23:28:16.3914879Z #6 30.10 Setting up binutils-common:amd64 (2.42-4ubuntu2.10) ...
firmware (debug)	Build toolchain	2026-10-07T23:28:16.3915602Z #6 30.10 Setting up x11-common (1:7.7+23ubuntu3) ...
firmware (debug)	Build toolchain	2026-10-07T23:28:16.3915969Z #6 30.17 invoke-rc.d: could not determine current runlevel
firmware (debug)	Build toolchain	2026-10-07T23:28:16.5097985Z #6 30.17 invoke-rc.d: policy-rc.d denied execution of start.
firmware (debug)	Build toolchain	2026-10-07T23:28:16.5099109Z #6 30.17 Setting up libsensors-config (1:3.6.0-9build1) ...
firmware (debug)	Build toolchain	2026-10-07T23:28:16.5100022Z #6 30.18 Setting up libpsl5t64:amd64 (0.21.2-1.1build1) ...
firmware (debug)	Build toolchain	2026-10-07T23:28:16.5100733Z #6 30.18 Setting up libnghttp2-14:amd64 (1.59.0-1ubuntu0.4) ...
firmware (debug)	Build toolchain	2026-10-07T23:28:16.5101443Z #6 30.18 Setting up linux-libc-dev:amd64 (6.8.0-146.146) ...
firmware (debug)	Build toolchain	2026-10-07T23:28:16.5102171Z #6 30.18 Setting up libctf-nobfd0:amd64 (2.42-4ubuntu2.10) ...
firmware (debug)	Build toolchain	2026-10-07T23:28:16.5102870Z #6 30.19 Setting up m4 (1.4.19-4build1) ...
firmware (debug)	Build toolchain	2026-10-07T23:28:16.5103435Z #6 30.19 Setting up xkb-data (2.41-2ubuntu1.1) ...
firmware (debug)	Build toolchain	2026-10-07T23:28:16.5104030Z #6 30.19 Setting up gcc-mingw-w64-base:amd64 (13.2.0-6ubuntu1+26.1) ...
firmware (debug)	Build toolchain	2026-10-07T23:28:16.5104574Z #6 30.19 Setting up libmpg123-0t64:amd64 (1.32.5-1ubuntu1.1) ...
firmware (debug)	Build toolchain	2026-10-07T23:28:16.5105594Z #6 30.19 Setting up libgomp1:amd64 (14.2.0-4ubuntu2~24.04.1) ...
firmware (debug)	Build toolchain	2026-10-07T23:28:16.5105993Z #6 30.20 Setting up libunwind8:amd64 (1.6.2-3build1.1) ...
firmware (debug)	Build toolchain	2026-10-07T23:28:16.5106364Z #6 30.20 Setting up libsframe1:amd64 (2.42-4ubuntu2.10) ...
firmware (debug)	Build toolchain	2026-10-07T23:28:16.5106699Z #6 30.20 Setting up ninja-build (1.11.1-2) ...
firmware (debug)	Build toolchain	2026-10-07T23:28:16.5107029Z #6 30.20 Setting up libelf1t64:amd64 (0.190-1.1ubuntu0.1) ...
firmware (debug)	Build toolchain	2026-10-07T23:28:16.5107380Z #6 30.20 Setting up libjansson4:amd64 (2.14-2build2) ...
firmware (debug)	Build toolchain	2026-10-07T23:28:16.5107767Z #6 30.20 Setting up libkrb5support0:amd64 (1.20.1-6ubuntu2.10) ...
firmware (debug)	Build toolchain	2026-10-07T23:28:16.5108131Z #6 30.21 Setting up libc6-x32 (2.39-0ubuntu8.9) ...
firmware (debug)	Build toolchain	2026-10-07T23:28:16.5108515Z #6 30.21 Setting up libsasl2-modules-db:amd64 (2.1.28+dfsg1-5ubuntu3.1) ...
firmware (debug)	Build toolchain	2026-10-07T23:28:16.5108921Z #6 30.21 Setting up tzdata (2026c-0ubuntu0.24.04.1) ...
firmware (debug)	Build toolchain	2026-10-07T23:28:16.5109199Z #6 30.29 
firmware (debug)	Build toolchain	2026-10-07T23:28:16.5109409Z #6 30.29 Current default time zone: 'Etc/UTC'
firmware (debug)	Build toolchain	2026-10-07T23:28:16.6099959Z #6 30.29 Local time is now:      Wed Oct  7 23:28:16 UTC 2026.
firmware (debug)	Build toolchain	2026-10-07T23:28:16.6101351Z #6 30.29 Universal Time is now:  Wed Oct  7 23:28:16 UTC 2026.
firmware (debug)	Build toolchain	2026-10-07T23:28:16.6102164Z #6 30.29 Run 'dpkg-reconfigure tzdata' if you wish to change it.
firmware (debug)	Build toolchain	2026-10-07T23:28:16.6102757Z #6 30.29 
firmware (debug)	Build toolchain	2026-10-07T23:28:16.6103140Z #6 30.30 Setting up libfontenc1:amd64 (1:1.1.8-1build1) ...
firmware (debug)	Build toolchain	2026-10-07T23:28:16.6103748Z #6 30.31 Setting up libglib2.0-0t64:amd64 (2.80.0-6ubuntu3.9) ...
firmware (debug)	Build toolchain	2026-10-07T23:28:16.6104179Z #6 30.32 No schema files found: doing nothing.
firmware (debug)	Build toolchain	2026-10-07T23:28:16.6104607Z #6 30.32 Setting up gcc-mingw-w64-i686-posix-runtime (13.2.0-6ubuntu1+26.1) ...
firmware (debug)	Build toolchain	2026-10-07T23:28:16.6105440Z #6 30.32 Setting up rpcsvc-proto (1.4.2-0ubuntu7) ...
firmware (debug)	Build toolchain	2026-10-07T23:28:16.6105824Z #6 30.33 Setting up gcc-13-base:amd64 (13.3.0-6ubuntu2~24.04.1) ...
firmware (debug)	Build toolchain	2026-10-07T23:28:16.6106191Z #6 30.33 Setting up libx11-data (2:1.8.7-1build1) ...
firmware (debug)	Build toolchain	2026-10-07T23:28:16.6106584Z #6 30.33 Setting up make (4.3-4.1build2) ...
firmware (debug)	Build toolchain	2026-10-07T23:28:16.6106897Z #6 30.34 Setting up libmpfr6:amd64 (4.2.1-1build1.1) ...
firmware (debug)	Build toolchain	2026-10-07T23:28:16.6107303Z #6 30.34 Setting up librtmp1:amd64 (2.4+20151223.gitfa8646d.1-2build7) ...
firmware (debug)	Build toolchain	2026-10-07T23:28:16.6107712Z #6 30.34 Setting up libdbus-1-3:amd64 (1.14.10-4ubuntu4.1) ...
firmware (debug)	Build toolchain	2026-10-07T23:28:16.6108087Z #6 30.35 Setting up xz-utils (5.6.1+really5.4.5-1ubuntu0.3) ...
firmware (debug)	Build toolchain	2026-10-07T23:28:16.6108564Z #6 30.35 update-alternatives: using /usr/bin/xz to provide /usr/bin/lzma (lzma) in auto mode
firmware (debug)	Build toolchain	2026-10-07T23:28:16.6109436Z #6 30.36 update-alternatives: warning: skip creation of /usr/share/man/man1/lzma.1.gz because associated file /usr/share/man/man1/xz.1.gz (of link group lzma) doesn't exist
firmware (debug)	Build toolchain	2026-10-07T23:28:16.6110561Z #6 30.36 update-alternatives: warning: skip creation of /usr/share/man/man1/unlzma.1.gz because associated file /usr/share/man/man1/unxz.1.gz (of link group lzma) doesn't exist
firmware (debug)	Build toolchain	2026-10-07T23:28:16.6111825Z #6 30.36 update-alternatives: warning: skip creation of /usr/share/man/man1/lzcat.1.gz because associated file /usr/share/man/man1/xzcat.1.gz (of link group lzma) doesn't exist
firmware (debug)	Build toolchain	2026-10-07T23:28:16.6113023Z #6 30.36 update-alternatives: warning: skip creation of /usr/share/man/man1/lzmore.1.gz because associated file /usr/share/man/man1/xzmore.1.gz (of link group lzma) doesn't exist
firmware (debug)	Build toolchain	2026-10-07T23:28:16.6114211Z #6 30.36 update-alternatives: warning: skip creation of /usr/share/man/man1/lzless.1.gz because associated file /usr/share/man/man1/xzless.1.gz (of link group lzma) doesn't exist
firmware (debug)	Build toolchain	2026-10-07T23:28:16.6115593Z #6 30.36 update-alternatives: warning: skip creation of /usr/share/man/man1/lzdiff.1.gz because associated file /usr/share/man/man1/xzdiff.1.gz (of link group lzma) doesn't exist
firmware (debug)	Build toolchain	2026-10-07T23:28:16.6116796Z #6 30.36 update-alternatives: warning: skip creation of /usr/share/man/man1/lzcmp.1.gz because associated file /usr/share/man/man1/xzcmp.1.gz (of link group lzma) doesn't exist
firmware (debug)	Build toolchain	2026-10-07T23:28:16.6117922Z #6 30.36 update-alternatives: warning: skip creation of /usr/share/man/man1/lzgrep.1.gz because associated file /usr/share/man/man1/xzgrep.1.gz (of link group lzma) doesn't exist
firmware (debug)	Build toolchain	2026-10-07T23:28:16.6121035Z #6 30.36 update-alternatives: warning: skip creation of /usr/share/man/man1/lzegrep.1.gz because associated file /usr/share/man/man1/xzegrep.1.gz (of link group lzma) doesn't exist
firmware (debug)	Build toolchain	2026-10-07T23:28:16.6122322Z #6 30.36 update-alternatives: warning: skip creation of /usr/share/man/man1/lzfgrep.1.gz because associated file /usr/share/man/man1/xzfgrep.1.gz (of link group lzma) doesn't exist
firmware (debug)	Build toolchain	2026-10-07T23:28:16.6123805Z #6 30.36 Setting up perl-modules-5.38 (5.38.2-3.2ubuntu0.6) ...
firmware (debug)	Build toolchain	2026-10-07T23:28:16.6124675Z #6 30.37 Setting up libopus0:amd64 (1.4-1build1) ...
firmware (debug)	Build toolchain	2026-10-07T23:28:16.6125345Z #6 30.37 Setting up libquadmath0:amd64 (14.2.0-4ubuntu2~24.04.1) ...
firmware (debug)	Build toolchain	2026-10-07T23:28:16.6126477Z #6 30.38 Setting up libpng16-16t64:amd64 (1.6.43-5ubuntu0.6) ...
firmware (debug)	Build toolchain	2026-10-07T23:28:16.6127116Z #6 30.38 Setting up libmpc3:amd64 (1.3.1-1build1.1) ...
firmware (debug)	Build toolchain	2026-10-07T23:28:16.6127742Z #6 30.38 Setting up libatomic1:amd64 (14.2.0-4ubuntu2~24.04.1) ...
firmware (debug)	Build toolchain	2026-10-07T23:28:16.6128398Z #6 30.39 Setting up libvorbis0a:amd64 (1.3.7-1build3) ...
firmware (debug)	Build toolchain	2026-10-07T23:28:16.7331048Z #6 30.39 Setting up libjsoncpp25:amd64 (1.9.5-6build1) ...
firmware (debug)	Build toolchain	2026-10-07T23:28:16.7331739Z #6 30.40 Setting up libsensors5:amd64 (1:3.6.0-9build1) ...
firmware (debug)	Build toolchain	2026-10-07T23:28:16.7332508Z #6 30.40 Setting up binutils-mingw-w64-i686 (2.41.90.20240122-1ubuntu1+11.4) ...
firmware (debug)	Build toolchain	2026-10-07T23:28:16.7333423Z #6 30.41 Setting up libk5crypto3:amd64 (1.20.1-6ubuntu2.10) ...
firmware (debug)	Build toolchain	2026-10-07T23:28:16.7334138Z #6 30.41 Setting up libfuse3-3:amd64 (3.14.0-5build1) ...
firmware (debug)	Build toolchain	2026-10-07T23:28:16.7334588Z #6 30.42 Setting up libx32gomp1 (14.2.0-4ubuntu2~24.04.1) ...
firmware (debug)	Build toolchain	2026-10-07T23:28:16.7335500Z #6 30.42 Setting up libsasl2-2:amd64 (2.1.28+dfsg1-5ubuntu3.1) ...
firmware (debug)	Build toolchain	2026-10-07T23:28:16.7336255Z #6 30.42 Setting up libvulkan1:amd64 (1.3.275.0-1build1) ...
firmware (debug)	Build toolchain	2026-10-07T23:28:16.7336929Z #6 30.42 Setting up lz4 (1.9.4-1build1.1) ...
firmware (debug)	Build toolchain	2026-10-07T23:28:16.7337566Z #6 30.43 Setting up libubsan1:amd64 (14.2.0-4ubuntu2~24.04.1) ...
firmware (debug)	Build toolchain	2026-10-07T23:28:16.7338086Z #6 30.43 Setting up libicu74:amd64 (74.2-1ubuntu3.1) ...
firmware (debug)	Build toolchain	2026-10-07T23:28:16.7338774Z #6 30.43 Setting up libnuma1:amd64 (2.0.18-1ubuntu0.24.04.1) ...
firmware (debug)	Build toolchain	2026-10-07T23:28:16.7339260Z #6 30.44 Setting up libslirp0:amd64 (4.7.0-1ubuntu3.1) ...
firmware (debug)	Build toolchain	2026-10-07T23:28:16.7339639Z #6 30.45 Setting up libaio1t64:amd64 (0.3.113-6build1.1) ...
firmware (debug)	Build toolchain	2026-10-07T23:28:16.7340399Z #6 30.45 Setting up gcc-mingw-w64-i686-win32-runtime (13.2.0-6ubuntu1+26.1) ...
firmware (debug)	Build toolchain	2026-10-07T23:28:16.7341150Z #6 30.46 Setting up libasyncns0:amd64 (0.8-6build4) ...
firmware (debug)	Build toolchain	2026-10-07T23:28:16.7341575Z #6 30.46 Setting up libxshmfence1:amd64 (1.3-1build5) ...
firmware (debug)	Build toolchain	2026-10-07T23:28:16.7341941Z #6 30.46 Setting up libhwasan0:amd64 (14.2.0-4ubuntu2~24.04.1) ...
firmware (debug)	Build toolchain	2026-10-07T23:28:16.7342427Z #6 30.46 Setting up librhash0:amd64 (1.4.3-3build1) ...
firmware (debug)	Build toolchain	2026-10-07T23:28:16.7343055Z #6 30.47 Setting up libcrypt-dev:amd64 (1:4.4.36-4build1) ...
firmware (debug)	Build toolchain	2026-10-07T23:28:16.7343754Z #6 30.47 Setting up libasan8:amd64 (14.2.0-4ubuntu2~24.04.1) ...
firmware (debug)	Build toolchain	2026-10-07T23:28:16.7344443Z #6 30.48 Setting up bison (2:3.8.2+dfsg-1ubuntu0.24.04.1) ...
firmware (debug)	Build toolchain	2026-10-07T23:28:16.7345370Z #6 30.48 update-alternatives: using /usr/bin/bison.yacc to provide /usr/bin/yacc (yacc) in auto mode
firmware (debug)	Build toolchain	2026-10-07T23:28:16.7346544Z #6 30.48 update-alternatives: warning: skip creation of /usr/share/man/man1/yacc.1.gz because associated file /usr/share/man/man1/bison.yacc.1.gz (of link group yacc) doesn't exist
firmware (debug)	Build toolchain	2026-10-07T23:28:16.7347580Z #6 30.48 Setting up libc6-i386 (2.39-0ubuntu8.9) ...
firmware (debug)	Build toolchain	2026-10-07T23:28:16.7348138Z #6 30.51 Setting up git-man (1:2.43.0-1ubuntu7.3) ...
firmware (debug)	Build toolchain	2026-10-07T23:28:16.8336890Z #6 30.51 Setting up libx32quadmath0 (14.2.0-4ubuntu2~24.04.1) ...
firmware (debug)	Build toolchain	2026-10-07T23:28:16.8337486Z #6 30.54 Setting up netbase (6.4) ...
firmware (debug)	Build toolchain	2026-10-07T23:28:16.8337820Z #6 30.54 Setting up cmake-data (3.28.3-1build7) ...
firmware (debug)	Build toolchain	2026-10-07T23:28:16.8338210Z #6 30.55 Setting up libkrb5-3:amd64 (1.20.1-6ubuntu2.10) ...
firmware (debug)	Build toolchain	2026-10-07T23:28:16.8338734Z #6 30.55 Setting up libflac12t64:amd64 (1.4.3+ds-2.1ubuntu2) ...
firmware (debug)	Build toolchain	2026-10-07T23:28:16.8339156Z #6 30.55 Setting up libperl5.38t64:amd64 (5.38.2-3.2ubuntu0.6) ...
firmware (debug)	Build toolchain	2026-10-07T23:28:16.8339842Z #6 30.55 Setting up libtsan2:amd64 (14.2.0-4ubuntu2~24.04.1) ...
firmware (debug)	Build toolchain	2026-10-07T23:28:16.8340225Z #6 30.56 Setting up mingw-w64-common (11.0.1-3build1) ...
firmware (debug)	Build toolchain	2026-10-07T23:28:16.8340605Z #6 30.56 Setting up libbinutils:amd64 (2.42-4ubuntu2.10) ...
firmware (debug)	Build toolchain	2026-10-07T23:28:16.8341007Z #6 30.56 Setting up liburing2:amd64 (2.5-1build1) ...
firmware (debug)	Build toolchain	2026-10-07T23:28:16.8341417Z #6 30.57 Setting up libisl23:amd64 (0.26-3build1.1) ...
firmware (debug)	Build toolchain	2026-10-07T23:28:16.8341769Z #6 30.57 Setting up libc-dev-bin (2.39-0ubuntu8.9) ...
firmware (debug)	Build toolchain	2026-10-07T23:28:16.8342129Z #6 30.57 Setting up libsamplerate0:amd64 (0.2.2-4build1) ...
firmware (debug)	Build toolchain	2026-10-07T23:28:16.8342488Z #6 30.57 Setting up openssl (3.0.13-0ubuntu3.16) ...
firmware (debug)	Build toolchain	2026-10-07T23:28:16.8342831Z #6 30.57 Setting up libbsd0:amd64 (0.12.1-1build1.1) ...
firmware (debug)	Build toolchain	2026-10-07T23:28:16.8343216Z #6 30.58 Setting up libdrm-common (2.4.125-1ubuntu0.1~24.04.2) ...
firmware (debug)	Build toolchain	2026-10-07T23:28:16.8343618Z #6 30.58 Setting up libhiredis1.1.0:amd64 (1.2.0-6ubuntu3) ...
firmware (debug)	Build toolchain	2026-10-07T23:28:16.8343994Z #6 30.58 Setting up readline-common (8.2-4build1) ...
firmware (debug)	Build toolchain	2026-10-07T23:28:16.8344517Z #6 30.58 Setting up libxml2:amd64 (2.9.14+dfsg-1.3ubuntu3.9) ...
firmware (debug)	Build toolchain	2026-10-07T23:28:16.8345104Z #6 30.59 Setting up lib32atomic1 (14.2.0-4ubuntu2~24.04.1) ...
firmware (debug)	Build toolchain	2026-10-07T23:28:16.8345682Z #6 30.59 Setting up libcc1-0:amd64 (14.2.0-4ubuntu2~24.04.1) ...
firmware (debug)	Build toolchain	2026-10-07T23:28:16.8346104Z #6 30.59 Setting up libldap2:amd64 (2.6.10+dfsg-0ubuntu0.24.04.1) ...
firmware (debug)	Build toolchain	2026-10-07T23:28:16.8346709Z #6 30.59 Setting up liblsan0:amd64 (14.2.0-4ubuntu2~24.04.1) ...
firmware (debug)	Build toolchain	2026-10-07T23:28:16.8347126Z #6 30.60 Setting up libmp3lame0:amd64 (3.100-6build1) ...
firmware (debug)	Build toolchain	2026-10-07T23:28:16.8347498Z #6 30.60 Setting up libitm1:amd64 (14.2.0-4ubuntu2~24.04.1) ...
firmware (debug)	Build toolchain	2026-10-07T23:28:16.8347886Z #6 30.60 Setting up libvorbisenc2:amd64 (1.3.7-1build3) ...
firmware (debug)	Build toolchain	2026-10-07T23:28:16.8348368Z #6 30.60 Setting up libx32atomic1 (14.2.0-4ubuntu2~24.04.1) ...
firmware (debug)	Build toolchain	2026-10-07T23:28:16.8348854Z #6 30.60 Setting up libwayland-client0:amd64 (1.22.0-2.1build1) ...
firmware (debug)	Build toolchain	2026-10-07T23:28:16.8349262Z #6 30.61 Setting up libctf0:amd64 (2.42-4ubuntu2.10) ...
firmware (debug)	Build toolchain	2026-10-07T23:28:16.8349616Z #6 30.61 Setting up libice6:amd64 (2:1.0.10-1build3) ...
firmware (debug)	Build toolchain	2026-10-07T23:28:16.8349976Z #6 30.61 Setting up libxdmcp6:amd64 (1:1.1.3-0ubuntu6) ...
firmware (debug)	Build toolchain	2026-10-07T23:28:16.8350347Z #6 30.61 Setting up flex (2.6.4-8.2build1) ...
firmware (debug)	Build toolchain	2026-10-07T23:28:17.0189527Z #6 30.62 Setting up libxcb1:amd64 (1.15-1ubuntu2) ...
firmware (debug)	Build toolchain	2026-10-07T23:28:17.0190512Z #6 30.62 Setting up lib32itm1 (14.2.0-4ubuntu2~24.04.1) ...
firmware (debug)	Build toolchain	2026-10-07T23:28:17.0191477Z #6 30.62 Setting up libxcb-xfixes0:amd64 (1.15-1ubuntu2) ...
firmware (debug)	Build toolchain	2026-10-07T23:28:17.0192193Z #6 30.62 Setting up cpp-13-x86-64-linux-gnu (13.3.0-6ubuntu2~24.04.1) ...
firmware (debug)	Build toolchain	2026-10-07T23:28:17.0192891Z #6 30.62 Setting up libx32gcc-s1 (14.2.0-4ubuntu2~24.04.1) ...
firmware (debug)	Build toolchain	2026-10-07T23:28:17.0193508Z #6 30.63 Setting up libxcb-glx0:amd64 (1.15-1ubuntu2) ...
firmware (debug)	Build toolchain	2026-10-07T23:28:17.0194128Z #6 30.63 Setting up libedit2:amd64 (3.1-20230828-1build1) ...
firmware (debug)	Build toolchain	2026-10-07T23:28:17.0194686Z #6 30.63 Setting up ccache (4.9.1-1) ...
firmware (debug)	Build toolchain	2026-10-07T23:28:17.0195406Z #6 30.63 Updating symlinks in /usr/lib/ccache ...
firmware (debug)	Build toolchain	2026-10-07T23:28:17.0195801Z #6 30.64 Setting up libx32itm1 (14.2.0-4ubuntu2~24.04.1) ...
firmware (debug)	Build toolchain	2026-10-07T23:28:17.0196163Z #6 30.64 Setting up libxcb-shm0:amd64 (1.15-1ubuntu2) ...
firmware (debug)	Build toolchain	2026-10-07T23:28:17.0196522Z #6 30.64 Setting up libx32asan8 (14.2.0-4ubuntu2~24.04.1) ...
firmware (debug)	Build toolchain	2026-10-07T23:28:17.0196887Z #6 30.64 Setting up libxcb-present0:amd64 (1.15-1ubuntu2) ...
firmware (debug)	Build toolchain	2026-10-07T23:28:17.0197247Z #6 30.65 Setting up ca-certificates (20260601~24.04.1) ...
firmware (debug)	Build toolchain	2026-10-07T23:28:17.2216401Z #6 31.00 Updating certificates in /etc/ssl/certs...
firmware (debug)	Build toolchain	2026-10-07T23:28:17.6547779Z #6 31.43 121 added, 0 removed; done.
firmware (debug)	Build toolchain	2026-10-07T23:28:17.7554749Z #6 31.45 Setting up perl (5.38.2-3.2ubuntu0.6) ...
firmware (debug)	Build toolchain	2026-10-07T23:28:17.7555665Z #6 31.46 Setting up libgprofng0:amd64 (2.42-4ubuntu2.10) ...
firmware (debug)	Build toolchain	2026-10-07T23:28:17.7556276Z #6 31.46 Setting up lib32gomp1 (14.2.0-4ubuntu2~24.04.1) ...
firmware (debug)	Build toolchain	2026-10-07T23:28:17.7556929Z #6 31.46 Setting up libfreetype6:amd64 (2.13.2+dfsg-1ubuntu0.2) ...
firmware (debug)	Build toolchain	2026-10-07T23:28:17.7559598Z #6 31.46 Setting up lib32gcc-s1 (14.2.0-4ubuntu2~24.04.1) ...
firmware (debug)	Build toolchain	2026-10-07T23:28:17.7560289Z #6 31.46 Setting up lib32stdc++6 (14.2.0-4ubuntu2~24.04.1) ...
firmware (debug)	Build toolchain	2026-10-07T23:28:17.7560865Z #6 31.47 Setting up libxcb-sync1:amd64 (1.15-1ubuntu2) ...
firmware (debug)	Build toolchain	2026-10-07T23:28:17.7561364Z #6 31.47 Setting up lib32asan8 (14.2.0-4ubuntu2~24.04.1) ...
firmware (debug)	Build toolchain	2026-10-07T23:28:17.7562007Z #6 31.48 Setting up libgssapi-krb5-2:amd64 (1.20.1-6ubuntu2.10) ...
firmware (debug)	Build toolchain	2026-10-07T23:28:17.7562498Z #6 31.48 Setting up libllvm20:amd64 (1:20.1.2-0ubuntu1~24.04.3) ...
firmware (debug)	Build toolchain	2026-10-07T23:28:17.7563098Z #6 31.48 Setting up libssh-4:amd64 (0.10.6-2ubuntu0.5) ...
firmware (debug)	Build toolchain	2026-10-07T23:28:17.7563609Z #6 31.48 Setting up libreadline8t64:amd64 (8.2-4build1) ...
firmware (debug)	Build toolchain	2026-10-07T23:28:17.7564176Z #6 31.48 Setting up libdrm2:amd64 (2.4.125-1ubuntu0.1~24.04.2) ...
firmware (debug)	Build toolchain	2026-10-07T23:28:17.7564847Z #6 31.49 Setting up libgcc-13-dev:amd64 (13.3.0-6ubuntu2~24.04.1) ...
firmware (debug)	Build toolchain	2026-10-07T23:28:17.7565756Z #6 31.49 Setting up libxcb-randr0:amd64 (1.15-1ubuntu2) ...
firmware (debug)	Build toolchain	2026-10-07T23:28:17.7566357Z #6 31.49 Setting up lib32quadmath0 (14.2.0-4ubuntu2~24.04.1) ...
firmware (debug)	Build toolchain	2026-10-07T23:28:17.7567210Z #6 31.49 Setting up mingw-w64-i686-dev (11.0.1-3build1) ...
firmware (debug)	Build toolchain	2026-10-07T23:28:17.7567830Z #6 31.49 Setting up libc6-dev:amd64 (2.39-0ubuntu8.9) ...
firmware (debug)	Build toolchain	2026-10-07T23:28:17.7568302Z #6 31.50 Setting up libx11-6:amd64 (2:1.8.7-1build1) ...
firmware (debug)	Build toolchain	2026-10-07T23:28:17.7568718Z #6 31.50 Setting up libsndfile1:amd64 (1.2.2-1ubuntu5.24.04.1) ...
firmware (debug)	Build toolchain	2026-10-07T23:28:17.7569281Z #6 31.50 Setting up libxkbfile1:amd64 (1:1.1.0-1build4) ...
firmware (debug)	Build toolchain	2026-10-07T23:28:17.7569737Z #6 31.50 Setting up qemu-utils (1:8.2.2+ds-0ubuntu1.18) ...
firmware (debug)	Build toolchain	2026-10-07T23:28:17.7570073Z #6 31.51 Setting up libsm6:amd64 (2:1.2.3-1build3) ...
firmware (debug)	Build toolchain	2026-10-07T23:28:17.7570594Z #6 31.51 Setting up libarchive13t64:amd64 (3.7.2-2ubuntu0.8) ...
firmware (debug)	Build toolchain	2026-10-07T23:28:17.7571233Z #6 31.51 Setting up libxfont2:amd64 (1:2.0.6-1+deb13u1build0.24.04.2) ...
firmware (debug)	Build toolchain	2026-10-07T23:28:17.7571962Z #6 31.51 Setting up libxmuu1:amd64 (2:1.1.3-3build2) ...
firmware (debug)	Build toolchain	2026-10-07T23:28:17.7573809Z #6 31.51 Setting up libstdc++-13-dev:amd64 (13.3.0-6ubuntu2~24.04.1) ...
firmware (debug)	Build toolchain	2026-10-07T23:28:17.7574678Z #6 31.52 Setting up binutils-x86-64-linux-gnu (2.42-4ubuntu2.10) ...
firmware (debug)	Build toolchain	2026-10-07T23:28:17.7575518Z #6 31.52 Setting up libdrm-amdgpu1:amd64 (2.4.125-1ubuntu0.1~24.04.2) ...
firmware (debug)	Build toolchain	2026-10-07T23:28:17.7575967Z #6 31.52 Setting up libx32stdc++6 (14.2.0-4ubuntu2~24.04.1) ...
firmware (debug)	Build toolchain	2026-10-07T23:28:17.7576503Z #6 31.52 Setting up cpp-x86-64-linux-gnu (4:13.2.0-7ubuntu1) ...
firmware (debug)	Build toolchain	2026-10-07T23:28:17.7577014Z #6 31.52 Setting up libxcb-dri3-0:amd64 (1.15-1ubuntu2) ...
firmware (debug)	Build toolchain	2026-10-07T23:28:17.7577411Z #6 31.53 Setting up gcc-mingw-w64-i686-win32 (13.2.0-6ubuntu1+26.1) ...
firmware (debug)	Build toolchain	2026-10-07T23:28:17.7578486Z #6 31.53 update-alternatives: using /usr/bin/i686-w64-mingw32-gcc-win32 to provide /usr/bin/i686-w64-mingw32-gcc (i686-w64-mingw32-gcc) in auto mode
firmware (debug)	Build toolchain	2026-10-07T23:28:17.7579458Z #6 31.53 Setting up libx11-xcb1:amd64 (2:1.8.7-1build1) ...
firmware (debug)	Build toolchain	2026-10-07T23:28:17.7579877Z #6 31.53 Setting up libc6-dev-i386 (2.39-0ubuntu8.9) ...
firmware (debug)	Build toolchain	2026-10-07T23:28:17.9586737Z #6 31.54 Setting up libpython3.12-stdlib:amd64 (3.12.3-1ubuntu0.17) ...
firmware (debug)	Build toolchain	2026-10-07T23:28:17.9587485Z #6 31.54 Setting up libxpm4:amd64 (1:3.5.17-1ubuntu0.24.04.2) ...
firmware (debug)	Build toolchain	2026-10-07T23:28:17.9587966Z #6 31.56 Setting up libx32ubsan1 (14.2.0-4ubuntu2~24.04.1) ...
firmware (debug)	Build toolchain	2026-10-07T23:28:17.9588418Z #6 31.56 Setting up cpp-13 (13.3.0-6ubuntu2~24.04.1) ...
firmware (debug)	Build toolchain	2026-10-07T23:28:17.9588863Z #6 31.57 Setting up libxrender1:amd64 (1:0.9.10-1.1build1) ...
firmware (debug)	Build toolchain	2026-10-07T23:28:17.9589390Z #6 31.57 Setting up g++-mingw-w64-i686-win32 (13.2.0-6ubuntu1+26.1) ...
firmware (debug)	Build toolchain	2026-10-07T23:28:17.9590414Z #6 31.57 update-alternatives: using /usr/bin/i686-w64-mingw32-g++-win32 to provide /usr/bin/i686-w64-mingw32-g++ (i686-w64-mingw32-g++) in auto mode
firmware (debug)	Build toolchain	2026-10-07T23:28:17.9591269Z #6 31.57 Setting up libcurl4t64:amd64 (8.5.0-2ubuntu10.15) ...
firmware (debug)	Build toolchain	2026-10-07T23:28:17.9591749Z #6 31.57 Setting up libpulse0:amd64 (1:16.1+dfsg1-2ubuntu10.1) ...
firmware (debug)	Build toolchain	2026-10-07T23:28:17.9592266Z #6 31.58 Setting up gcc-13-x86-64-linux-gnu (13.3.0-6ubuntu2~24.04.1) ...
firmware (debug)	Build toolchain	2026-10-07T23:28:17.9593011Z #6 31.59 Setting up python3.12 (3.12.3-1ubuntu0.17) ...
firmware (debug)	Build toolchain	2026-10-07T23:28:18.5822050Z #6 32.36 Setting up gcc-mingw-w64-i686-posix (13.2.0-6ubuntu1+26.1) ...
firmware (debug)	Build toolchain	2026-10-07T23:28:18.7466113Z #6 32.36 Setting up libdrm-intel1:amd64 (2.4.125-1ubuntu0.1~24.04.2) ...
firmware (debug)	Build toolchain	2026-10-07T23:28:18.7466707Z #6 32.37 Setting up libcurl3t64-gnutls:amd64 (8.5.0-2ubuntu10.15) ...
firmware (debug)	Build toolchain	2026-10-07T23:28:18.7467233Z #6 32.37 Setting up libxext6:amd64 (2:1.3.4-1build2) ...
firmware (debug)	Build toolchain	2026-10-07T23:28:18.7467704Z #6 32.37 Setting up binutils (2.42-4ubuntu2.10) ...
firmware (debug)	Build toolchain	2026-10-07T23:28:18.7468277Z #6 32.37 Setting up lib32ubsan1 (14.2.0-4ubuntu2~24.04.1) ...
firmware (debug)	Build toolchain	2026-10-07T23:28:18.7468843Z #6 32.38 Setting up lib32gcc-13-dev (13.3.0-6ubuntu2~24.04.1) ...
firmware (debug)	Build toolchain	2026-10-07T23:28:18.7469447Z #6 32.38 Setting up libxxf86vm1:amd64 (1:1.1.4-1build4) ...
firmware (debug)	Build toolchain	2026-10-07T23:28:18.7470066Z #6 32.38 Setting up liberror-perl (0.17029-2) ...
firmware (debug)	Build toolchain	2026-10-07T23:28:18.7470699Z #6 32.38 Setting up libc6-dev-x32 (2.39-0ubuntu8.9) ...
firmware (debug)	Build toolchain	2026-10-07T23:28:18.7471294Z #6 32.38 Setting up gcc-mingw-w64-i686 (13.2.0-6ubuntu1+26.1) ...
firmware (debug)	Build toolchain	2026-10-07T23:28:18.7472138Z #6 32.39 Setting up libxt6t64:amd64 (1:1.2.1-1.2build1) ...
firmware (debug)	Build toolchain	2026-10-07T23:28:18.7472610Z #6 32.39 Setting up libx32gcc-13-dev (13.3.0-6ubuntu2~24.04.1) ...
firmware (debug)	Build toolchain	2026-10-07T23:28:18.7472978Z #6 32.39 Setting up gcc-13 (13.3.0-6ubuntu2~24.04.1) ...
firmware (debug)	Build toolchain	2026-10-07T23:28:18.7473494Z #6 32.39 Setting up libxrandr2:amd64 (2:1.5.2-2build1) ...
firmware (debug)	Build toolchain	2026-10-07T23:28:18.7474099Z #6 32.40 Setting up git (1:2.43.0-1ubuntu7.3) ...
firmware (debug)	Build toolchain	2026-10-07T23:28:18.7474476Z #6 32.40 Setting up xauth (1:1.1.2-1build1) ...
firmware (debug)	Build toolchain	2026-10-07T23:28:18.7475277Z #6 32.40 Setting up cpp (4:13.2.0-7ubuntu1) ...
firmware (debug)	Build toolchain	2026-10-07T23:28:18.7475932Z #6 32.41 Setting up cmake (3.28.3-1build7) ...
firmware (debug)	Build toolchain	2026-10-07T23:28:18.7476345Z #6 32.41 Setting up g++-mingw-w64-i686-posix (13.2.0-6ubuntu1+26.1) ...
firmware (debug)	Build toolchain	2026-10-07T23:28:18.7476831Z #6 32.42 Setting up curl (8.5.0-2ubuntu10.15) ...
firmware (debug)	Build toolchain	2026-10-07T23:28:18.7477414Z #6 32.42 Setting up gcc-13-multilib (13.3.0-6ubuntu2~24.04.1) ...
firmware (debug)	Build toolchain	2026-10-07T23:28:18.7478151Z #6 32.42 Setting up lib32stdc++-13-dev (13.3.0-6ubuntu2~24.04.1) ...
firmware (debug)	Build toolchain	2026-10-07T23:28:18.7478921Z #6 32.42 Setting up libpython3-stdlib:amd64 (3.12.3-0ubuntu2.1) ...
firmware (debug)	Build toolchain	2026-10-07T23:28:18.7479466Z #6 32.42 Setting up mesa-libgallium:amd64 (25.2.8-0ubuntu0.24.04.4) ...
firmware (debug)	Build toolchain	2026-10-07T23:28:18.7480000Z #6 32.43 Setting up libxmu6:amd64 (2:1.1.3-3build2) ...
firmware (debug)	Build toolchain	2026-10-07T23:28:18.7480540Z #6 32.43 Setting up g++-13-x86-64-linux-gnu (13.3.0-6ubuntu2~24.04.1) ...
firmware (debug)	Build toolchain	2026-10-07T23:28:18.7480964Z #6 32.43 Setting up gcc-x86-64-linux-gnu (4:13.2.0-7ubuntu1) ...
firmware (debug)	Build toolchain	2026-10-07T23:28:18.7481537Z #6 32.43 Setting up libgbm1:amd64 (25.2.8-0ubuntu0.24.04.4) ...
firmware (debug)	Build toolchain	2026-10-07T23:28:18.7482250Z #6 32.43 Setting up libgl1-mesa-dri:amd64 (25.2.8-0ubuntu0.24.04.4) ...
firmware (debug)	Build toolchain	2026-10-07T23:28:18.7482791Z #6 32.44 Setting up libx32stdc++-13-dev (13.3.0-6ubuntu2~24.04.1) ...
firmware (debug)	Build toolchain	2026-10-07T23:28:18.7483285Z #6 32.44 Setting up python3 (3.12.3-0ubuntu2.1) ...
firmware (debug)	Build toolchain	2026-10-07T23:28:18.7483839Z #6 32.52 Setting up libxaw7:amd64 (2:1.0.14-1build2) ...
firmware (debug)	Build toolchain	2026-10-07T23:28:18.9667142Z #6 32.53 Setting up gcc (4:13.2.0-7ubuntu1) ...
firmware (debug)	Build toolchain	2026-10-07T23:28:18.9667960Z #6 32.54 Setting up g++-mingw-w64-i686 (13.2.0-6ubuntu1+26.1) ...
firmware (debug)	Build toolchain	2026-10-07T23:28:18.9668721Z #6 32.54 Setting up libegl-mesa0:amd64 (25.2.8-0ubuntu0.24.04.4) ...
firmware (debug)	Build toolchain	2026-10-07T23:28:18.9669389Z #6 32.54 Setting up libegl1:amd64 (1.7.0-1build1) ...
firmware (debug)	Build toolchain	2026-10-07T23:28:18.9670044Z #6 32.54 Setting up g++-x86-64-linux-gnu (4:13.2.0-7ubuntu1) ...
firmware (debug)	Build toolchain	2026-10-07T23:28:18.9670705Z #6 32.55 Setting up gcc-multilib (4:13.2.0-7ubuntu1) ...
firmware (debug)	Build toolchain	2026-10-07T23:28:18.9671315Z #6 32.55 Setting up g++-13 (13.3.0-6ubuntu2~24.04.1) ...
firmware (debug)	Build toolchain	2026-10-07T23:28:18.9671752Z #6 32.55 Setting up libglx-mesa0:amd64 (25.2.8-0ubuntu0.24.04.4) ...
firmware (debug)	Build toolchain	2026-10-07T23:28:18.9672237Z #6 32.55 Setting up libglx0:amd64 (1.7.0-1build1) ...
firmware (debug)	Build toolchain	2026-10-07T23:28:18.9672585Z #6 32.55 Setting up x11-xkb-utils (7.7+8build2) ...
firmware (debug)	Build toolchain	2026-10-07T23:28:18.9672945Z #6 32.56 Setting up g++-13-multilib (13.3.0-6ubuntu2~24.04.1) ...
firmware (debug)	Build toolchain	2026-10-07T23:28:18.9673344Z #6 32.56 Setting up libgl1:amd64 (1.7.0-1build1) ...
firmware (debug)	Build toolchain	2026-10-07T23:28:18.9673968Z #6 32.56 Setting up g++ (4:13.2.0-7ubuntu1) ...
firmware (debug)	Build toolchain	2026-10-07T23:28:18.9674438Z #6 32.56 update-alternatives: using /usr/bin/g++ to provide /usr/bin/c++ (c++) in auto mode
firmware (debug)	Build toolchain	2026-10-07T23:28:18.9675610Z #6 32.56 update-alternatives: warning: skip creation of /usr/share/man/man1/c++.1.gz because associated file /usr/share/man/man1/g++.1.gz (of link group c++) doesn't exist
firmware (debug)	Build toolchain	2026-10-07T23:28:18.9676378Z #6 32.56 Setting up xserver-common (2:21.1.12-1ubuntu1.8) ...
firmware (debug)	Build toolchain	2026-10-07T23:28:18.9676734Z #6 32.57 Setting up xvfb (2:21.1.12-1ubuntu1.8) ...
firmware (debug)	Build toolchain	2026-10-07T23:28:18.9677070Z #6 32.57 Setting up g++-multilib (4:13.2.0-7ubuntu1) ...
firmware (debug)	Build toolchain	2026-10-07T23:28:18.9677437Z #6 32.57 Processing triggers for libc-bin (2.39-0ubuntu8.9) ...
firmware (debug)	Build toolchain	2026-10-07T23:28:18.9677851Z #6 32.59 Processing triggers for ca-certificates (20260601~24.04.1) ...
firmware (debug)	Build toolchain	2026-10-07T23:28:18.9678244Z #6 32.59 Updating certificates in /etc/ssl/certs...
firmware (debug)	Build toolchain	2026-10-07T23:28:19.1572927Z #6 32.94 0 added, 0 removed; done.
firmware (debug)	Build toolchain	2026-10-07T23:28:19.1573689Z #6 32.94 Running hooks in /etc/ca-certificates/update.d...
firmware (debug)	Build toolchain	2026-10-07T23:28:19.3122075Z #6 32.94 done.
firmware (debug)	Build toolchain	2026-10-07T23:28:22.2336688Z #6 DONE 36.0s
firmware (debug)	Build toolchain	2026-10-07T23:28:22.3853288Z 
firmware (debug)	Build toolchain	2026-10-07T23:28:22.3854391Z #7 [stage-0 3/4] RUN apt-get update && apt-get install -y --no-install-recommends libusb-1.0-0 &&     rm -rf /var/lib/apt/lists/*
firmware (debug)	Build toolchain	2026-10-07T23:28:22.9761331Z #7 0.741 Get:1 http://archive.ubuntu.com/ubuntu noble InRelease [256 kB]
firmware (debug)	Build toolchain	2026-10-07T23:28:22.9762238Z #7 0.741 Get:2 http://security.ubuntu.com/ubuntu noble-security InRelease [126 kB]
firmware (debug)	Build toolchain	2026-10-07T23:28:23.5957645Z #7 1.361 Get:3 http://security.ubuntu.com/ubuntu noble-security/multiverse amd64 Packages [50.0 kB]
firmware (debug)	Build toolchain	2026-10-07T23:28:23.7087097Z #7 1.474 Get:4 http://archive.ubuntu.com/ubuntu noble-updates InRelease [126 kB]
firmware (debug)	Build toolchain	2026-10-07T23:28:23.8891466Z #7 1.532 Get:5 http://security.ubuntu.com/ubuntu noble-security/main amd64 Packages [1323 kB]
firmware (debug)	Build toolchain	2026-10-07T23:28:23.8892335Z #7 1.654 Get:6 http://archive.ubuntu.com/ubuntu noble-backports InRelease [126 kB]
firmware (debug)	Build toolchain	2026-10-07T23:28:24.0713599Z #7 1.836 Get:7 http://archive.ubuntu.com/ubuntu noble/multiverse amd64 Packages [331 kB]
firmware (debug)	Build toolchain	2026-10-07T23:28:24.4556645Z #7 2.221 Get:8 http://security.ubuntu.com/ubuntu noble-security/universe amd64 Packages [1545 kB]
firmware (debug)	Build toolchain	2026-10-07T23:28:24.7144386Z #7 2.480 Get:9 http://security.ubuntu.com/ubuntu noble-security/restricted amd64 Packages [1943 kB]
firmware (debug)	Build toolchain	2026-10-07T23:28:24.9259865Z #7 2.691 Get:10 http://archive.ubuntu.com/ubuntu noble/main amd64 Packages [1808 kB]
firmware (debug)	Build toolchain	2026-10-07T23:28:26.2703103Z #7 4.035 Get:11 http://archive.ubuntu.com/ubuntu noble/universe amd64 Packages [19.3 MB]
firmware (debug)	Build toolchain	2026-10-07T23:28:27.1806677Z #7 4.946 Get:12 http://archive.ubuntu.com/ubuntu noble/restricted amd64 Packages [117 kB]
firmware (debug)	Build toolchain	2026-10-07T23:28:27.4084281Z #7 4.946 Get:13 http://archive.ubuntu.com/ubuntu noble-updates/universe amd64 Packages [2165 kB]
firmware (debug)	Build toolchain	2026-10-07T23:28:27.4085654Z #7 4.971 Get:14 http://archive.ubuntu.com/ubuntu noble-updates/main amd64 Packages [1701 kB]
firmware (debug)	Build toolchain	2026-10-07T23:28:27.4086522Z #7 4.993 Get:15 http://archive.ubuntu.com/ubuntu noble-updates/multiverse amd64 Packages [56.2 kB]
firmware (debug)	Build toolchain	2026-10-07T23:28:27.4087351Z #7 4.994 Get:16 http://archive.ubuntu.com/ubuntu noble-updates/restricted amd64 Packages [2138 kB]
firmware (debug)	Build toolchain	2026-10-07T23:28:27.4088175Z #7 5.022 Get:17 http://archive.ubuntu.com/ubuntu noble-backports/multiverse amd64 Packages [671 B]
firmware (debug)	Build toolchain	2026-10-07T23:28:27.4089025Z #7 5.022 Get:18 http://archive.ubuntu.com/ubuntu noble-backports/universe amd64 Packages [36.0 kB]
firmware (debug)	Build toolchain	2026-10-07T23:28:27.4089803Z #7 5.023 Get:19 http://archive.ubuntu.com/ubuntu noble-backports/main amd64 Packages [49.0 kB]
firmware (debug)	Build toolchain	2026-10-07T23:28:27.9966442Z #7 5.762 Fetched 33.2 MB in 6s (5917 kB/s)
firmware (debug)	Build toolchain	2026-10-07T23:28:28.7878571Z #7 5.762 Reading package lists...
firmware (debug)	Build toolchain	2026-10-07T23:28:29.5904430Z #7 6.570 Reading package lists...
firmware (debug)	Build toolchain	2026-10-07T23:28:29.7759928Z #7 7.365 Building dependency tree...
firmware (debug)	Build toolchain	2026-10-07T23:28:29.9262020Z #7 7.541 Reading state information...
firmware (debug)	Build toolchain	2026-10-07T23:28:29.9380599Z #7 7.703 The following NEW packages will be installed:
firmware (debug)	Build toolchain	2026-10-07T23:28:30.0889831Z #7 7.704   libusb-1.0-0
firmware (debug)	Build toolchain	2026-10-07T23:28:30.2541917Z #7 8.019 0 upgraded, 1 newly installed, 0 to remove and 2 not upgraded.
firmware (debug)	Build toolchain	2026-10-07T23:28:30.2542641Z #7 8.019 Need to get 54.0 kB of archives.
firmware (debug)	Build toolchain	2026-10-07T23:28:30.2543248Z #7 8.019 After this operation, 140 kB of additional disk space will be used.
firmware (debug)	Build toolchain	2026-10-07T23:28:30.2544051Z #7 8.019 Get:1 http://archive.ubuntu.com/ubuntu noble/main amd64 libusb-1.0-0 amd64 2:1.0.27-1 [54.0 kB]
firmware (debug)	Build toolchain	2026-10-07T23:28:30.7038123Z #7 8.469 debconf: delaying package configuration, since apt-utils is not installed
firmware (debug)	Build toolchain	2026-10-07T23:28:30.8267605Z #7 8.495 Fetched 54.0 kB in 1s (84.4 kB/s)
firmware (debug)	Build toolchain	2026-10-07T23:28:30.8269109Z #7 8.508 Selecting previously unselected package libusb-1.0-0:amd64.
firmware (debug)	Build toolchain	2026-10-07T23:28:30.8270257Z #7 8.508 (Reading database ... 
firmware (debug)	Build toolchain	2026-10-07T23:28:30.8271075Z (Reading database ... 5%
firmware (debug)	Build toolchain	2026-10-07T23:28:30.8271599Z (Reading database ... 10%
firmware (debug)	Build toolchain	2026-10-07T23:28:30.8272213Z (Reading database ... 15%
firmware (debug)	Build toolchain	2026-10-07T23:28:30.8272583Z (Reading database ... 20%
firmware (debug)	Build toolchain	2026-10-07T23:28:30.8273252Z (Reading database ... 25%
firmware (debug)	Build toolchain	2026-10-07T23:28:30.8274020Z (Reading database ... 30%
firmware (debug)	Build toolchain	2026-10-07T23:28:30.8274712Z (Reading database ... 35%
firmware (debug)	Build toolchain	2026-10-07T23:28:30.8275115Z (Reading database ... 40%
firmware (debug)	Build toolchain	2026-10-07T23:28:30.8275879Z (Reading database ... 45%
firmware (debug)	Build toolchain	2026-10-07T23:28:30.8276247Z (Reading database ... 50%
firmware (debug)	Build toolchain	2026-10-07T23:28:30.8276822Z (Reading database ... 55%
firmware (debug)	Build toolchain	2026-10-07T23:28:30.8277250Z (Reading database ... 60%
firmware (debug)	Build toolchain	2026-10-07T23:28:30.8277538Z (Reading database ... 65%
firmware (debug)	Build toolchain	2026-10-07T23:28:30.8277760Z (Reading database ... 70%
firmware (debug)	Build toolchain	2026-10-07T23:28:30.8278386Z (Reading database ... 75%
firmware (debug)	Build toolchain	2026-10-07T23:28:30.8278879Z (Reading database ... 80%
firmware (debug)	Build toolchain	2026-10-07T23:28:30.8279190Z (Reading database ... 85%
firmware (debug)	Build toolchain	2026-10-07T23:28:30.8279414Z (Reading database ... 90%
firmware (debug)	Build toolchain	2026-10-07T23:28:30.8279897Z (Reading database ... 95%
firmware (debug)	Build toolchain	2026-10-07T23:28:30.8280285Z (Reading database ... 100%
firmware (debug)	Build toolchain	2026-10-07T23:28:30.8280909Z (Reading database ... 25520 files and directories currently installed.)
firmware (debug)	Build toolchain	2026-10-07T23:28:30.8281673Z #7 8.525 Preparing to unpack .../libusb-1.0-0_2%3a1.0.27-1_amd64.deb ...
firmware (debug)	Build toolchain	2026-10-07T23:28:30.8282106Z #7 8.527 Unpacking libusb-1.0-0:amd64 (2:1.0.27-1) ...
firmware (debug)	Build toolchain	2026-10-07T23:28:30.8282438Z #7 8.547 Setting up libusb-1.0-0:amd64 (2:1.0.27-1) ...
firmware (debug)	Build toolchain	2026-10-07T23:28:30.8282970Z #7 8.549 Processing triggers for libc-bin (2.39-0ubuntu8.9) ...
firmware (debug)	Build toolchain	2026-10-07T23:28:30.8283390Z #7 DONE 8.6s
firmware (debug)	Build toolchain	2026-10-07T23:28:30.9935943Z 
firmware (debug)	Build toolchain	2026-10-07T23:28:30.9936469Z #8 [stage-0 4/4] WORKDIR /work
firmware (debug)	Build toolchain	2026-10-07T23:28:30.9936955Z #8 DONE 0.0s
firmware (debug)	Build toolchain	2026-10-07T23:28:30.9937153Z 
firmware (debug)	Build toolchain	2026-10-07T23:28:30.9937315Z #9 exporting to image
firmware (debug)	Build toolchain	2026-10-07T23:28:30.9937708Z #9 exporting layers
firmware (debug)	Build toolchain	2026-10-07T23:28:35.3976034Z #9 exporting layers 4.6s done
firmware (debug)	Build toolchain	2026-10-07T23:28:35.4138888Z #9 writing image sha256:3f273a1bb259abf38cea0cd0f5b486b14a66021ce140cd7a1a61d54907ad177f done
firmware (debug)	Build toolchain	2026-10-07T23:28:35.4140758Z #9 naming to docker.io/library/spiritboot-toolchain done
firmware (debug)	Build toolchain	2026-10-07T23:28:35.4141433Z #9 DONE 4.6s
firmware (debug)	Build flash	﻿2026-10-07T23:28:35.4246073Z ##[group]Run docker run --rm --user "$(id -u):$(id -g)" -v "$PWD:/work" \
firmware (debug)	Build flash	2026-10-07T23:28:35.4246656Z [36;1mdocker run --rm --user "$(id -u):$(id -g)" -v "$PWD:/work" \[0m
firmware (debug)	Build flash	2026-10-07T23:28:35.4247153Z [36;1m  spiritboot-toolchain python3 scripts/build-firmware.py \[0m
firmware (debug)	Build flash	2026-10-07T23:28:35.4247622Z [36;1m  --source .reference/roswell --output artifacts/firmware-debug \[0m
firmware (debug)	Build flash	2026-10-07T23:28:35.4248016Z [36;1m  --variant debug[0m
firmware (debug)	Build flash	2026-10-07T23:28:35.4311042Z shell: /usr/bin/bash -e {0}
firmware (debug)	Build flash	2026-10-07T23:28:35.4311316Z ##[endgroup]
firmware (debug)	Build flash	2026-10-07T23:29:51.4206223Z built artifacts/firmware-debug/flash.bin: sha256=fdf037a59eb3172aaab6e13fe459092938f2ac76b9346f486836f7d4540e8968
firmware (debug)	Check the built source identity and actual kernel work	﻿2026-10-07T23:29:51.5055807Z ##[group]Run guest_source=$(python3 -c 'import json; print(json.load(open("artifacts/firmware-debug/build.json"))["source_directory"])')
firmware (debug)	Check the built source identity and actual kernel work	2026-10-07T23:29:51.5056866Z [36;1mguest_source=$(python3 -c 'import json; print(json.load(open("artifacts/firmware-debug/build.json"))["source_directory"])')[0m
firmware (debug)	Check the built source identity and actual kernel work	2026-10-07T23:29:51.5057572Z [36;1mdocker run --rm --user "$(id -u):$(id -g)" -v "$PWD:/work" \[0m
firmware (debug)	Check the built source identity and actual kernel work	2026-10-07T23:29:51.5058017Z [36;1m  -e GUEST_SOURCE="$guest_source" -e VARIANT=debug \[0m
firmware (debug)	Check the built source identity and actual kernel work	2026-10-07T23:29:51.5058412Z [36;1m  spiritboot-toolchain sh -ec '[0m
firmware (debug)	Check the built source identity and actual kernel work	2026-10-07T23:29:51.5058754Z [36;1m  output="artifacts/kernel-host-$VARIANT"[0m
firmware (debug)	Check the built source identity and actual kernel work	2026-10-07T23:29:51.5059070Z [36;1m  mkdir -p "$output"[0m
firmware (debug)	Check the built source identity and actual kernel work	2026-10-07T23:29:51.5059484Z [36;1m  actual_tree=$(git -c "safe.directory=$GUEST_SOURCE" -C "$GUEST_SOURCE" write-tree)[0m
firmware (debug)	Check the built source identity and actual kernel work	2026-10-07T23:29:51.5060019Z [36;1m  test "$actual_tree" = f7adb302a762ed1945cc07d9c2ff428c643ba959[0m
firmware (debug)	Check the built source identity and actual kernel work	2026-10-07T23:29:51.5060620Z [36;1m  "$GUEST_SOURCE/tests/host/clean-room/run.sh" "$output/clean-room" >"$output/clean-room.log" 2>&1[0m
firmware (debug)	Check the built source identity and actual kernel work	2026-10-07T23:29:51.5061543Z [36;1m  python3 "$GUEST_SOURCE/tests/host/kernel-performance/check.py" "$GUEST_SOURCE" "$output/optimization" --optimized >"$output/optimization.log" 2>&1[0m
firmware (debug)	Check the built source identity and actual kernel work	2026-10-07T23:29:51.5062523Z [36;1m  python3 "$GUEST_SOURCE/tests/host/kernel-performance/pins.py" "$GUEST_SOURCE" "$output/pins" --optimized >"$output/pins.log" 2>&1[0m
firmware (debug)	Check the built source identity and actual kernel work	2026-10-07T23:29:51.5063815Z [36;1m  python3 "$GUEST_SOURCE/tests/host/kernel-performance/pins.py" "$GUEST_SOURCE" "$output/pins-diagnostics" --optimized --diagnostics >"$output/pins-diagnostics.log" 2>&1'[0m
firmware (debug)	Check the built source identity and actual kernel work	2026-10-07T23:29:51.5127680Z shell: /usr/bin/bash -e {0}
firmware (debug)	Check the built source identity and actual kernel work	2026-10-07T23:29:51.5127959Z ##[endgroup]
firmware (debug)	Prepare pinned open runtime fixtures	﻿2026-10-07T23:30:07.4001020Z ##[group]Run python3 - <<'PY'
firmware (debug)	Prepare pinned open runtime fixtures	2026-10-07T23:30:07.4001374Z [36;1mpython3 - <<'PY'[0m
firmware (debug)	Prepare pinned open runtime fixtures	2026-10-07T23:30:07.4001680Z [36;1mimport hashlib, json, pathlib, urllib.request[0m
firmware (debug)	Prepare pinned open runtime fixtures	2026-10-07T23:30:07.4002128Z [36;1mfixtures = json.load(open('sources/firmware-lock.json'))['fixtures'][0m
firmware (debug)	Prepare pinned open runtime fixtures	2026-10-07T23:30:07.4002530Z [36;1mfor name, url, digest in ([0m
firmware (debug)	Prepare pinned open runtime fixtures	2026-10-07T23:30:07.4002946Z [36;1m    ('xemu.AppImage', fixtures['xemu_linux']['url'], fixtures['xemu_linux']['sha256']),[0m
firmware (debug)	Prepare pinned open runtime fixtures	2026-10-07T23:30:07.4003473Z [36;1m    ('xbox_hdd.qcow2', fixtures['hdd_url'], fixtures['hdd_sha256']),[0m
firmware (debug)	Prepare pinned open runtime fixtures	2026-10-07T23:30:07.4003826Z [36;1m):[0m
firmware (debug)	Prepare pinned open runtime fixtures	2026-10-07T23:30:07.4004057Z [36;1m    path = pathlib.Path('artifacts') / name[0m
firmware (debug)	Prepare pinned open runtime fixtures	2026-10-07T23:30:07.4004415Z [36;1m    urllib.request.urlretrieve(url, path)[0m
firmware (debug)	Prepare pinned open runtime fixtures	2026-10-07T23:30:07.4004839Z [36;1m    assert hashlib.sha256(path.read_bytes()).hexdigest() == digest, name[0m
firmware (debug)	Prepare pinned open runtime fixtures	2026-10-07T23:30:07.4005569Z [36;1mpathlib.Path('artifacts/xemu.AppImage').chmod(0o755)[0m
firmware (debug)	Prepare pinned open runtime fixtures	2026-10-07T23:30:07.4005945Z [36;1mPY[0m
firmware (debug)	Prepare pinned open runtime fixtures	2026-10-07T23:30:07.4006223Z [36;1mdocker run --rm --user "$(id -u):$(id -g)" -v "$PWD:/work" \[0m
firmware (debug)	Prepare pinned open runtime fixtures	2026-10-07T23:30:07.4006733Z [36;1m  -w /work/artifacts spiritboot-toolchain ./xemu.AppImage --appimage-extract[0m
firmware (debug)	Prepare pinned open runtime fixtures	2026-10-07T23:30:07.4068552Z shell: /usr/bin/bash -e {0}
firmware (debug)	Prepare pinned open runtime fixtures	2026-10-07T23:30:07.4068819Z ##[endgroup]
firmware (debug)	Build guests from the tested patched source	﻿2026-10-07T23:30:08.7548150Z ##[group]Run nxdk_image=$(python3 -c 'import json; print(json.load(open("sources/firmware-lock.json"))["fixtures"]["nxdk_container"])')
firmware (debug)	Build guests from the tested patched source	2026-10-07T23:30:08.7549163Z [36;1mnxdk_image=$(python3 -c 'import json; print(json.load(open("sources/firmware-lock.json"))["fixtures"]["nxdk_container"])')[0m
firmware (debug)	Build guests from the tested patched source	2026-10-07T23:30:08.7550044Z [36;1mguest_source=$(python3 -c 'import json; print(json.load(open("artifacts/firmware-debug/build.json"))["source_directory"])')[0m
firmware (debug)	Build guests from the tested patched source	2026-10-07T23:30:08.7550857Z [36;1mfor guest in api-regression clean-room-contracts clean-room-warm-reboot kernel-performance; do[0m
firmware (debug)	Build guests from the tested patched source	2026-10-07T23:30:08.7551437Z [36;1m  docker run --rm --user "$(id -u):$(id -g)" -v "$PWD:/work" \[0m
firmware (debug)	Build guests from the tested patched source	2026-10-07T23:30:08.7551973Z [36;1m    -e PATH=/usr/src/nxdk/bin:/usr/local/sbin:/usr/local/bin:/usr/sbin:/usr/bin:/sbin:/bin \[0m
firmware (debug)	Build guests from the tested patched source	2026-10-07T23:30:08.7552489Z [36;1m    -w "$guest_source/tests/xbe/$guest" \[0m
firmware (debug)	Build guests from the tested patched source	2026-10-07T23:30:08.7552843Z [36;1m    "$nxdk_image" make NXDK_DIR=/usr/src/nxdk[0m
firmware (debug)	Build guests from the tested patched source	2026-10-07T23:30:08.7553179Z [36;1mdone[0m
firmware (debug)	Build guests from the tested patched source	2026-10-07T23:30:08.7616429Z shell: /usr/bin/bash -e {0}
firmware (debug)	Build guests from the tested patched source	2026-10-07T23:30:08.7616723Z ##[endgroup]
firmware (debug)	Build guests from the tested patched source	2026-10-07T23:30:08.8304459Z Unable to find image 'ghcr.io/xboxdev/nxdk@sha256:bab707b7ed2544e9956d51e7b411a4575ab66120bd608b3237698495203d15f7' locally
firmware (debug)	Build guests from the tested patched source	2026-10-07T23:30:09.3832014Z ghcr.io/xboxdev/nxdk@sha256:bab707b7ed2544e9956d51e7b411a4575ab66120bd608b3237698495203d15f7: Pulling from xboxdev/nxdk
firmware (debug)	Build guests from the tested patched source	2026-10-07T23:30:09.5780909Z fe07684b16b8: Pulling fs layer
firmware (debug)	Build guests from the tested patched source	2026-10-07T23:30:09.5795351Z 368bc47b3c16: Pulling fs layer
firmware (debug)	Build guests from the tested patched source	2026-10-07T23:30:09.5795978Z accba058f2a0: Pulling fs layer
firmware (debug)	Build guests from the tested patched source	2026-10-07T23:30:09.5796788Z 80bc77ae96e6: Pulling fs layer
firmware (debug)	Build guests from the tested patched source	2026-10-07T23:30:09.5797181Z 80bc77ae96e6: Waiting
firmware (debug)	Build guests from the tested patched source	2026-10-07T23:30:09.9357250Z fe07684b16b8: Download complete
firmware (debug)	Build guests from the tested patched source	2026-10-07T23:30:10.0571239Z fe07684b16b8: Pull complete
firmware (debug)	Build guests from the tested patched source	2026-10-07T23:30:11.2188777Z 80bc77ae96e6: Verifying Checksum
firmware (debug)	Build guests from the tested patched source	2026-10-07T23:30:11.2189238Z 80bc77ae96e6: Download complete
firmware (debug)	Build guests from the tested patched source	2026-10-07T23:30:11.5138306Z accba058f2a0: Verifying Checksum
firmware (debug)	Build guests from the tested patched source	2026-10-07T23:30:11.5138737Z accba058f2a0: Download complete
firmware (debug)	Build guests from the tested patched source	2026-10-07T23:30:17.2879597Z 368bc47b3c16: Verifying Checksum
firmware (debug)	Build guests from the tested patched source	2026-10-07T23:30:17.2880234Z 368bc47b3c16: Download complete
firmware (debug)	Build guests from the tested patched source	2026-10-07T23:30:23.8377352Z 368bc47b3c16: Pull complete
firmware (debug)	Build guests from the tested patched source	2026-10-07T23:30:29.2769308Z accba058f2a0: Pull complete
firmware (debug)	Build guests from the tested patched source	2026-10-07T23:30:29.2866290Z 80bc77ae96e6: Pull complete
firmware (debug)	Build guests from the tested patched source	2026-10-07T23:30:29.2906881Z Digest: sha256:bab707b7ed2544e9956d51e7b411a4575ab66120bd608b3237698495203d15f7
firmware (debug)	Build guests from the tested patched source	2026-10-07T23:30:29.2914470Z Status: Downloaded newer image for ghcr.io/xboxdev/nxdk@sha256:bab707b7ed2544e9956d51e7b411a4575ab66120bd608b3237698495203d15f7
firmware (debug)	Build guests from the tested patched source	2026-10-07T23:30:29.5246480Z [ CC       ] /work/artifacts/firmware-debug/work-xw2tqi0v/source/tests/xbe/api-regression/main.obj
firmware (debug)	Build guests from the tested patched source	2026-10-07T23:30:29.5894890Z [ CC       ] /work/artifacts/firmware-debug/work-xw2tqi0v/source/tests/xbe/api-regression/tap.obj
firmware (debug)	Build guests from the tested patched source	2026-10-07T23:30:29.6367390Z [ CC       ] /work/artifacts/firmware-debug/work-xw2tqi0v/source/tests/xbe/api-regression/rtl/status.obj
firmware (debug)	Build guests from the tested patched source	2026-10-07T23:30:29.6963280Z [ CC       ] /work/artifacts/firmware-debug/work-xw2tqi0v/source/tests/xbe/api-regression/rtl/string.obj
firmware (debug)	Build guests from the tested patched source	2026-10-07T23:30:29.7616507Z [ CC       ] /work/artifacts/firmware-debug/work-xw2tqi0v/source/tests/xbe/api-regression/rtl/time.obj
firmware (debug)	Build guests from the tested patched source	2026-10-07T23:30:29.8235048Z [ CC       ] /work/artifacts/firmware-debug/work-xw2tqi0v/source/tests/xbe/api-regression/rtl/memory.obj
firmware (debug)	Build guests from the tested patched source	2026-10-07T23:30:29.8962378Z [ CC       ] /work/artifacts/firmware-debug/work-xw2tqi0v/source/tests/xbe/api-regression/rtl/strconv.obj
firmware (debug)	Build guests from the tested patched source	2026-10-07T23:30:29.9688031Z [ CC       ] /work/artifacts/firmware-debug/work-xw2tqi0v/source/tests/xbe/api-regression/rtl/intconv.obj
firmware (debug)	Build guests from the tested patched source	2026-10-07T23:30:30.0492889Z [ CC       ] /work/artifacts/firmware-debug/work-xw2tqi0v/source/tests/xbe/api-regression/rtl/nlscase.obj
firmware (debug)	Build guests from the tested patched source	2026-10-07T23:30:30.1182029Z [ CC       ] /work/artifacts/firmware-debug/work-xw2tqi0v/source/tests/xbe/api-regression/rtl/printf.obj
firmware (debug)	Build guests from the tested patched source	2026-10-07T23:30:30.1791790Z [ CC       ] /work/artifacts/firmware-debug/work-xw2tqi0v/source/tests/xbe/api-regression/rtl/critsec.obj
firmware (debug)	Build guests from the tested patched source	2026-10-07T23:30:30.2442101Z [ CC       ] /work/artifacts/firmware-debug/work-xw2tqi0v/source/tests/xbe/api-regression/rtl/byteswap.obj
firmware (debug)	Build guests from the tested patched source	2026-10-07T23:30:30.3038412Z [ CC       ] /work/artifacts/firmware-debug/work-xw2tqi0v/source/tests/xbe/api-regression/rtl/framewalk.obj
firmware (debug)	Build guests from the tested patched source	2026-10-07T23:30:30.3677306Z [ CC       ] /work/artifacts/firmware-debug/work-xw2tqi0v/source/tests/xbe/api-regression/ke/event.obj
firmware (debug)	Build guests from the tested patched source	2026-10-07T23:30:30.4296920Z [ CC       ] /work/artifacts/firmware-debug/work-xw2tqi0v/source/tests/xbe/api-regression/ke/semaphore.obj
firmware (debug)	Build guests from the tested patched source	2026-10-07T23:30:30.4913724Z [ CC       ] /work/artifacts/firmware-debug/work-xw2tqi0v/source/tests/xbe/api-regression/ke/time.obj
firmware (debug)	Build guests from the tested patched source	2026-10-07T23:30:30.5604276Z [ CC       ] /work/artifacts/firmware-debug/work-xw2tqi0v/source/tests/xbe/api-regression/ke/timebase.obj
firmware (debug)	Build guests from the tested patched source	2026-10-07T23:30:30.6250772Z [ CC       ] /work/artifacts/firmware-debug/work-xw2tqi0v/source/tests/xbe/api-regression/ex/pool.obj
firmware (debug)	Build guests from the tested patched source	2026-10-07T23:30:30.6843158Z [ CC       ] /work/artifacts/firmware-debug/work-xw2tqi0v/source/tests/xbe/api-regression/ex/raise.obj
firmware (debug)	Build guests from the tested patched source	2026-10-07T23:30:30.7510338Z [ CC       ] /work/artifacts/firmware-debug/work-xw2tqi0v/source/tests/xbe/api-regression/ex/rwlock.obj
firmware (debug)	Build guests from the tested patched source	2026-10-07T23:30:30.8140602Z [ CC       ] /work/artifacts/firmware-debug/work-xw2tqi0v/source/tests/xbe/api-regression/ex/interlocked.obj
firmware (debug)	Build guests from the tested patched source	2026-10-07T23:30:30.8847448Z [ CC       ] /work/artifacts/firmware-debug/work-xw2tqi0v/source/tests/xbe/api-regression/ex/list.obj
firmware (debug)	Build guests from the tested patched source	2026-10-07T23:30:30.9464663Z [ CC       ] /work/artifacts/firmware-debug/work-xw2tqi0v/source/tests/xbe/api-regression/mm/contig.obj
firmware (debug)	Build guests from the tested patched source	2026-10-07T23:30:31.0192575Z [ CC       ] /work/artifacts/firmware-debug/work-xw2tqi0v/source/tests/xbe/api-regression/io/file.obj
firmware (debug)	Build guests from the tested patched source	2026-10-07T23:30:31.0831353Z [ CC       ] /work/artifacts/firmware-debug/work-xw2tqi0v/source/tests/xbe/api-regression/io/dvd.obj
firmware (debug)	Build guests from the tested patched source	2026-10-07T23:30:31.1472829Z [ CC       ] /work/artifacts/firmware-debug/work-xw2tqi0v/source/tests/xbe/api-regression/hal/data.obj
firmware (debug)	Build guests from the tested patched source	2026-10-07T23:30:31.2088550Z [ CC       ] /work/artifacts/firmware-debug/work-xw2tqi0v/source/tests/xbe/api-regression/hal/portio.obj
firmware (debug)	Build guests from the tested patched source	2026-10-07T23:30:31.2745620Z [ CC       ] /work/artifacts/firmware-debug/work-xw2tqi0v/source/tests/xbe/api-regression/ob/types.obj
firmware (debug)	Build guests from the tested patched source	2026-10-07T23:30:31.3361653Z [ CC       ] /work/artifacts/firmware-debug/work-xw2tqi0v/source/tests/xbe/api-regression/ps/thread.obj
firmware (debug)	Build guests from the tested patched source	2026-10-07T23:30:31.4048157Z [ CC       ] /work/artifacts/firmware-debug/work-xw2tqi0v/source/tests/xbe/api-regression/ke/wait_apc.obj
firmware (debug)	Build guests from the tested patched source	2026-10-07T23:30:31.4723126Z [ CC       ] /work/artifacts/firmware-debug/work-xw2tqi0v/source/tests/xbe/api-regression/mm/virtual.obj
firmware (debug)	Build guests from the tested patched source	2026-10-07T23:30:31.5423172Z [ CC       ] /work/artifacts/firmware-debug/work-xw2tqi0v/source/tests/xbe/api-regression/io/dirmask.obj
firmware (debug)	Build guests from the tested patched source	2026-10-07T23:30:31.6092932Z [ CC       ] /work/artifacts/firmware-debug/work-xw2tqi0v/source/tests/xbe/api-regression/ob/named.obj
firmware (debug)	Build guests from the tested patched source	2026-10-07T23:30:31.6773471Z [ CC       ] /work/artifacts/firmware-debug/work-xw2tqi0v/source/tests/xbe/api-regression/io/bad_ptr.obj
firmware (debug)	Build guests from the tested patched source	2026-10-07T23:30:31.7559738Z [ CC       ] /work/artifacts/firmware-debug/work-xw2tqi0v/source/tests/xbe/api-regression/mm/bigpool.obj
firmware (debug)	Build guests from the tested patched source	2026-10-07T23:30:31.8231415Z [ CC       ] /work/artifacts/firmware-debug/work-xw2tqi0v/source/tests/xbe/api-regression/io/cc_write.obj
firmware (debug)	Build guests from the tested patched source	2026-10-07T23:30:31.9219404Z [ CC       ] /work/artifacts/firmware-debug/work-xw2tqi0v/source/tests/xbe/api-regression/io/storage.obj
firmware (debug)	Build guests from the tested patched source	2026-10-07T23:30:31.9873317Z [ CC       ] /work/artifacts/firmware-debug/work-xw2tqi0v/source/tests/xbe/api-regression/io/complete.obj
firmware (debug)	Build guests from the tested patched source	2026-10-07T23:30:32.0567067Z [ CC       ] /work/artifacts/firmware-debug/work-xw2tqi0v/source/tests/xbe/api-regression/xe/sections.obj
firmware (debug)	Build guests from the tested patched source	2026-10-07T23:30:32.1284620Z [ CC       ] /work/artifacts/firmware-debug/work-xw2tqi0v/source/tests/xbe/api-regression/mm/vmcontract.obj
firmware (debug)	Build guests from the tested patched source	2026-10-07T23:30:32.2217409Z [ CC       ] /work/artifacts/firmware-debug/work-xw2tqi0v/source/tests/xbe/api-regression/mm/cache.obj
firmware (debug)	Build guests from the tested patched source	2026-10-07T23:30:32.3004900Z [ CC       ] /work/artifacts/firmware-debug/work-xw2tqi0v/source/tests/xbe/api-regression/io/mdl.obj
firmware (debug)	Build guests from the tested patched source	2026-10-07T23:30:32.3742090Z [ CC       ] /work/artifacts/firmware-debug/work-xw2tqi0v/source/tests/xbe/api-regression/io/fileobj.obj
firmware (debug)	Build guests from the tested patched source	2026-10-07T23:30:32.4480931Z [ CC       ] /work/artifacts/firmware-debug/work-xw2tqi0v/source/tests/xbe/api-regression/io/shareaccess.obj
firmware (debug)	Build guests from the tested patched source	2026-10-07T23:30:32.5186394Z [ CC       ] /work/artifacts/firmware-debug/work-xw2tqi0v/source/tests/xbe/api-regression/io/irplayout.obj
firmware (debug)	Build guests from the tested patched source	2026-10-07T23:30:32.5944418Z [ CC       ] /work/artifacts/firmware-debug/work-xw2tqi0v/source/tests/xbe/api-regression/io/fsdreq.obj
firmware (debug)	Build guests from the tested patched source	2026-10-07T23:30:32.6689721Z [ CC       ] /work/artifacts/firmware-debug/work-xw2tqi0v/source/tests/xbe/api-regression/io/syncreq.obj
firmware (debug)	Build guests from the tested patched source	2026-10-07T23:30:32.7372518Z [ CC       ] /work/artifacts/firmware-debug/work-xw2tqi0v/source/tests/xbe/api-regression/ke/waitmulti.obj
firmware (debug)	Build guests from the tested patched source	2026-10-07T23:30:32.8068510Z [ CC       ] /work/artifacts/firmware-debug/work-xw2tqi0v/source/tests/xbe/api-regression/ob/symlink.obj
firmware (debug)	Build guests from the tested patched source	2026-10-07T23:30:32.8769434Z [ CC       ] /work/artifacts/firmware-debug/work-xw2tqi0v/source/tests/xbe/api-regression/io/finfo.obj
firmware (debug)	Build guests from the tested patched source	2026-10-07T23:30:32.9540039Z [ CC       ] /work/artifacts/firmware-debug/work-xw2tqi0v/source/tests/xbe/api-regression/io/rawfs.obj
firmware (debug)	Build guests from the tested patched source	2026-10-07T23:30:33.0214284Z [ CC       ] /work/artifacts/firmware-debug/work-xw2tqi0v/source/tests/xbe/api-regression/ke/exceptions.obj
firmware (debug)	Build guests from the tested patched source	2026-10-07T23:30:33.1072087Z [ CC       ] /work/artifacts/firmware-debug/work-xw2tqi0v/source/tests/xbe/api-regression/io/fatx16.obj
firmware (debug)	Build guests from the tested patched source	2026-10-07T23:30:33.1730721Z [ CC       ] /work/artifacts/firmware-debug/work-xw2tqi0v/source/tests/xbe/api-regression/ob/handles.obj
firmware (debug)	Build guests from the tested patched source	2026-10-07T23:30:33.2316743Z [ CC       ] /work/artifacts/firmware-debug/work-xw2tqi0v/source/tests/xbe/api-regression/xc/parity.obj
firmware (debug)	Build guests from the tested patched source	2026-10-07T23:30:33.2929556Z [ CC       ] /work/artifacts/firmware-debug/work-xw2tqi0v/source/tests/xbe/api-regression/xc/crypto.obj
firmware (debug)	Build guests from the tested patched source	2026-10-07T23:30:33.3630126Z [ CC       ] /work/artifacts/firmware-debug/work-xw2tqi0v/source/tests/xbe/api-regression/xc/rsa.obj
firmware (debug)	Build guests from the tested patched source	2026-10-07T23:30:33.4458675Z [ CC       ] /work/artifacts/firmware-debug/work-xw2tqi0v/source/tests/xbe/api-regression/io/delete.obj
firmware (debug)	Build guests from the tested patched source	2026-10-07T23:30:33.5110456Z [ CC       ] /work/artifacts/firmware-debug/work-xw2tqi0v/source/tests/xbe/api-regression/ob/refname.obj
firmware (debug)	Build guests from the tested patched source	2026-10-07T23:30:33.5781476Z [ CC       ] /work/artifacts/firmware-debug/work-xw2tqi0v/source/tests/xbe/api-regression/hal/av.obj
firmware (debug)	Build guests from the tested patched source	2026-10-07T23:30:33.6392341Z [ CC       ] /work/artifacts/firmware-debug/work-xw2tqi0v/source/tests/xbe/api-regression/kd/flags.obj
firmware (debug)	Build guests from the tested patched source	2026-10-07T23:30:33.6971708Z [ CC       ] /work/artifacts/firmware-debug/work-xw2tqi0v/source/tests/xbe/api-regression/mm/pressure.obj
firmware (debug)	Build guests from the tested patched source	2026-10-07T23:30:33.7747939Z [ CC       ] /work/artifacts/firmware-debug/work-xw2tqi0v/source/tests/xbe/api-regression/ke/devqueue.obj
firmware (debug)	Build guests from the tested patched source	2026-10-07T23:30:33.8327734Z /work/artifacts/firmware-debug/work-xw2tqi0v/source/tests/xbe/api-regression/ke/devqueue.c:200:46: warning: incompatible pointer types passing 'PKDEVICE_QUEUE' (aka 'struct _KDEVICE_QUEUE *') to parameter of type 'PKDEVICE_QUEUE_ENTRY' (aka 'struct _KDEVICE_QUEUE_ENTRY *') [-Wincompatible-pointer-types]
firmware (debug)	Build guests from the tested patched source	2026-10-07T23:30:33.8330140Z   200 |         first = KeRemoveEntryDeviceQueue(&q, (PKDEVICE_QUEUE)&e);
firmware (debug)	Build guests from the tested patched source	2026-10-07T23:30:33.8330814Z       |                                              ^~~~~~~~~~~~~~~~~~
firmware (debug)	Build guests from the tested patched source	2026-10-07T23:30:33.8331944Z /work/artifacts/firmware-debug/work-xw2tqi0v/source/tests/xbe/api-regression/ke/devqueue.c:36:5: note: expanded from macro 'AT_DISPATCH'
firmware (debug)	Build guests from the tested patched source	2026-10-07T23:30:33.8332996Z    36 |     body; \
firmware (debug)	Build guests from the tested patched source	2026-10-07T23:30:33.8333218Z       |     ^~~~
firmware (debug)	Build guests from the tested patched source	2026-10-07T23:30:33.8333660Z /usr/src/nxdk/lib/xboxkrnl/xboxkrnl.h:3639:29: note: passing argument to parameter 'DeviceQueueEntry' here
firmware (debug)	Build guests from the tested patched source	2026-10-07T23:30:33.8334211Z  3639 |     IN PKDEVICE_QUEUE_ENTRY DeviceQueueEntry
firmware (debug)	Build guests from the tested patched source	2026-10-07T23:30:33.8334518Z       |                             ^
firmware (debug)	Build guests from the tested patched source	2026-10-07T23:30:33.8338691Z /work/artifacts/firmware-debug/work-xw2tqi0v/source/tests/xbe/api-regression/ke/devqueue.c:201:47: warning: incompatible pointer types passing 'PKDEVICE_QUEUE' (aka 'struct _KDEVICE_QUEUE *') to parameter of type 'PKDEVICE_QUEUE_ENTRY' (aka 'struct _KDEVICE_QUEUE_ENTRY *') [-Wincompatible-pointer-types]
firmware (debug)	Build guests from the tested patched source	2026-10-07T23:30:33.8340306Z   201 |         second = KeRemoveEntryDeviceQueue(&q, (PKDEVICE_QUEUE)&e);
firmware (debug)	Build guests from the tested patched source	2026-10-07T23:30:33.8340726Z       |                                               ^~~~~~~~~~~~~~~~~~
firmware (debug)	Build guests from the tested patched source	2026-10-07T23:30:33.8341379Z /work/artifacts/firmware-debug/work-xw2tqi0v/source/tests/xbe/api-regression/ke/devqueue.c:36:5: note: expanded from macro 'AT_DISPATCH'
firmware (debug)	Build guests from the tested patched source	2026-10-07T23:30:33.8342004Z    36 |     body; \
firmware (debug)	Build guests from the tested patched source	2026-10-07T23:30:33.8342194Z       |     ^~~~
firmware (debug)	Build guests from the tested patched source	2026-10-07T23:30:33.8342609Z /usr/src/nxdk/lib/xboxkrnl/xboxkrnl.h:3639:29: note: passing argument to parameter 'DeviceQueueEntry' here
firmware (debug)	Build guests from the tested patched source	2026-10-07T23:30:33.8343123Z  3639 |     IN PKDEVICE_QUEUE_ENTRY DeviceQueueEntry
firmware (debug)	Build guests from the tested patched source	2026-10-07T23:30:33.8343416Z       |                             ^
firmware (debug)	Build guests from the tested patched source	2026-10-07T23:30:33.8485673Z 2 warnings generated.
firmware (debug)	Build guests from the tested patched source	2026-10-07T23:30:33.8565523Z [ CC       ] /work/artifacts/firmware-debug/work-xw2tqi0v/source/tests/xbe/api-regression/ke/queue.obj
firmware (debug)	Build guests from the tested patched source	2026-10-07T23:30:33.9243556Z [ CC       ] /work/artifacts/firmware-debug/work-xw2tqi0v/source/tests/xbe/api-regression/io/irpalloc.obj
firmware (debug)	Build guests from the tested patched source	2026-10-07T23:30:33.9881530Z [ CC       ] /work/artifacts/firmware-debug/work-xw2tqi0v/source/tests/xbe/api-regression/io/devlife.obj
firmware (debug)	Build guests from the tested patched source	2026-10-07T23:30:34.0543477Z [ CC       ] /work/artifacts/firmware-debug/work-xw2tqi0v/source/tests/xbe/api-regression/io/asyncreq.obj
firmware (debug)	Build guests from the tested patched source	2026-10-07T23:30:34.1203852Z [ CC       ] /work/artifacts/firmware-debug/work-xw2tqi0v/source/tests/xbe/api-regression/io/scatter.obj
firmware (debug)	Build guests from the tested patched source	2026-10-07T23:30:34.2086856Z [ CC       ] /work/artifacts/firmware-debug/work-xw2tqi0v/source/tests/xbe/api-regression/io/iocomp.obj
firmware (debug)	Build guests from the tested patched source	2026-10-07T23:30:34.2845750Z [ CC       ] /work/artifacts/firmware-debug/work-xw2tqi0v/source/tests/xbe/api-regression/mm/protect.obj
firmware (debug)	Build guests from the tested patched source	2026-10-07T23:30:34.3562625Z [ CC       ] /work/artifacts/firmware-debug/work-xw2tqi0v/source/tests/xbe/api-regression/ob/query.obj
firmware (debug)	Build guests from the tested patched source	2026-10-07T23:30:34.4288257Z [ CC       ] /work/artifacts/firmware-debug/work-xw2tqi0v/source/tests/xbe/api-regression/ke/apc.obj
firmware (debug)	Build guests from the tested patched source	2026-10-07T23:30:34.5043285Z [ CC       ] /work/artifacts/firmware-debug/work-xw2tqi0v/source/tests/xbe/api-regression/io/dismount.obj
firmware (debug)	Build guests from the tested patched source	2026-10-07T23:30:34.5763042Z [ CC       ] /work/artifacts/firmware-debug/work-xw2tqi0v/source/tests/xbe/api-regression/ke/threadstate.obj
firmware (debug)	Build guests from the tested patched source	2026-10-07T23:30:34.6488226Z [ CC       ] /work/artifacts/firmware-debug/work-xw2tqi0v/source/tests/xbe/api-regression/ex/timer.obj
firmware (debug)	Build guests from the tested patched source	2026-10-07T23:30:34.7240893Z [ CC       ] /work/artifacts/firmware-debug/work-xw2tqi0v/source/tests/xbe/api-regression/ke/apcinit.obj
firmware (debug)	Build guests from the tested patched source	2026-10-07T23:30:34.7905339Z [ CC       ] /work/artifacts/firmware-debug/work-xw2tqi0v/source/tests/xbe/api-regression/ke/apcqueue.obj
firmware (debug)	Build guests from the tested patched source	2026-10-07T23:30:34.8714716Z [ CC       ] /work/artifacts/firmware-debug/work-xw2tqi0v/source/tests/xbe/api-regression/io/ioquery.obj
firmware (debug)	Build guests from the tested patched source	2026-10-07T23:30:34.9430499Z [ CC       ] /work/artifacts/firmware-debug/work-xw2tqi0v/source/tests/xbe/api-regression/io/volquery.obj
firmware (debug)	Build guests from the tested patched source	2026-10-07T23:30:35.0113849Z [ CC       ] /work/artifacts/firmware-debug/work-xw2tqi0v/source/tests/xbe/api-regression/io/startio.obj
firmware (debug)	Build guests from the tested patched source	2026-10-07T23:30:35.0802589Z [ CC       ] /work/artifacts/firmware-debug/work-xw2tqi0v/source/tests/xbe/api-regression/io/createfile.obj
firmware (debug)	Build guests from the tested patched source	2026-10-07T23:30:35.1592261Z [ CC       ] /work/artifacts/firmware-debug/work-xw2tqi0v/source/tests/xbe/api-regression/io/threadirp.obj
firmware (debug)	Build guests from the tested patched source	2026-10-07T23:30:35.2231596Z [ CC       ] /work/artifacts/firmware-debug/work-xw2tqi0v/source/tests/xbe/api-regression/xc/cipher.obj
firmware (debug)	Build guests from the tested patched source	2026-10-07T23:30:35.2929640Z [ CC       ] /work/artifacts/firmware-debug/work-xw2tqi0v/source/tests/xbe/api-regression/xc/vector.obj
firmware (debug)	Build guests from the tested patched source	2026-10-07T23:30:35.3565481Z [ CC       ] /work/artifacts/firmware-debug/work-xw2tqi0v/source/tests/xbe/api-regression/xc/align.obj
firmware (debug)	Build guests from the tested patched source	2026-10-07T23:30:35.4173774Z [ CC       ] /work/artifacts/firmware-debug/work-xw2tqi0v/source/tests/xbe/api-regression/ob/bypointer.obj
firmware (debug)	Build guests from the tested patched source	2026-10-07T23:30:35.4843442Z [ CC       ] /work/artifacts/firmware-debug/work-xw2tqi0v/source/tests/xbe/api-regression/ke/pulse.obj
firmware (debug)	Build guests from the tested patched source	2026-10-07T23:30:35.5521370Z [ CC       ] /work/artifacts/firmware-debug/work-xw2tqi0v/source/tests/xbe/api-regression/ke/boost.obj
firmware (debug)	Build guests from the tested patched source	2026-10-07T23:30:35.6204050Z [ CC       ] /work/artifacts/firmware-debug/work-xw2tqi0v/source/tests/xbe/api-regression/ob/directory.obj
firmware (debug)	Build guests from the tested patched source	2026-10-07T23:30:35.6881485Z [ CC       ] /work/artifacts/firmware-debug/work-xw2tqi0v/source/tests/xbe/api-regression/ps/notify.obj
firmware (debug)	Build guests from the tested patched source	2026-10-07T23:30:35.7563280Z [ CC       ] /work/artifacts/firmware-debug/work-xw2tqi0v/source/tests/xbe/api-regression/ps/statistics.obj
firmware (debug)	Build guests from the tested patched source	2026-10-07T23:30:35.8249896Z [ CC       ] /work/artifacts/firmware-debug/work-xw2tqi0v/source/tests/xbe/api-regression/ob/create.obj
firmware (debug)	Build guests from the tested patched source	2026-10-07T23:30:35.9187097Z [ CC       ] /work/artifacts/firmware-debug/work-xw2tqi0v/source/tests/xbe/api-regression/ke/dispatcher.obj
firmware (debug)	Build guests from the tested patched source	2026-10-07T23:30:35.9838836Z [ CC       ] /work/artifacts/firmware-debug/work-xw2tqi0v/source/tests/xbe/api-regression/hal/softint.obj
firmware (debug)	Build guests from the tested patched source	2026-10-07T23:30:36.0492488Z [ CC       ] /work/artifacts/firmware-debug/work-xw2tqi0v/source/tests/xbe/api-regression/xc/privkey.obj
firmware (debug)	Build guests from the tested patched source	2026-10-07T23:30:36.1214326Z [ CC       ] /work/artifacts/firmware-debug/work-xw2tqi0v/source/tests/xbe/api-regression/hal/sysint.obj
firmware (debug)	Build guests from the tested patched source	2026-10-07T23:30:36.1859338Z [ CC       ] /work/artifacts/firmware-debug/work-xw2tqi0v/source/tests/xbe/api-regression/ke/bugcheck.obj
firmware (debug)	Build guests from the tested patched source	2026-10-07T23:30:36.2449173Z [ CC       ] /work/artifacts/firmware-debug/work-xw2tqi0v/source/tests/xbe/api-regression/hal/smc.obj
firmware (debug)	Build guests from the tested patched source	2026-10-07T23:30:36.3107890Z [ CC       ] /work/artifacts/firmware-debug/work-xw2tqi0v/source/tests/xbe/api-regression/ke/procprio.obj
firmware (debug)	Build guests from the tested patched source	2026-10-07T23:30:36.3795972Z [ CC       ] /work/artifacts/firmware-debug/work-xw2tqi0v/source/tests/xbe/api-regression/ex/eeprom.obj
firmware (debug)	Build guests from the tested patched source	2026-10-07T23:30:36.4718821Z [ CC       ] /work/artifacts/firmware-debug/work-xw2tqi0v/source/tests/xbe/api-regression/xbe/titlekeys.obj
firmware (debug)	Build guests from the tested patched source	2026-10-07T23:30:36.5359260Z [ CC       ] /work/artifacts/firmware-debug/work-xw2tqi0v/source/tests/xbe/api-regression/xbe/sizeddata.obj
firmware (debug)	Build guests from the tested patched source	2026-10-07T23:30:36.6524177Z [ LD       ] main.exe
firmware (debug)	Build guests from the tested patched source	2026-10-07T23:30:36.6741642Z lld: warning: .edata=.rdata: already merged into .edataxb
firmware (debug)	Build guests from the tested patched source	2026-10-07T23:30:36.6903343Z [ CXBE     ] bin/default.xbe
firmware (debug)	Build guests from the tested patched source	2026-10-07T23:30:36.6942309Z [ XISO     ] nxkrnl-api-regression.iso
firmware (debug)	Build guests from the tested patched source	2026-10-07T23:30:36.9608413Z [ CC       ] /work/artifacts/firmware-debug/work-xw2tqi0v/source/tests/xbe/clean-room-contracts/main.obj
firmware (debug)	Build guests from the tested patched source	2026-10-07T23:30:37.0373577Z [ CC       ] /work/artifacts/firmware-debug/work-xw2tqi0v/source/tests/xbe/clean-room-contracts/pending.obj
firmware (debug)	Build guests from the tested patched source	2026-10-07T23:30:37.1688937Z [ LD       ] main.exe
firmware (debug)	Build guests from the tested patched source	2026-10-07T23:30:37.1907645Z lld: warning: .edata=.rdata: already merged into .edataxb
firmware (debug)	Build guests from the tested patched source	2026-10-07T23:30:37.1986633Z [ CXBE     ] bin/default.xbe
firmware (debug)	Build guests from the tested patched source	2026-10-07T23:30:37.2013986Z [ XISO     ] clean-room-contracts.iso
firmware (debug)	Build guests from the tested patched source	2026-10-07T23:30:37.4618186Z [ CC       ] /work/artifacts/firmware-debug/work-xw2tqi0v/source/tests/xbe/clean-room-warm-reboot/main.obj
firmware (debug)	Build guests from the tested patched source	2026-10-07T23:30:37.5813200Z [ LD       ] main.exe
firmware (debug)	Build guests from the tested patched source	2026-10-07T23:30:37.6036412Z lld: warning: .edata=.rdata: already merged into .edataxb
firmware (debug)	Build guests from the tested patched source	2026-10-07T23:30:37.6120598Z [ CXBE     ] bin/default.xbe
firmware (debug)	Build guests from the tested patched source	2026-10-07T23:30:37.6149079Z [ XISO     ] clean-room-warm-reboot.iso
firmware (debug)	Build guests from the tested patched source	2026-10-07T23:30:37.8957240Z [ CC       ] /work/artifacts/firmware-debug/work-xw2tqi0v/source/tests/xbe/kernel-performance/main.obj
firmware (debug)	Build guests from the tested patched source	2026-10-07T23:30:38.0211254Z [ LD       ] main.exe
firmware (debug)	Build guests from the tested patched source	2026-10-07T23:30:38.0426418Z lld: warning: .edata=.rdata: already merged into .edataxb
firmware (debug)	Build guests from the tested patched source	2026-10-07T23:30:38.0500783Z [ CXBE     ] bin/default.xbe
firmware (debug)	Build guests from the tested patched source	2026-10-07T23:30:38.0537973Z [ XISO     ] kernel-performance.iso
firmware (debug)	Run API, contracts, warm reboot, and performance correctness guests	﻿2026-10-07T23:30:38.1316761Z ##[group]Run guest_source=$(python3 -c 'import json; print(json.load(open("artifacts/firmware-debug/build.json"))["source_directory"])')
firmware (debug)	Run API, contracts, warm reboot, and performance correctness guests	2026-10-07T23:30:38.1317798Z [36;1mguest_source=$(python3 -c 'import json; print(json.load(open("artifacts/firmware-debug/build.json"))["source_directory"])')[0m
firmware (debug)	Run API, contracts, warm reboot, and performance correctness guests	2026-10-07T23:30:38.1318421Z [36;1mdocker run --rm -v "$PWD:/work" \[0m
firmware (debug)	Run API, contracts, warm reboot, and performance correctness guests	2026-10-07T23:30:38.1318799Z [36;1m  -e GUEST_SOURCE="$guest_source" -e VARIANT=debug \[0m
firmware (debug)	Run API, contracts, warm reboot, and performance correctness guests	2026-10-07T23:30:38.1319225Z [36;1m  -e SDL_AUDIO_DRIVER=dummy spiritboot-toolchain sh -ec '[0m
firmware (debug)	Run API, contracts, warm reboot, and performance correctness guests	2026-10-07T23:30:38.1319697Z [36;1m  Xvfb :99 -screen 0 1280x720x24 -nolisten tcp >/tmp/xvfb.log 2>&1 &[0m
firmware (debug)	Run API, contracts, warm reboot, and performance correctness guests	2026-10-07T23:30:38.1320136Z [36;1m  python3 -c "import time; time.sleep(1)"[0m
firmware (debug)	Run API, contracts, warm reboot, and performance correctness guests	2026-10-07T23:30:38.1320677Z [36;1m  for guest in api-regression clean-room-contracts clean-room-warm-reboot kernel-performance; do[0m
firmware (debug)	Run API, contracts, warm reboot, and performance correctness guests	2026-10-07T23:30:38.1321187Z [36;1m    case "$guest" in[0m
firmware (debug)	Run API, contracts, warm reboot, and performance correctness guests	2026-10-07T23:30:38.1321556Z [36;1m      api-regression) iso=nxkrnl-api-regression.iso; capture=open-xbe ;;[0m
firmware (debug)	Run API, contracts, warm reboot, and performance correctness guests	2026-10-07T23:30:38.1322033Z [36;1m      *) iso=$guest.iso; capture=$guest ;;[0m
firmware (debug)	Run API, contracts, warm reboot, and performance correctness guests	2026-10-07T23:30:38.1322317Z [36;1m    esac[0m
firmware (debug)	Run API, contracts, warm reboot, and performance correctness guests	2026-10-07T23:30:38.1322575Z [36;1m    DISPLAY=:99 python3 scripts/run-firmware.py \[0m
firmware (debug)	Run API, contracts, warm reboot, and performance correctness guests	2026-10-07T23:30:38.1322948Z [36;1m      --xemu artifacts/squashfs-root/usr/bin/xemu \[0m
firmware (debug)	Run API, contracts, warm reboot, and performance correctness guests	2026-10-07T23:30:38.1323327Z [36;1m      --flash "artifacts/firmware-$VARIANT/flash.bin" \[0m
firmware (debug)	Run API, contracts, warm reboot, and performance correctness guests	2026-10-07T23:30:38.1323677Z [36;1m      --hdd artifacts/xbox_hdd.qcow2 \[0m
firmware (debug)	Run API, contracts, warm reboot, and performance correctness guests	2026-10-07T23:30:38.1324018Z [36;1m      --dvd "$GUEST_SOURCE/tests/xbe/$guest/$iso" \[0m
firmware (debug)	Run API, contracts, warm reboot, and performance correctness guests	2026-10-07T23:30:38.1324478Z [36;1m      --output "artifacts/$capture-$VARIANT" --timeout 240 --expect-tap[0m
firmware (debug)	Run API, contracts, warm reboot, and performance correctness guests	2026-10-07T23:30:38.1324870Z [36;1m  done'[0m
firmware (debug)	Run API, contracts, warm reboot, and performance correctness guests	2026-10-07T23:30:38.1325650Z [36;1mpython3 - <<'PY'[0m
firmware (debug)	Run API, contracts, warm reboot, and performance correctness guests	2026-10-07T23:30:38.1325907Z [36;1mimport json[0m
firmware (debug)	Run API, contracts, warm reboot, and performance correctness guests	2026-10-07T23:30:38.1326287Z [36;1mfor guest, plan in (('clean-room-contracts', 23), ('clean-room-warm-reboot', 5)):[0m
firmware (debug)	Run API, contracts, warm reboot, and performance correctness guests	2026-10-07T23:30:38.1326825Z [36;1m    result = json.load(open(f'artifacts/{guest}-debug/run.json'))[0m
firmware (debug)	Run API, contracts, warm reboot, and performance correctness guests	2026-10-07T23:30:38.1327328Z [36;1m    assert result['status'] == 'passed' and result['tap']['plan'] == plan, result[0m
firmware (debug)	Run API, contracts, warm reboot, and performance correctness guests	2026-10-07T23:30:38.1327776Z [36;1m    assert result['tap']['ok'] == plan, result[0m
firmware (debug)	Run API, contracts, warm reboot, and performance correctness guests	2026-10-07T23:30:38.1328199Z [36;1m    assert result['tap']['todo'] == 0 and result['tap']['skipped'] == 0, result[0m
firmware (debug)	Run API, contracts, warm reboot, and performance correctness guests	2026-10-07T23:30:38.1328584Z [36;1mPY[0m
firmware (debug)	Run API, contracts, warm reboot, and performance correctness guests	2026-10-07T23:30:38.1328780Z [36;1mpython3 - <<'PY'[0m
firmware (debug)	Run API, contracts, warm reboot, and performance correctness guests	2026-10-07T23:30:38.1329024Z [36;1mfrom pathlib import Path[0m
firmware (debug)	Run API, contracts, warm reboot, and performance correctness guests	2026-10-07T23:30:38.1329330Z [36;1mfrom tools.kernel_performance import capture[0m
firmware (debug)	Run API, contracts, warm reboot, and performance correctness guests	2026-10-07T23:30:38.1329976Z [36;1mresult = capture(Path('artifacts/kernel-performance-debug'), {})[0m
firmware (debug)	Run API, contracts, warm reboot, and performance correctness guests	2026-10-07T23:30:38.1330415Z [36;1massert len(result['workloads']) == 41, result[0m
firmware (debug)	Run API, contracts, warm reboot, and performance correctness guests	2026-10-07T23:30:38.1330712Z [36;1mPY[0m
firmware (debug)	Run API, contracts, warm reboot, and performance correctness guests	2026-10-07T23:30:38.1392256Z shell: /usr/bin/bash -e {0}
firmware (debug)	Run API, contracts, warm reboot, and performance correctness guests	2026-10-07T23:30:38.1392530Z ##[endgroup]
firmware (debug)	Run API, contracts, warm reboot, and performance correctness guests	2026-10-07T23:31:05.5573519Z passed: artifacts/open-xbe-debug/run.json
firmware (debug)	Run API, contracts, warm reboot, and performance correctness guests	2026-10-07T23:31:05.5575615Z {'passed': True, 'plan': 632, 'ran': 632, 'errors': [], 'ok': 626, 'failed': 0, 'todo': 6, 'skipped': 0}
firmware (debug)	Run API, contracts, warm reboot, and performance correctness guests	2026-10-07T23:31:08.2057708Z passed: artifacts/clean-room-contracts-debug/run.json
firmware (debug)	Run API, contracts, warm reboot, and performance correctness guests	2026-10-07T23:31:08.2059081Z {'passed': True, 'plan': 23, 'ran': 23, 'errors': [], 'ok': 23, 'failed': 0, 'todo': 0, 'skipped': 0}
firmware (debug)	Run API, contracts, warm reboot, and performance correctness guests	2026-10-07T23:31:10.2962581Z passed: artifacts/clean-room-warm-reboot-debug/run.json
firmware (debug)	Run API, contracts, warm reboot, and performance correctness guests	2026-10-07T23:31:10.2963213Z {'passed': True, 'plan': 5, 'ran': 5, 'errors': [], 'ok': 5, 'failed': 0, 'todo': 0, 'skipped': 0}
firmware (debug)	Run API, contracts, warm reboot, and performance correctness guests	2026-10-07T23:31:16.2599580Z passed: artifacts/kernel-performance-debug/run.json
firmware (debug)	Run API, contracts, warm reboot, and performance correctness guests	2026-10-07T23:31:16.2600510Z {'passed': True, 'plan': 42, 'ran': 42, 'errors': [], 'ok': 42, 'failed': 0, 'todo': 0, 'skipped': 0}
firmware (debug)	Run actions/upload-artifact@v4	﻿2026-10-07T23:31:16.4216621Z ##[group]Run actions/upload-artifact@v4
firmware (debug)	Run actions/upload-artifact@v4	2026-10-07T23:31:16.4216949Z with:
firmware (debug)	Run actions/upload-artifact@v4	2026-10-07T23:31:16.4217150Z   name: spiritboot-debug
firmware (debug)	Run actions/upload-artifact@v4	2026-10-07T23:31:16.4218291Z   path: artifacts/firmware-debug/flash.bin
firmware (debug)	Run actions/upload-artifact@v4	artifacts/firmware-debug/build.json
firmware (debug)	Run actions/upload-artifact@v4	artifacts/firmware-debug/build.log
firmware (debug)	Run actions/upload-artifact@v4	artifacts/open-xbe-debug/
firmware (debug)	Run actions/upload-artifact@v4	artifacts/clean-room-contracts-debug/
firmware (debug)	Run actions/upload-artifact@v4	artifacts/clean-room-warm-reboot-debug/
firmware (debug)	Run actions/upload-artifact@v4	artifacts/kernel-performance-debug/
firmware (debug)	Run actions/upload-artifact@v4	artifacts/kernel-host-debug/
firmware (debug)	Run actions/upload-artifact@v4	LICENSE
firmware (debug)	Run actions/upload-artifact@v4	
firmware (debug)	Run actions/upload-artifact@v4	2026-10-07T23:31:16.4219492Z   if-no-files-found: warn
firmware (debug)	Run actions/upload-artifact@v4	2026-10-07T23:31:16.4219733Z   compression-level: 6
firmware (debug)	Run actions/upload-artifact@v4	2026-10-07T23:31:16.4219951Z   overwrite: false
firmware (debug)	Run actions/upload-artifact@v4	2026-10-07T23:31:16.4220164Z   include-hidden-files: false
firmware (debug)	Run actions/upload-artifact@v4	2026-10-07T23:31:16.4220401Z ##[endgroup]
firmware (debug)	Run actions/upload-artifact@v4	2026-10-07T23:31:16.5882809Z (node:12383) [DEP0040] DeprecationWarning: The `punycode` module is deprecated. Please use a userland alternative instead.
firmware (debug)	Run actions/upload-artifact@v4	2026-10-07T23:31:16.5883634Z (Use `node --trace-deprecation ...` to show where the warning was created)
firmware (debug)	Run actions/upload-artifact@v4	2026-10-07T23:31:16.6075950Z Multiple search paths detected. Calculating the least common ancestor of all paths
firmware (debug)	Run actions/upload-artifact@v4	2026-10-07T23:31:16.6080179Z The least common ancestor is /home/runner/work/SpiritBoot/SpiritBoot. This will be the root directory of the artifact
firmware (debug)	Run actions/upload-artifact@v4	2026-10-07T23:31:16.6081300Z With the provided path, there will be 43 files uploaded
firmware (debug)	Run actions/upload-artifact@v4	2026-10-07T23:31:16.6086513Z Artifact name is valid!
firmware (debug)	Run actions/upload-artifact@v4	2026-10-07T23:31:16.6087004Z Root directory input is valid!
firmware (debug)	Run actions/upload-artifact@v4	2026-10-07T23:31:16.9542807Z Beginning upload of artifact content to blob storage
firmware (debug)	Run actions/upload-artifact@v4	2026-10-07T23:31:17.0561081Z (node:12383) [DEP0169] DeprecationWarning: `url.parse()` behavior is not standardized and prone to errors that have security implications. Use the WHATWG URL API instead. CVEs are not issued for `url.parse()` vulnerabilities.
firmware (debug)	Run actions/upload-artifact@v4	2026-10-07T23:31:17.4973525Z Uploaded bytes 457057
firmware (debug)	Run actions/upload-artifact@v4	2026-10-07T23:31:17.5554867Z Finished uploading artifact content to blob storage!
firmware (debug)	Run actions/upload-artifact@v4	2026-10-07T23:31:17.5556597Z SHA256 digest of uploaded artifact zip is 23aa7524ca35f32bca8eae862302deabf460d6fbce5f8ddf747785d1d0d7cead
firmware (debug)	Run actions/upload-artifact@v4	2026-10-07T23:31:17.5557755Z Finalizing artifact upload
firmware (debug)	Run actions/upload-artifact@v4	2026-10-07T23:31:17.8378617Z Artifact spiritboot-debug.zip successfully finalized. Artifact ID 11518661302
firmware (debug)	Run actions/upload-artifact@v4	2026-10-07T23:31:17.8379633Z Artifact spiritboot-debug has been successfully uploaded! Final size is 457057 bytes. Artifact ID is 11518661302
firmware (debug)	Run actions/upload-artifact@v4	2026-10-07T23:31:17.8386324Z Artifact download URL: https://github.com/Mainkill1/SpiritBoot/actions/runs/37702368565/artifacts/11518661302
firmware (debug)	Post Run actions/checkout@v4	﻿2026-10-07T23:31:17.8606530Z Post job cleanup.
firmware (debug)	Post Run actions/checkout@v4	2026-10-07T23:31:17.9467637Z [command]/usr/bin/git version
firmware (debug)	Post Run actions/checkout@v4	2026-10-07T23:31:17.9514298Z git version 2.55.0
firmware (debug)	Post Run actions/checkout@v4	2026-10-07T23:31:17.9559469Z Temporarily overriding HOME='/home/runner/work/_temp/d73c2cd0-43ec-4953-98cf-57d04b554fa1' before making global git config changes
firmware (debug)	Post Run actions/checkout@v4	2026-10-07T23:31:17.9560795Z Adding repository directory to the temporary git global config as a safe directory
firmware (debug)	Post Run actions/checkout@v4	2026-10-07T23:31:17.9565481Z [command]/usr/bin/git config --global --add safe.directory /home/runner/work/SpiritBoot/SpiritBoot
firmware (debug)	Post Run actions/checkout@v4	2026-10-07T23:31:17.9607182Z [command]/usr/bin/git config --local --name-only --get-regexp core\.sshCommand
firmware (debug)	Post Run actions/checkout@v4	2026-10-07T23:31:17.9644770Z [command]/usr/bin/git submodule foreach --recursive sh -c "git config --local --name-only --get-regexp 'core\.sshCommand' && git config --local --unset-all 'core.sshCommand' || :"
firmware (debug)	Post Run actions/checkout@v4	2026-10-07T23:31:17.9912346Z [command]/usr/bin/git config --local --name-only --get-regexp http\.https\:\/\/github\.com\/\.extraheader
firmware (debug)	Post Run actions/checkout@v4	2026-10-07T23:31:17.9938910Z http.https://github.com/.extraheader
firmware (debug)	Post Run actions/checkout@v4	2026-10-07T23:31:17.9951128Z [command]/usr/bin/git config --local --unset-all http.https://github.com/.extraheader
firmware (debug)	Post Run actions/checkout@v4	2026-10-07T23:31:17.9986990Z [command]/usr/bin/git submodule foreach --recursive sh -c "git config --local --name-only --get-regexp 'http\.https\:\/\/github\.com\/\.extraheader' && git config --local --unset-all 'http.https://github.com/.extraheader' || :"
firmware (debug)	Post Run actions/checkout@v4	2026-10-07T23:31:18.0244344Z [command]/usr/bin/git config --local --name-only --get-regexp ^includeIf\.gitdir:
firmware (debug)	Post Run actions/checkout@v4	2026-10-07T23:31:18.0275717Z [command]/usr/bin/git submodule foreach --recursive git config --local --show-origin --name-only --get-regexp remote.origin.url
firmware (debug)	Complete job	﻿2026-10-07T23:31:18.0724370Z Cleaning up orphan processes
firmware (debug)	Complete job	2026-10-07T23:31:18.1162687Z ##[warning]Node.js 20 is deprecated. The following actions target Node.js 20 but are being forced to run on Node.js 24: actions/checkout@v4, actions/upload-artifact@v4. For more information see: https://github.blog/changelog/2025-09-19-deprecation-of-node-20-on-github-actions-runners/
