ordinal,name,subsystem,kind,stack_bytes,abi_style,roswell_state,roswell_symbol,roswell_source_scope,cxbx_source_hint,test_name,test_registered,test_source_hint,test_state,hardware_status,hardware_environment,evidence_level,complexity,retail_relevance,priority_score,dependencies,notes
0,Undefined,Reserved,reserved,,reserved,reserved,,,,,no,,none,not-ingested,,unverified,none,medium,3,misc,
1,AvGetSavedDataAddress,Av,function,0,function,mapped,AvGetSavedDataAddress,hal/halx86/xbox,src/core/kernel/exports/EmuKrnlAv.cpp,AvGetSavedDataAddress,yes,src/tests/av/AvGetSavedDataAddress.c,substantive,not-ingested,,test-available-no-hardware-log,medium,medium,4,video initialization;NV2A/encoder,
2,AvSendTVEncoderOption,Av,function,16,function,mapped,AvSendTVEncoderOption,hal/halx86/xbox,src/core/kernel/exports/EmuKrnlAv.cpp,AvSendTVEncoderOption,yes,src/tests/av/AvSendTVEncoderOption.c,substantive,not-ingested,,test-available-no-hardware-log,medium,medium,4,video initialization;NV2A/encoder,
3,AvSetDisplayMode,Av,function,24,function,mapped,AvSetDisplayMode,hal/halx86/xbox,src/core/kernel/exports/EmuKrnlAv.cpp,AvSetDisplayMode,yes,src/tests/av/AvSetDisplayMode.c,disabled,not-ingested,,behavior-test-disabled,medium,medium,8,video initialization;NV2A/encoder,
4,AvSetSavedDataAddress,Av,function,4,function,mapped,AvSetSavedDataAddress,hal/halx86/xbox,src/core/kernel/exports/EmuKrnlAv.cpp,AvSetSavedDataAddress,yes,src/tests/av/AvSetSavedDataAddress.c,substantive,not-ingested,,test-available-no-hardware-log,medium,medium,4,video initialization;NV2A/encoder,
5,DbgBreakPoint,Dbg,function,0,function,mapped,DbgBreakPoint,ntoskrnl/xb,src/core/kernel/exports/EmuKrnlDbg.cpp,DbgBreakPoint,yes,src/tests/dbg/DbgBreakPoint.c,stub,not-ingested,,behavior-test-stub,low,low,1,debugger-only,
6,DbgBreakPointWithStatus,Dbg,function,4,function,mapped,DbgBreakPointWithStatus,ntoskrnl/xb,src/core/kernel/exports/EmuKrnlDbg.cpp,DbgBreakPointWithStatus,yes,src/tests/dbg/DbgBreakPointWithStatus.c,substantive,not-ingested,,test-available-no-hardware-log,low,low,0,debugger-only,
7,DbgLoadImageSymbols,Dbg,function,12,function,stub,,ntoskrnl/xb,src/core/kernel/exports/EmuKrnlDbg.cpp,DbgLoadImageSymbols,yes,src/tests/dbg/DbgLoadImageSymbols.c,substantive,not-ingested,,implementation-gap,low,low,1,debugger-only,
8,DbgPrint,Dbg,function,,function,mapped,DbgPrint,ntoskrnl/xb,src/core/kernel/exports/EmuKrnlDbg.cpp,DbgPrint,yes,src/tests/dbg/DbgPrint.c,stub,not-ingested,,behavior-test-stub,low,low,1,debugger-only,
9,HalReadSMCTrayState,Hal,function,8,function,mapped,HalReadSMCTrayState,hal/halx86/xbox,src/core/kernel/exports/EmuKrnlHal.cpp,HalReadSMCTrayState,yes,src/tests/hal/HalReadSMCTrayState.c,substantive,not-ingested,,test-available-no-hardware-log,high,high,7,chipset;interrupts;SMBus/PCI,
10,DbgPrompt,Dbg,function,12,function,stub,,ntoskrnl/xb,src/core/kernel/exports/EmuKrnlDbg.cpp,DbgPrompt,yes,src/tests/dbg/DbgPrompt.c,stub,not-ingested,,implementation-gap,low,low,5,debugger-only,
11,DbgUnLoadImageSymbols,Dbg,function,12,function,stub,,ntoskrnl/xb,src/core/kernel/exports/EmuKrnlDbg.cpp,DbgUnLoadImageSymbols,yes,src/tests/dbg/DbgUnLoadImageSymbols.c,substantive,not-ingested,,implementation-gap,low,low,1,debugger-only,
12,ExAcquireReadWriteLockExclusive,Ex,function,4,function,mapped,ExAcquireReadWriteLockExclusive,ntoskrnl/ex;ntoskrnl/xb,src/core/kernel/exports/EmuKrnlEx.cpp,ExAcquireReadWriteLockExclusive,yes,src/tests/ex/ExAcquireReadWriteLockExclusive.c,substantive,not-ingested,,test-available-no-hardware-log,medium,medium,4,executive;pool;locks,
13,ExAcquireReadWriteLockShared,Ex,function,4,function,mapped,ExAcquireReadWriteLockShared,ntoskrnl/ex;ntoskrnl/xb,src/core/kernel/exports/EmuKrnlEx.cpp,ExAcquireReadWriteLockShared,yes,src/tests/ex/ExAcquireReadWriteLockShared.c,substantive,not-ingested,,test-available-no-hardware-log,medium,medium,4,executive;pool;locks,
14,ExAllocatePool,Ex,function,4,function,mapped,XeExAllocatePool,ntoskrnl/ex;ntoskrnl/xb,src/core/kernel/exports/EmuKrnlEx.cpp,ExAllocatePool,yes,src/tests/ex/ExAllocatePool.c,stub,not-ingested,,behavior-test-stub,medium,medium,8,executive;pool;locks,
15,ExAllocatePoolWithTag,Ex,function,8,function,mapped,XeExAllocatePoolWithTag,ntoskrnl/ex;ntoskrnl/xb,src/core/kernel/exports/EmuKrnlEx.cpp,ExAllocatePoolWithTag,yes,src/tests/ex/ExAllocatePoolWithTag.c,substantive,not-ingested,,test-available-no-hardware-log,medium,medium,4,executive;pool;locks,
16,ExEventObjectType,Ex,data,,data,mapped,XeExEventObjectType,ntoskrnl/ex;ntoskrnl/xb,src/core/kernel/exports/EmuKrnlEx.cpp,ExEventObjectType,yes,src/tests/ex/suite/object_type.c,substantive,not-ingested,,test-available-no-hardware-log,medium,medium,4,executive;pool;locks,
17,ExFreePool,Ex,function,4,function,mapped,ExFreePool,ntoskrnl/ex;ntoskrnl/xb,src/core/kernel/exports/EmuKrnlEx.cpp,ExFreePool,yes,src/tests/ex/ExFreePool.c,stub,not-ingested,,behavior-test-stub,medium,medium,8,executive;pool;locks,
18,ExInitializeReadWriteLock,Ex,function,4,function,mapped,ExInitializeReadWriteLock,ntoskrnl/ex;ntoskrnl/xb,src/core/kernel/exports/EmuKrnlEx.cpp,ExInitializeReadWriteLock,yes,src/tests/ex/ExInitializeReadWriteLock.c,substantive,not-ingested,,test-available-no-hardware-log,medium,medium,4,executive;pool;locks,
19,ExInterlockedAddLargeInteger,Ex,function,16,function,mapped,ExInterlockedAddLargeInteger,ntoskrnl/ex;ntoskrnl/xb,src/core/kernel/exports/EmuKrnlEx.cpp,ExInterlockedAddLargeInteger,yes,src/tests/ex/ExInterlockedAddLargeInteger.c,substantive,not-ingested,,test-available-no-hardware-log,medium,medium,4,executive;pool;locks,
20,ExInterlockedAddLargeStatistic,Ex,function,8,fastcall,mapped,ExInterlockedAddLargeStatistic,ntoskrnl/ex;ntoskrnl/xb,src/core/kernel/exports/EmuKrnlEx.cpp,ExInterlockedAddLargeStatistic,yes,src/tests/ex/ExInterlockedAddLargeStatistic.c,substantive,not-ingested,,test-available-no-hardware-log,medium,medium,4,executive;pool;locks,
21,ExInterlockedCompareExchange64,Ex,function,12,fastcall,mapped,ExfInterlockedCompareExchange64,ntoskrnl/ex;ntoskrnl/xb,src/core/kernel/exports/EmuKrnlEx.cpp,ExInterlockedCompareExchange64,yes,src/tests/ex/ExInterlockedCompareExchange64.c,substantive,not-ingested,,test-available-no-hardware-log,medium,medium,4,executive;pool;locks,
22,ExMutantObjectType,Ex,data,,data,mapped,XeExMutantObjectType,ntoskrnl/ex;ntoskrnl/xb,src/core/kernel/exports/EmuKrnlEx.cpp,ExMutantObjectType,yes,src/tests/ex/suite/object_type.c,substantive,not-ingested,,test-available-no-hardware-log,medium,medium,4,executive;pool;locks,
23,ExQueryPoolBlockSize,Ex,function,4,function,mapped,XeExQueryPoolBlockSize,ntoskrnl/ex;ntoskrnl/xb,src/core/kernel/exports/EmuKrnlEx.cpp,ExQueryPoolBlockSize,yes,src/tests/ex/ExQueryPoolBlockSize.c,substantive,not-ingested,,test-available-no-hardware-log,medium,medium,4,executive;pool;locks,
24,ExQueryNonVolatileSetting,Ex,function,20,function,mapped,ExQueryNonVolatileSetting,ntoskrnl/ex;ntoskrnl/xb,src/core/kernel/exports/EmuKrnlEx.cpp,ExQueryNonVolatileSetting,yes,src/tests/ex/ExQueryNonVolatileSetting.c,substantive,not-ingested,,test-available-no-hardware-log,medium,medium,4,executive;pool;locks,
25,ExReadWriteRefurbInfo,Ex,function,12,function,mapped,ExReadWriteRefurbInfo,ntoskrnl/ex;ntoskrnl/xb,src/core/kernel/exports/EmuKrnlEx.cpp,ExReadWriteRefurbInfo,yes,src/tests/ex/ExReadWriteRefurbInfo.c,substantive,not-ingested,,test-available-no-hardware-log,medium,medium,4,executive;pool;locks,
26,ExRaiseException,Ex,function,4,function,mapped,RtlRaiseException,ntoskrnl/ex;ntoskrnl/xb,src/core/kernel/exports/EmuKrnlEx.cpp,ExRaiseException,yes,src/tests/ex/ExRaiseException.c,stub,not-ingested,,behavior-test-stub,medium,medium,8,executive;pool;locks,
27,ExRaiseStatus,Ex,function,4,function,mapped,RtlRaiseStatus,ntoskrnl/ex;ntoskrnl/xb,src/core/kernel/exports/EmuKrnlEx.cpp,ExRaiseStatus,yes,src/tests/ex/ExRaiseStatus.c,stub,not-ingested,,behavior-test-stub,medium,medium,8,executive;pool;locks,
28,ExReleaseReadWriteLock,Ex,function,4,function,mapped,ExReleaseReadWriteLock,ntoskrnl/ex;ntoskrnl/xb,src/core/kernel/exports/EmuKrnlEx.cpp,ExReleaseReadWriteLock,yes,src/tests/ex/ExReleaseReadWriteLock.c,substantive,not-ingested,,test-available-no-hardware-log,medium,medium,4,executive;pool;locks,
29,ExSaveNonVolatileSetting,Ex,function,16,function,mapped,ExSaveNonVolatileSetting,ntoskrnl/ex;ntoskrnl/xb,src/core/kernel/exports/EmuKrnlEx.cpp,ExSaveNonVolatileSetting,yes,src/tests/ex/ExSaveNonVolatileSetting.c,substantive,not-ingested,,test-available-no-hardware-log,medium,medium,4,executive;pool;locks,
30,ExSemaphoreObjectType,Ex,data,,data,mapped,XeExSemaphoreObjectType,ntoskrnl/ex;ntoskrnl/xb,src/core/kernel/exports/EmuKrnlEx.cpp,ExSemaphoreObjectType,yes,src/tests/ex/suite/object_type.c,substantive,not-ingested,,test-available-no-hardware-log,medium,medium,4,executive;pool;locks,
31,ExTimerObjectType,Ex,data,,data,mapped,XeExTimerObjectType,ntoskrnl/ex;ntoskrnl/xb,src/core/kernel/exports/EmuKrnlEx.cpp,ExTimerObjectType,yes,src/tests/ex/suite/object_type.c,substantive,not-ingested,,test-available-no-hardware-log,medium,medium,4,executive;pool;locks,
32,ExfInterlockedInsertHeadList,Ex,function,8,fastcall,mapped,XbExfInterlockedInsertHeadList,ntoskrnl/ex;ntoskrnl/xb,src/core/kernel/exports/EmuKrnlEx.cpp,ExfInterlockedInsertHeadList,yes,src/tests/ex/ExfInterlockedInsertHeadList.c,substantive,not-ingested,,test-available-no-hardware-log,medium,medium,4,executive;pool;locks,
33,ExfInterlockedInsertTailList,Ex,function,8,fastcall,mapped,XbExfInterlockedInsertTailList,ntoskrnl/ex;ntoskrnl/xb,src/core/kernel/exports/EmuKrnlEx.cpp,ExfInterlockedInsertTailList,yes,src/tests/ex/ExfInterlockedInsertTailList.c,substantive,not-ingested,,test-available-no-hardware-log,medium,medium,4,executive;pool;locks,
34,ExfInterlockedRemoveHeadList,Ex,function,4,fastcall,mapped,XbExfInterlockedRemoveHeadList,ntoskrnl/ex;ntoskrnl/xb,src/core/kernel/exports/EmuKrnlEx.cpp,ExfInterlockedRemoveHeadList,yes,src/tests/ex/ExfInterlockedRemoveHeadList.c,substantive,not-ingested,,test-available-no-hardware-log,medium,medium,4,executive;pool;locks,
35,FscGetCacheSize,Fsc,function,0,function,mapped,FscGetCacheSize,ntoskrnl/xb,src/core/kernel/exports/EmuKrnlFs.cpp,FscGetCacheSize,yes,src/tests/fsc/FscGetCacheSize.c,stub,not-ingested,,behavior-test-stub,high,high,11,filesystem cache;storage,
36,FscInvalidateIdleBlocks,Fsc,function,0,function,mapped,FscInvalidateIdleBlocks,ntoskrnl/xb,src/core/kernel/exports/EmuKrnlFs.cpp,FscInvalidateIdleBlocks,yes,src/tests/fsc/FscInvalidateIdleBlocks.c,substantive,not-ingested,,test-available-no-hardware-log,high,high,7,filesystem cache;storage,
37,FscSetCacheSize,Fsc,function,4,function,mapped,FscSetCacheSize,ntoskrnl/xb,src/core/kernel/exports/EmuKrnlFs.cpp,FscSetCacheSize,yes,src/tests/fsc/FscSetCacheSize.c,stub,not-ingested,,behavior-test-stub,high,high,11,filesystem cache;storage,
38,HalClearSoftwareInterrupt,Hal,function,4,fastcall,mapped,HalClearSoftwareInterrupt,hal/halx86/xbox,src/core/kernel/exports/EmuKrnlHal.cpp,HalClearSoftwareInterrupt,yes,src/tests/hal/HalClearSoftwareInterrupt.c,substantive,not-ingested,,test-available-no-hardware-log,high,high,7,chipset;interrupts;SMBus/PCI,
39,HalDisableSystemInterrupt,Hal,function,4,function,mapped,NxHalDisableSystemInterrupt,hal/halx86/xbox,src/core/kernel/exports/EmuKrnlHal.cpp,HalDisableSystemInterrupt,yes,src/tests/hal/HalDisableSystemInterrupt.c,substantive,not-ingested,,test-available-no-hardware-log,high,high,7,chipset;interrupts;SMBus/PCI,
40,HalDiskCachePartitionCount,Hal,data,,data,data-scaffold,=3,hal/halx86/xbox,src/core/kernel/exports/EmuKrnlHal.cpp,HalDiskCachePartitionCount,yes,src/tests/hal/HalDiskCachePartitionCount.c,substantive,not-ingested,,test-available-no-hardware-log,medium,high,7,chipset;interrupts;SMBus/PCI,
41,HalDiskModelNumber,Hal,data,,data,mapped,HalDiskModelNumber,hal/halx86/xbox,src/core/kernel/exports/EmuKrnlHal.cpp,HalDiskModelNumber,yes,src/tests/hal/HalDiskModelNumber.c,substantive,not-ingested,,test-available-no-hardware-log,medium,high,6,chipset;interrupts;SMBus/PCI,
42,HalDiskSerialNumber,Hal,data,,data,mapped,HalDiskSerialNumber,hal/halx86/xbox,src/core/kernel/exports/EmuKrnlHal.cpp,HalDiskSerialNumber,yes,src/tests/hal/HalDiskSerialNumber.c,substantive,not-ingested,,test-available-no-hardware-log,medium,high,6,chipset;interrupts;SMBus/PCI,
43,HalEnableSystemInterrupt,Hal,function,8,function,mapped,NxHalEnableSystemInterrupt,hal/halx86/xbox,src/core/kernel/exports/EmuKrnlHal.cpp,HalEnableSystemInterrupt,yes,src/tests/hal/HalEnableSystemInterrupt.c,substantive,not-ingested,,test-available-no-hardware-log,high,high,7,chipset;interrupts;SMBus/PCI,
44,HalGetInterruptVector,Hal,function,8,function,mapped,XeHalGetInterruptVector,hal/halx86/xbox,src/core/kernel/exports/EmuKrnlHal.cpp,HalGetInterruptVector,yes,src/tests/hal/HalGetInterruptVector.c,substantive,not-ingested,,test-available-no-hardware-log,high,high,7,chipset;interrupts;SMBus/PCI,
45,HalReadSMBusValue,Hal,function,16,function,mapped,HalReadSMBusValue,hal/halx86/xbox,src/core/kernel/exports/EmuKrnlHal.cpp,HalReadSMBusValue,yes,src/tests/hal/HalReadSMBusValue.c,substantive,not-ingested,,test-available-no-hardware-log,high,high,7,chipset;interrupts;SMBus/PCI,
46,HalReadWritePCISpace,Hal,function,24,function,mapped,HalReadWritePCISpace,hal/halx86/xbox,src/core/kernel/exports/EmuKrnlHal.cpp,HalReadWritePCISpace,yes,src/tests/hal/HalReadWritePCISpace.c,substantive,not-ingested,,test-available-no-hardware-log,high,high,7,chipset;interrupts;SMBus/PCI,
47,HalRegisterShutdownNotification,Hal,function,8,function,mapped,HalRegisterShutdownNotification,hal/halx86/xbox,src/core/kernel/exports/EmuKrnlHal.cpp,HalRegisterShutdownNotification,yes,src/tests/hal/HalRegisterShutdownNotification.c,substantive,not-ingested,,test-available-no-hardware-log,high,high,7,chipset;interrupts;SMBus/PCI,
48,HalRequestSoftwareInterrupt,Hal,function,4,fastcall,mapped,HalRequestSoftwareInterrupt,hal/halx86/xbox,src/core/kernel/exports/EmuKrnlHal.cpp,HalRequestSoftwareInterrupt,yes,src/tests/hal/HalRequestSoftwareInterrupt.c,substantive,not-ingested,,test-available-no-hardware-log,high,high,7,chipset;interrupts;SMBus/PCI,
49,HalReturnToFirmware,Hal,function,4,function,mapped,XeHalReturnToFirmware,hal/halx86/xbox,src/core/kernel/exports/EmuKrnlHal.cpp,HalReturnToFirmware,yes,src/tests/hal/HalReturnToFirmware.c,substantive,not-ingested,,test-available-no-hardware-log,high,high,7,chipset;interrupts;SMBus/PCI,
50,HalWriteSMBusValue,Hal,function,16,function,mapped,HalWriteSMBusValue,hal/halx86/xbox,src/core/kernel/exports/EmuKrnlHal.cpp,HalWriteSMBusValue,yes,src/tests/hal/HalWriteSMBusValue.c,substantive,not-ingested,,test-available-no-hardware-log,high,high,7,chipset;interrupts;SMBus/PCI,
51,InterlockedCompareExchange,Interlocked,function,12,fastcall,mapped,XeInterlockedCompareExchange,ntoskrnl/ex;ntoskrnl/xb,src/core/kernel/exports/EmuKrnl.cpp,InterlockedCompareExchange,yes,src/tests/interlocked/suite.c,stub,not-ingested,,behavior-test-stub,low,high,9,atomic primitives;CPU semantics,
52,InterlockedDecrement,Interlocked,function,4,fastcall,mapped,XeInterlockedDecrement,ntoskrnl/ex;ntoskrnl/xb,src/core/kernel/exports/EmuKrnl.cpp,InterlockedDecrement,yes,src/tests/interlocked/suite.c,stub,not-ingested,,behavior-test-stub,low,high,9,atomic primitives;CPU semantics,
53,InterlockedIncrement,Interlocked,function,4,fastcall,mapped,XeInterlockedIncrement,ntoskrnl/ex;ntoskrnl/xb,src/core/kernel/exports/EmuKrnl.cpp,InterlockedIncrement,yes,src/tests/interlocked/suite.c,stub,not-ingested,,behavior-test-stub,low,high,9,atomic primitives;CPU semantics,
54,InterlockedExchange,Interlocked,function,8,fastcall,mapped,XeInterlockedExchange,ntoskrnl/ex;ntoskrnl/xb,src/core/kernel/exports/EmuKrnl.cpp,InterlockedExchange,yes,src/tests/interlocked/suite.c,stub,not-ingested,,behavior-test-stub,low,high,9,atomic primitives;CPU semantics,
55,InterlockedExchangeAdd,Interlocked,function,8,fastcall,mapped,XeInterlockedExchangeAdd,ntoskrnl/ex;ntoskrnl/xb,src/core/kernel/exports/EmuKrnl.cpp,InterlockedExchangeAdd,yes,src/tests/interlocked/suite.c,stub,not-ingested,,behavior-test-stub,low,high,9,atomic primitives;CPU semantics,
56,InterlockedFlushSList,Interlocked,function,4,fastcall,mapped,ExInterlockedFlushSList,ntoskrnl/ex;ntoskrnl/xb,src/core/kernel/exports/EmuKrnl.cpp,InterlockedFlushSList,yes,src/tests/interlocked/suite.c,stub,not-ingested,,behavior-test-stub,low,high,9,atomic primitives;CPU semantics,
57,InterlockedPopEntrySList,Interlocked,function,4,fastcall,mapped,XeInterlockedPopEntrySList,ntoskrnl/ex;ntoskrnl/xb,src/core/kernel/exports/EmuKrnl.cpp,InterlockedPopEntrySList,yes,src/tests/interlocked/suite.c,stub,not-ingested,,behavior-test-stub,low,high,9,atomic primitives;CPU semantics,
58,InterlockedPushEntrySList,Interlocked,function,8,fastcall,mapped,XeInterlockedPushEntrySList,ntoskrnl/ex;ntoskrnl/xb,src/core/kernel/exports/EmuKrnl.cpp,InterlockedPushEntrySList,yes,src/tests/interlocked/suite.c,stub,not-ingested,,behavior-test-stub,low,high,9,atomic primitives;CPU semantics,
59,IoAllocateIrp,Io,function,4,function,mapped,XeIoAllocateIrp,ntoskrnl/io;ntoskrnl/xb,src/core/kernel/exports/EmuKrnlIo.cpp,IoAllocateIrp,yes,src/tests/io/IoAllocateIrp.c,stub,not-ingested,,behavior-test-stub,high,high,11,I/O manager;IRP;device objects,
60,IoBuildAsynchronousFsdRequest,Io,function,24,function,mapped,IoBuildAsynchronousFsdRequest,ntoskrnl/io;ntoskrnl/xb,src/core/kernel/exports/EmuKrnlIo.cpp,IoBuildAsynchronousFsdRequest,yes,src/tests/io/IoBuildAsynchronousFsdRequest.c,substantive,not-ingested,,test-available-no-hardware-log,high,high,7,I/O manager;IRP;device objects,
61,IoBuildDeviceIoControlRequest,Io,function,36,function,mapped,IoBuildDeviceIoControlRequest,ntoskrnl/io;ntoskrnl/xb,src/core/kernel/exports/EmuKrnlIo.cpp,IoBuildDeviceIoControlRequest,yes,src/tests/io/IoBuildDeviceIoControlRequest.c,substantive,not-ingested,,test-available-no-hardware-log,high,high,7,I/O manager;IRP;device objects,
62,IoBuildSynchronousFsdRequest,Io,function,28,function,mapped,IoBuildSynchronousFsdRequest,ntoskrnl/io;ntoskrnl/xb,src/core/kernel/exports/EmuKrnlIo.cpp,IoBuildSynchronousFsdRequest,yes,src/tests/io/IoBuildSynchronousFsdRequest.c,substantive,not-ingested,,test-available-no-hardware-log,high,high,7,I/O manager;IRP;device objects,
63,IoCheckShareAccess,Io,function,20,function,mapped,IoCheckShareAccess,ntoskrnl/io;ntoskrnl/xb,src/core/kernel/exports/EmuKrnlIo.cpp,IoCheckShareAccess,yes,src/tests/io/IoCheckShareAccess.c,substantive,not-ingested,,test-available-no-hardware-log,high,high,7,I/O manager;IRP;device objects,
64,IoCompletionObjectType,Io,data,,data,mapped,XeIoCompletionObjectType,ntoskrnl/io;ntoskrnl/xb,src/core/kernel/exports/EmuKrnlIo.cpp,IoCompletionObjectType,yes,src/tests/io/suite/object_type.c,substantive,not-ingested,,test-available-no-hardware-log,high,high,7,I/O manager;IRP;device objects,
65,IoCreateDevice,Io,function,24,function,mapped,XeIoCreateDevice,ntoskrnl/io;ntoskrnl/xb,src/core/kernel/exports/EmuKrnlIo.cpp,IoCreateDevice,yes,src/tests/io/IoCreateDevice.c,stub,not-ingested,,behavior-test-stub,high,high,11,I/O manager;IRP;device objects,
66,IoCreateFile,Io,function,40,function,mapped,XeIoCreateFile,ntoskrnl/io;ntoskrnl/xb,src/core/kernel/exports/EmuKrnlIo.cpp,IoCreateFile,yes,src/tests/io/IoCreateFile.c,stub,not-ingested,,behavior-test-stub,high,high,11,I/O manager;IRP;device objects,
67,IoCreateSymbolicLink,Io,function,8,function,mapped,XeIoCreateSymbolicLink,ntoskrnl/io;ntoskrnl/xb,src/core/kernel/exports/EmuKrnlIo.cpp,IoCreateSymbolicLink,yes,src/tests/io/IoCreateSymbolicLink.c,substantive,not-ingested,,test-available-no-hardware-log,high,high,7,I/O manager;IRP;device objects,
68,IoDeleteDevice,Io,function,4,function,mapped,IoDeleteDevice,ntoskrnl/io;ntoskrnl/xb,src/core/kernel/exports/EmuKrnlIo.cpp,IoDeleteDevice,yes,src/tests/io/IoDeleteDevice.c,stub,not-ingested,,behavior-test-stub,high,high,11,I/O manager;IRP;device objects,
69,IoDeleteSymbolicLink,Io,function,4,function,mapped,XeIoDeleteSymbolicLink,ntoskrnl/io;ntoskrnl/xb,src/core/kernel/exports/EmuKrnlIo.cpp,IoDeleteSymbolicLink,yes,src/tests/io/IoDeleteSymbolicLink.c,substantive,not-ingested,,test-available-no-hardware-log,high,high,7,I/O manager;IRP;device objects,
70,IoDeviceObjectType,Io,data,,data,mapped,XeIoDeviceObjectType,ntoskrnl/io;ntoskrnl/xb,src/core/kernel/exports/EmuKrnlIo.cpp,IoDeviceObjectType,yes,src/tests/io/suite/object_type.c,substantive,not-ingested,,test-available-no-hardware-log,high,high,7,I/O manager;IRP;device objects,
71,IoFileObjectType,Io,data,,data,mapped,XeIoFileObjectType,ntoskrnl/io;ntoskrnl/xb,src/core/kernel/exports/EmuKrnlIo.cpp,IoFileObjectType,yes,src/tests/io/suite/object_type.c,substantive,not-ingested,,test-available-no-hardware-log,high,high,7,I/O manager;IRP;device objects,
72,IoFreeIrp,Io,function,4,function,mapped,IoFreeIrp,ntoskrnl/io;ntoskrnl/xb,src/core/kernel/exports/EmuKrnlIo.cpp,IoFreeIrp,yes,src/tests/io/IoFreeIrp.c,stub,not-ingested,,behavior-test-stub,high,high,11,I/O manager;IRP;device objects,
73,IoInitializeIrp,Io,function,12,function,mapped,IoInitializeIrp,ntoskrnl/io;ntoskrnl/xb,src/core/kernel/exports/EmuKrnlIo.cpp,IoInitializeIrp,yes,src/tests/io/IoInitializeIrp.c,stub,not-ingested,,behavior-test-stub,high,high,11,I/O manager;IRP;device objects,
74,IoInvalidDeviceRequest,Io,function,8,function,mapped,IoInvalidDeviceRequest,ntoskrnl/io;ntoskrnl/xb,src/core/kernel/exports/EmuKrnlIo.cpp,IoInvalidDeviceRequest,yes,src/tests/io/IoInvalidDeviceRequest.c,substantive,not-ingested,,test-available-no-hardware-log,high,high,7,I/O manager;IRP;device objects,
75,IoQueryFileInformation,Io,function,20,function,mapped,XeIoQueryFileInformation,ntoskrnl/io;ntoskrnl/xb,src/core/kernel/exports/EmuKrnlIo.cpp,IoQueryFileInformation,yes,src/tests/io/IoQueryFileInformation.c,substantive,not-ingested,,test-available-no-hardware-log,high,high,7,I/O manager;IRP;device objects,
76,IoQueryVolumeInformation,Io,function,20,function,mapped,XeIoQueryVolumeInformation,ntoskrnl/io;ntoskrnl/xb,src/core/kernel/exports/EmuKrnlIo.cpp,IoQueryVolumeInformation,yes,src/tests/io/IoQueryVolumeInformation.c,substantive,not-ingested,,test-available-no-hardware-log,high,high,7,I/O manager;IRP;device objects,
77,IoQueueThreadIrp,Io,function,4,function,mapped,IoQueueThreadIrp,ntoskrnl/io;ntoskrnl/xb,src/core/kernel/exports/EmuKrnlIo.cpp,IoQueueThreadIrp,yes,src/tests/io/IoQueueThreadIrp.c,stub,not-ingested,,behavior-test-stub,high,high,11,I/O manager;IRP;device objects,
78,IoRemoveShareAccess,Io,function,8,function,mapped,IoRemoveShareAccess,ntoskrnl/io;ntoskrnl/xb,src/core/kernel/exports/EmuKrnlIo.cpp,IoRemoveShareAccess,yes,src/tests/io/IoRemoveShareAccess.c,substantive,not-ingested,,test-available-no-hardware-log,high,high,7,I/O manager;IRP;device objects,
79,IoSetIoCompletion,Io,function,20,function,mapped,XeIoSetIoCompletion,ntoskrnl/io;ntoskrnl/xb,src/core/kernel/exports/EmuKrnlIo.cpp,IoSetIoCompletion,yes,src/tests/io/IoSetIoCompletion.c,stub,not-ingested,,behavior-test-stub,high,high,11,I/O manager;IRP;device objects,
80,IoSetShareAccess,Io,function,16,function,mapped,IoSetShareAccess,ntoskrnl/io;ntoskrnl/xb,src/core/kernel/exports/EmuKrnlIo.cpp,IoSetShareAccess,yes,src/tests/io/IoSetShareAccess.c,stub,not-ingested,,behavior-test-stub,high,high,11,I/O manager;IRP;device objects,
81,IoStartNextPacket,Io,function,4,function,mapped,XeIoStartNextPacket,ntoskrnl/io;ntoskrnl/xb,src/core/kernel/exports/EmuKrnlIo.cpp,IoStartNextPacket,yes,src/tests/io/IoStartNextPacket.c,substantive,not-ingested,,test-available-no-hardware-log,high,high,7,I/O manager;IRP;device objects,
82,IoStartNextPacketByKey,Io,function,8,function,mapped,XeIoStartNextPacketByKey,ntoskrnl/io;ntoskrnl/xb,src/core/kernel/exports/EmuKrnlIo.cpp,IoStartNextPacketByKey,yes,src/tests/io/IoStartNextPacketByKey.c,substantive,not-ingested,,test-available-no-hardware-log,high,high,7,I/O manager;IRP;device objects,
83,IoStartPacket,Io,function,12,function,mapped,XeIoStartPacket,ntoskrnl/io;ntoskrnl/xb,src/core/kernel/exports/EmuKrnlIo.cpp,IoStartPacket,yes,src/tests/io/IoStartPacket.c,stub,not-ingested,,behavior-test-stub,high,high,11,I/O manager;IRP;device objects,
84,IoSynchronousDeviceIoControlRequest,Io,function,32,function,mapped,XeIoSynchronousDeviceIoControlRequest,ntoskrnl/io;ntoskrnl/xb,src/core/kernel/exports/EmuKrnlIo.cpp,IoSynchronousDeviceIoControlRequest,yes,src/tests/io/IoSynchronousDeviceIoControlRequest.c,substantive,not-ingested,,test-available-no-hardware-log,high,high,7,I/O manager;IRP;device objects,
85,IoSynchronousFsdRequest,Io,function,20,function,mapped,XeIoSynchronousFsdRequest,ntoskrnl/io;ntoskrnl/xb,src/core/kernel/exports/EmuKrnlIo.cpp,IoSynchronousFsdRequest,yes,src/tests/io/IoSynchronousFsdRequest.c,substantive,not-ingested,,test-available-no-hardware-log,high,high,7,I/O manager;IRP;device objects,
86,IofCallDriver,Iof,function,8,fastcall,mapped,IofCallDriver,ntoskrnl/io;ntoskrnl/xb,src/core/kernel/exports/EmuKrnlIo.cpp,IofCallDriver,yes,src/tests/iof/IofCallDriver.c,stub,not-ingested,,behavior-test-stub,high,high,11,I/O manager;IRP;drivers,
87,IofCompleteRequest,Iof,function,8,fastcall,mapped,IofCompleteRequest,ntoskrnl/io;ntoskrnl/xb,src/core/kernel/exports/EmuKrnlIo.cpp,IofCompleteRequest,yes,src/tests/iof/IofCompleteRequest.c,substantive,not-ingested,,test-available-no-hardware-log,high,high,7,I/O manager;IRP;drivers,
88,KdDebuggerEnabled,Kd,data,,data,data-scaffold,=1,ntoskrnl/xb,src/core/kernel/exports/EmuKrnlKd.cpp,KdDebuggerEnabled,yes,src/tests/kd/KdDebuggerEnabled.c,stub,not-ingested,,behavior-test-stub,low,low,2,debugger state,
89,KdDebuggerNotPresent,Kd,data,,data,data-scaffold,=1,ntoskrnl/xb,src/core/kernel/exports/EmuKrnlKd.cpp,KdDebuggerNotPresent,yes,src/tests/kd/KdDebuggerNotPresent.c,substantive,not-ingested,,test-available-no-hardware-log,low,low,0,debugger state,
90,IoDismountVolume,Io,function,4,function,mapped,XeIoDismountVolume,ntoskrnl/io;ntoskrnl/xb,src/core/kernel/exports/EmuKrnlIo.cpp,IoDismountVolume,yes,src/tests/io/IoDismountVolume.c,stub,not-ingested,,behavior-test-stub,high,high,11,I/O manager;IRP;device objects,
91,IoDismountVolumeByName,Io,function,4,function,mapped,XeIoDismountVolumeByName,ntoskrnl/io;ntoskrnl/xb,src/core/kernel/exports/EmuKrnlIo.cpp,IoDismountVolumeByName,yes,src/tests/io/IoDismountVolumeByName.c,substantive,not-ingested,,test-available-no-hardware-log,high,high,7,I/O manager;IRP;device objects,
92,KeAlertResumeThread,Ke,function,4,function,mapped,KeAlertResumeThread,ntoskrnl/ke;ntoskrnl/xb,src/core/kernel/exports/EmuKrnlKe.cpp,KeAlertResumeThread,yes,src/tests/ke/suite/thread.c,stub,not-ingested,,behavior-test-stub,high,high,11,dispatcher;thread-state;object-layout,
93,KeAlertThread,Ke,function,8,function,mapped,KeAlertThread,ntoskrnl/ke;ntoskrnl/xb,src/core/kernel/exports/EmuKrnlKe.cpp,KeAlertThread,yes,src/tests/ke/suite/thread.c,stub,not-ingested,,behavior-test-stub,high,high,11,dispatcher;thread-state;object-layout,
94,KeBoostPriorityThread,Ke,function,8,function,mapped,KeBoostPriorityThread,ntoskrnl/ke;ntoskrnl/xb,src/core/kernel/exports/EmuKrnlKe.cpp,KeBoostPriorityThread,yes,src/tests/ke/suite/thread.c,stub,not-ingested,,behavior-test-stub,high,high,11,dispatcher;thread-state;object-layout,
95,KeBugCheck,Ke,function,4,function,mapped,KeBugCheck,ntoskrnl/ke;ntoskrnl/xb,src/core/kernel/exports/EmuKrnlKe.cpp,KeBugCheck,yes,src/tests/ke/KeBugCheck.c,stub,not-ingested,,behavior-test-stub,medium,high,10,kernel-core,
96,KeBugCheckEx,Ke,function,20,function,mapped,KeBugCheckEx,ntoskrnl/ke;ntoskrnl/xb,src/core/kernel/exports/EmuKrnlKe.cpp,KeBugCheckEx,yes,src/tests/ke/KeBugCheckEx.c,stub,not-ingested,,behavior-test-stub,medium,high,10,kernel-core,
97,KeCancelTimer,Ke,function,4,function,mapped,KeCancelTimer,ntoskrnl/ke;ntoskrnl/xb,src/core/kernel/exports/EmuKrnlKe.cpp,KeCancelTimer,yes,src/tests/ke/KeCancelTimer.c,stub,not-ingested,,behavior-test-stub,high,high,11,dispatcher;clock;timers,
98,KeConnectInterrupt,Ke,function,4,function,mapped,XeKeConnectInterrupt,ntoskrnl/ke;ntoskrnl/xb,src/core/kernel/exports/EmuKrnlKe.cpp,KeConnectInterrupt,yes,src/tests/ke/KeConnectInterrupt.c,substantive,not-ingested,,test-available-no-hardware-log,high,high,7,IRQL;interrupt-controller;dispatcher,
99,KeDelayExecutionThread,Ke,function,12,function,mapped,KeDelayExecutionThread,ntoskrnl/ke;ntoskrnl/xb,src/core/kernel/exports/EmuKrnlKe.cpp,KeDelayExecutionThread,yes,src/tests/ke/suite/thread.c,stub,not-ingested,,behavior-test-stub,high,high,11,dispatcher;clock;timers,
100,KeDisconnectInterrupt,Ke,function,4,function,mapped,XeKeDisconnectInterrupt,ntoskrnl/ke;ntoskrnl/xb,src/core/kernel/exports/EmuKrnlKe.cpp,KeDisconnectInterrupt,yes,src/tests/ke/KeDisconnectInterrupt.c,substantive,not-ingested,,test-available-no-hardware-log,high,high,7,IRQL;interrupt-controller;dispatcher,
101,KeEnterCriticalRegion,Ke,function,0,function,mapped,KeEnterCriticalRegion,ntoskrnl/ke;ntoskrnl/xb,src/core/kernel/exports/EmuKrnlKe.cpp,KeEnterCriticalRegion,yes,src/tests/ke/KeEnterCriticalRegion.c,substantive,not-ingested,,test-available-no-hardware-log,medium,high,6,kernel-core,
102,MmGlobalData,Mm,data,,data,mapped,MmGlobalData,ntoskrnl/xb/mm;ntoskrnl/mm,src/core/kernel/exports/EmuKrnlMm.cpp,MmGlobalData,yes,src/tests/mm/MmGlobalData.c,stub,not-ingested,,behavior-test-stub,high,high,11,PTE/PFN;physical allocator;TLB;GPU-visible memory,
103,KeGetCurrentIrql,Ke,function,0,function,mapped,KeGetCurrentIrql,ntoskrnl/ke;ntoskrnl/xb,src/core/kernel/exports/EmuKrnlKe.cpp,KeGetCurrentIrql,yes,src/tests/ke/KeGetCurrentIrql.c,stub,not-ingested,,behavior-test-stub,high,high,11,IRQL;interrupt-controller;dispatcher,
104,KeGetCurrentThread,Ke,function,0,function,mapped,XeKeGetCurrentThread,ntoskrnl/ke;ntoskrnl/xb,src/core/kernel/exports/EmuKrnlKe.cpp,KeGetCurrentThread,yes,src/tests/ke/suite/thread.c,stub,not-ingested,,behavior-test-stub,high,high,11,dispatcher;thread-state;object-layout,
105,KeInitializeApc,Ke,function,28,function,mapped,XeKeInitializeApc,ntoskrnl/ke;ntoskrnl/xb,src/core/kernel/exports/EmuKrnlKe.cpp,KeInitializeApc,yes,src/tests/ke/KeInitializeApc.c,stub,not-ingested,,behavior-test-stub,high,high,11,dispatcher;thread-state;APC,
106,KeInitializeDeviceQueue,Ke,function,4,function,mapped,KeInitializeDeviceQueue,ntoskrnl/ke;ntoskrnl/xb,src/core/kernel/exports/EmuKrnlKe.cpp,KeInitializeDeviceQueue,yes,src/tests/ke/KeInitializeDeviceQueue.c,substantive,not-ingested,,test-available-no-hardware-log,high,high,7,dispatcher;thread-state;object-layout,
107,KeInitializeDpc,Ke,function,12,function,mapped,KeInitializeDpc,ntoskrnl/ke;ntoskrnl/xb,src/core/kernel/exports/EmuKrnlKe.cpp,KeInitializeDpc,yes,src/tests/ke/suite/dpc.c,substantive,not-ingested,,test-available-no-hardware-log,high,high,7,dispatcher;DPC;IRQL,
108,KeInitializeEvent,Ke,function,12,function,mapped,KeInitializeEvent,ntoskrnl/ke;ntoskrnl/xb,src/core/kernel/exports/EmuKrnlKe.cpp,KeInitializeEvent,yes,src/tests/ke/KeInitializeEvent.c,substantive,not-ingested,,test-available-no-hardware-log,high,high,7,dispatcher;thread-state;object-layout,
109,KeInitializeInterrupt,Ke,function,28,function,mapped,XeKeInitializeInterrupt,ntoskrnl/ke;ntoskrnl/xb,src/core/kernel/exports/EmuKrnlKe.cpp,KeInitializeInterrupt,yes,src/tests/ke/KeInitializeInterrupt.c,substantive,not-ingested,,test-available-no-hardware-log,high,high,7,IRQL;interrupt-controller;dispatcher,
110,KeInitializeMutant,Ke,function,8,function,mapped,KeInitializeMutant,ntoskrnl/ke;ntoskrnl/xb,src/core/kernel/exports/EmuKrnlKe.cpp,KeInitializeMutant,yes,src/tests/ke/KeInitializeMutant.c,substantive,not-ingested,,test-available-no-hardware-log,high,high,7,dispatcher;thread-state;object-layout,
111,KeInitializeQueue,Ke,function,8,function,mapped,KeInitializeQueue,ntoskrnl/ke;ntoskrnl/xb,src/core/kernel/exports/EmuKrnlKe.cpp,KeInitializeQueue,yes,src/tests/ke/KeInitializeQueue.c,substantive,not-ingested,,test-available-no-hardware-log,high,high,7,dispatcher;thread-state;object-layout,
112,KeInitializeSemaphore,Ke,function,12,function,mapped,KeInitializeSemaphore,ntoskrnl/ke;ntoskrnl/xb,src/core/kernel/exports/EmuKrnlKe.cpp,KeInitializeSemaphore,yes,src/tests/ke/KeInitializeSemaphore.c,substantive,not-ingested,,test-available-no-hardware-log,high,high,7,dispatcher;thread-state;object-layout,
113,KeInitializeTimerEx,Ke,function,8,function,mapped,KeInitializeTimerEx,ntoskrnl/ke;ntoskrnl/xb,src/core/kernel/exports/EmuKrnlKe.cpp,KeInitializeTimerEx,yes,src/tests/ke/KeInitializeTimerEx.c,substantive,not-ingested,,test-available-no-hardware-log,high,high,7,dispatcher;clock;timers,
114,KeInsertByKeyDeviceQueue,Ke,function,12,function,mapped,KeInsertByKeyDeviceQueue,ntoskrnl/ke;ntoskrnl/xb,src/core/kernel/exports/EmuKrnlKe.cpp,KeInsertByKeyDeviceQueue,yes,src/tests/ke/KeInsertByKeyDeviceQueue.c,substantive,not-ingested,,test-available-no-hardware-log,high,high,7,dispatcher;thread-state;object-layout,
115,KeInsertDeviceQueue,Ke,function,8,function,mapped,KeInsertDeviceQueue,ntoskrnl/ke;ntoskrnl/xb,src/core/kernel/exports/EmuKrnlKe.cpp,KeInsertDeviceQueue,yes,src/tests/ke/KeInsertDeviceQueue.c,substantive,not-ingested,,test-available-no-hardware-log,high,high,7,dispatcher;thread-state;object-layout,
116,KeInsertHeadQueue,Ke,function,8,function,mapped,KeInsertHeadQueue,ntoskrnl/ke;ntoskrnl/xb,src/core/kernel/exports/EmuKrnlKe.cpp,KeInsertHeadQueue,yes,src/tests/ke/KeInsertHeadQueue.c,stub,not-ingested,,behavior-test-stub,high,high,11,dispatcher;thread-state;object-layout,
117,KeInsertQueue,Ke,function,8,function,mapped,KeInsertQueue,ntoskrnl/ke;ntoskrnl/xb,src/core/kernel/exports/EmuKrnlKe.cpp,KeInsertQueue,yes,src/tests/ke/KeInsertQueue.c,stub,not-ingested,,behavior-test-stub,high,high,11,dispatcher;thread-state;object-layout,
118,KeInsertQueueApc,Ke,function,16,function,mapped,XeKeInsertQueueApc,ntoskrnl/ke;ntoskrnl/xb,src/core/kernel/exports/EmuKrnlKe.cpp,KeInsertQueueApc,yes,src/tests/ke/KeInsertQueueApc.c,stub,not-ingested,,behavior-test-stub,high,high,11,dispatcher;thread-state;APC,
119,KeInsertQueueDpc,Ke,function,12,function,mapped,KeInsertQueueDpc,ntoskrnl/ke;ntoskrnl/xb,src/core/kernel/exports/EmuKrnlKe.cpp,KeInsertQueueDpc,yes,src/tests/ke/suite/dpc.c,substantive,not-ingested,,test-available-no-hardware-log,high,high,7,dispatcher;DPC;IRQL,
120,KeInterruptTime,Ke,data,,data,mapped,KeInterruptTime,ntoskrnl/ke;ntoskrnl/xb,src/core/kernel/exports/EmuKrnlKe.cpp,KeInterruptTime,yes,src/tests/ke/KeInterruptTime.c,stub,not-ingested,,behavior-test-stub,high,high,11,dispatcher;clock;timers,
121,KeIsExecutingDpc,Ke,function,0,function,mapped,KeIsExecutingDpc,ntoskrnl/ke;ntoskrnl/xb,src/core/kernel/exports/EmuKrnlKe.cpp,KeIsExecutingDpc,yes,src/tests/ke/suite/dpc.c,substantive,not-ingested,,test-available-no-hardware-log,high,high,7,dispatcher;DPC;IRQL,
122,KeLeaveCriticalRegion,Ke,function,0,function,mapped,KeLeaveCriticalRegion,ntoskrnl/ke;ntoskrnl/xb,src/core/kernel/exports/EmuKrnlKe.cpp,KeLeaveCriticalRegion,yes,src/tests/ke/KeLeaveCriticalRegion.c,substantive,not-ingested,,test-available-no-hardware-log,medium,high,6,kernel-core,
123,KePulseEvent,Ke,function,12,function,mapped,KePulseEvent,ntoskrnl/ke;ntoskrnl/xb,src/core/kernel/exports/EmuKrnlKe.cpp,KePulseEvent,yes,src/tests/ke/KePulseEvent.c,stub,not-ingested,,behavior-test-stub,high,high,11,dispatcher;thread-state;object-layout,
124,KeQueryBasePriorityThread,Ke,function,4,function,mapped,KeQueryBasePriorityThread,ntoskrnl/ke;ntoskrnl/xb,src/core/kernel/exports/EmuKrnlKe.cpp,KeQueryBasePriorityThread,yes,src/tests/ke/suite/thread.c,stub,not-ingested,,behavior-test-stub,high,high,11,dispatcher;thread-state;object-layout,
125,KeQueryInterruptTime,Ke,function,0,function,mapped,XeKeQueryInterruptTime,ntoskrnl/ke;ntoskrnl/xb,src/core/kernel/exports/EmuKrnlKe.cpp,KeQueryInterruptTime,yes,src/tests/ke/KeQueryInterruptTime.c,substantive,not-ingested,,test-available-no-hardware-log,high,high,7,dispatcher;clock;timers,
126,KeQueryPerformanceCounter,Ke,function,0,function,mapped,XeKeQueryPerformanceCounter,ntoskrnl/ke;ntoskrnl/xb,src/core/kernel/exports/EmuKrnlKe.cpp,KeQueryPerformanceCounter,yes,src/tests/ke/KeQueryPerformanceCounter.c,substantive,not-ingested,,test-available-no-hardware-log,medium,high,6,dispatcher;clock;timers,
127,KeQueryPerformanceFrequency,Ke,function,0,function,mapped,KeQueryPerformanceFrequency,ntoskrnl/ke;ntoskrnl/xb,src/core/kernel/exports/EmuKrnlKe.cpp,KeQueryPerformanceFrequency,yes,src/tests/ke/KeQueryPerformanceFrequency.c,substantive,not-ingested,,test-available-no-hardware-log,medium,high,6,dispatcher;clock;timers,
128,KeQuerySystemTime,Ke,function,4,function,mapped,KeQuerySystemTime,ntoskrnl/ke;ntoskrnl/xb,src/core/kernel/exports/EmuKrnlKe.cpp,KeQuerySystemTime,yes,src/tests/ke/KeQuerySystemTime.c,stub,not-ingested,,behavior-test-stub,medium,high,10,dispatcher;clock;timers,
129,KeRaiseIrqlToDpcLevel,Ke,function,0,function,mapped,KeRaiseIrqlToDpcLevel,ntoskrnl/ke;ntoskrnl/xb,src/core/kernel/exports/EmuKrnlKe.cpp,KeRaiseIrqlToDpcLevel,yes,src/tests/ke/KeRaiseIrqlToDpcLevel.c,substantive,not-ingested,,test-available-no-hardware-log,high,high,7,dispatcher;DPC;IRQL,
130,KeRaiseIrqlToSynchLevel,Ke,function,0,function,mapped,KeRaiseIrqlToSynchLevel,ntoskrnl/ke;ntoskrnl/xb,src/core/kernel/exports/EmuKrnlKe.cpp,KeRaiseIrqlToSynchLevel,yes,src/tests/ke/KeRaiseIrqlToSynchLevel.c,substantive,not-ingested,,test-available-no-hardware-log,high,high,7,IRQL;interrupt-controller;dispatcher,
131,KeReleaseMutant,Ke,function,16,function,mapped,KeReleaseMutant,ntoskrnl/ke;ntoskrnl/xb,src/core/kernel/exports/EmuKrnlKe.cpp,KeReleaseMutant,yes,src/tests/ke/KeReleaseMutant.c,stub,not-ingested,,behavior-test-stub,high,high,11,dispatcher;thread-state;object-layout,
132,KeReleaseSemaphore,Ke,function,16,function,mapped,KeReleaseSemaphore,ntoskrnl/ke;ntoskrnl/xb,src/core/kernel/exports/EmuKrnlKe.cpp,KeReleaseSemaphore,yes,src/tests/ke/KeReleaseSemaphore.c,substantive,not-ingested,,test-available-no-hardware-log,high,high,7,dispatcher;thread-state;object-layout,
133,KeRemoveByKeyDeviceQueue,Ke,function,8,function,mapped,KeRemoveByKeyDeviceQueue,ntoskrnl/ke;ntoskrnl/xb,src/core/kernel/exports/EmuKrnlKe.cpp,KeRemoveByKeyDeviceQueue,yes,src/tests/ke/KeRemoveByKeyDeviceQueue.c,substantive,not-ingested,,test-available-no-hardware-log,high,high,7,dispatcher;thread-state;object-layout,
134,KeRemoveDeviceQueue,Ke,function,4,function,mapped,KeRemoveDeviceQueue,ntoskrnl/ke;ntoskrnl/xb,src/core/kernel/exports/EmuKrnlKe.cpp,KeRemoveDeviceQueue,yes,src/tests/ke/KeRemoveDeviceQueue.c,substantive,not-ingested,,test-available-no-hardware-log,high,high,7,dispatcher;thread-state;object-layout,
135,KeRemoveEntryDeviceQueue,Ke,function,8,function,mapped,KeRemoveEntryDeviceQueue,ntoskrnl/ke;ntoskrnl/xb,src/core/kernel/exports/EmuKrnlKe.cpp,KeRemoveEntryDeviceQueue,yes,src/tests/ke/KeRemoveEntryDeviceQueue.c,substantive,not-ingested,,test-available-no-hardware-log,high,high,7,dispatcher;thread-state;object-layout,
136,KeRemoveQueue,Ke,function,12,function,mapped,KeRemoveQueue,ntoskrnl/ke;ntoskrnl/xb,src/core/kernel/exports/EmuKrnlKe.cpp,KeRemoveQueue,yes,src/tests/ke/KeRemoveQueue.c,stub,not-ingested,,behavior-test-stub,high,high,11,dispatcher;thread-state;object-layout,
137,KeRemoveQueueDpc,Ke,function,4,function,mapped,KeRemoveQueueDpc,ntoskrnl/ke;ntoskrnl/xb,src/core/kernel/exports/EmuKrnlKe.cpp,KeRemoveQueueDpc,yes,src/tests/ke/suite/dpc.c,substantive,not-ingested,,test-available-no-hardware-log,high,high,7,dispatcher;DPC;IRQL,
138,KeResetEvent,Ke,function,4,function,mapped,KeResetEvent,ntoskrnl/ke;ntoskrnl/xb,src/core/kernel/exports/EmuKrnlKe.cpp,KeResetEvent,yes,src/tests/ke/KeResetEvent.c,stub,not-ingested,,behavior-test-stub,high,high,11,dispatcher;thread-state;object-layout,
139,KeRestoreFloatingPointState,Ke,function,4,function,mapped,KeRestoreFloatingPointState,ntoskrnl/ke;ntoskrnl/xb,src/core/kernel/exports/EmuKrnlKe.cpp,KeRestoreFloatingPointState,yes,src/tests/ke/KeRestoreFloatingPointState.c,substantive,not-ingested,,test-available-no-hardware-log,medium,high,6,kernel-core,
140,KeResumeThread,Ke,function,4,function,mapped,KeResumeThread,ntoskrnl/ke;ntoskrnl/xb,src/core/kernel/exports/EmuKrnlKe.cpp,KeResumeThread,yes,src/tests/ke/suite/thread.c,substantive,not-ingested,,test-available-no-hardware-log,high,high,7,dispatcher;thread-state;object-layout,
141,KeRundownQueue,Ke,function,4,function,mapped,KeRundownQueue,ntoskrnl/ke;ntoskrnl/xb,src/core/kernel/exports/EmuKrnlKe.cpp,KeRundownQueue,yes,src/tests/ke/KeRundownQueue.c,stub,not-ingested,,behavior-test-stub,high,high,11,dispatcher;thread-state;object-layout,
142,KeSaveFloatingPointState,Ke,function,4,function,mapped,KeSaveFloatingPointState,ntoskrnl/ke;ntoskrnl/xb,src/core/kernel/exports/EmuKrnlKe.cpp,KeSaveFloatingPointState,yes,src/tests/ke/KeSaveFloatingPointState.c,substantive,not-ingested,,test-available-no-hardware-log,medium,high,6,kernel-core,
143,KeSetBasePriorityThread,Ke,function,8,function,mapped,KeSetBasePriorityThread,ntoskrnl/ke;ntoskrnl/xb,src/core/kernel/exports/EmuKrnlKe.cpp,KeSetBasePriorityThread,yes,src/tests/ke/suite/thread.c,stub,not-ingested,,behavior-test-stub,high,high,11,dispatcher;thread-state;object-layout,
144,KeSetDisableBoostThread,Ke,function,8,function,mapped,KeSetDisableBoostThread,ntoskrnl/ke;ntoskrnl/xb,src/core/kernel/exports/EmuKrnlKe.cpp,KeSetDisableBoostThread,yes,src/tests/ke/suite/thread.c,stub,not-ingested,,behavior-test-stub,high,high,11,dispatcher;thread-state;object-layout,
145,KeSetEvent,Ke,function,12,function,mapped,KeSetEvent,ntoskrnl/ke;ntoskrnl/xb,src/core/kernel/exports/EmuKrnlKe.cpp,KeSetEvent,yes,src/tests/ke/KeSetEvent.c,stub,not-ingested,,behavior-test-stub,high,high,11,dispatcher;thread-state;object-layout,
146,KeSetEventBoostPriority,Ke,function,8,function,mapped,KeSetEventBoostPriority,ntoskrnl/ke;ntoskrnl/xb,src/core/kernel/exports/EmuKrnlKe.cpp,KeSetEventBoostPriority,yes,src/tests/ke/KeSetEventBoostPriority.c,substantive,not-ingested,,test-available-no-hardware-log,high,high,7,dispatcher;thread-state;object-layout,
147,KeSetPriorityProcess,Ke,function,8,function,mapped,KeSetPriorityProcess,ntoskrnl/ke;ntoskrnl/xb,src/core/kernel/exports/EmuKrnlKe.cpp,KeSetPriorityProcess,yes,src/tests/ke/KeSetPriorityProcess.c,substantive,not-ingested,,test-available-no-hardware-log,medium,high,6,kernel-core,
148,KeSetPriorityThread,Ke,function,8,function,mapped,KeSetPriorityThread,ntoskrnl/ke;ntoskrnl/xb,src/core/kernel/exports/EmuKrnlKe.cpp,KeSetPriorityThread,yes,src/tests/ke/suite/thread.c,stub,not-ingested,,behavior-test-stub,high,high,11,dispatcher;thread-state;object-layout,
149,KeSetTimer,Ke,function,16,function,mapped,KeSetTimer,ntoskrnl/ke;ntoskrnl/xb,src/core/kernel/exports/EmuKrnlKe.cpp,KeSetTimer,yes,src/tests/ke/KeSetTimer.c,stub,not-ingested,,behavior-test-stub,high,high,11,dispatcher;clock;timers,
150,KeSetTimerEx,Ke,function,20,function,mapped,KeSetTimerEx,ntoskrnl/ke;ntoskrnl/xb,src/core/kernel/exports/EmuKrnlKe.cpp,KeSetTimerEx,yes,src/tests/ke/KeSetTimerEx.c,stub,not-ingested,,behavior-test-stub,high,high,11,dispatcher;clock;timers,
151,KeStallExecutionProcessor,Ke,function,4,function,mapped,KeStallExecutionProcessor,ntoskrnl/ke;ntoskrnl/xb,src/core/kernel/exports/EmuKrnlKe.cpp,KeStallExecutionProcessor,yes,src/tests/ke/KeStallExecutionProcessor.c,substantive,not-ingested,,test-available-no-hardware-log,high,high,7,dispatcher;clock;timers,
152,KeSuspendThread,Ke,function,4,function,mapped,KeSuspendThread,ntoskrnl/ke;ntoskrnl/xb,src/core/kernel/exports/EmuKrnlKe.cpp,KeSuspendThread,yes,src/tests/ke/suite/thread.c,substantive,not-ingested,,test-available-no-hardware-log,high,high,7,dispatcher;thread-state;object-layout,
153,KeSynchronizeExecution,Ke,function,12,function,mapped,XeKeSynchronizeExecution,ntoskrnl/ke;ntoskrnl/xb,src/core/kernel/exports/EmuKrnlKe.cpp,KeSynchronizeExecution,yes,src/tests/ke/KeSynchronizeExecution.c,substantive,not-ingested,,test-available-no-hardware-log,high,high,7,IRQL;interrupt-controller;dispatcher,
154,KeSystemTime,Ke,data,,data,mapped,KeSystemTime,ntoskrnl/ke;ntoskrnl/xb,src/core/kernel/exports/EmuKrnlKe.cpp,KeSystemTime,yes,src/tests/ke/KeSystemTime.c,stub,not-ingested,,behavior-test-stub,medium,high,10,dispatcher;clock;timers,
155,KeTestAlertThread,Ke,function,4,function,mapped,KeTestAlertThread,ntoskrnl/ke;ntoskrnl/xb,src/core/kernel/exports/EmuKrnlKe.cpp,KeTestAlertThread,yes,src/tests/ke/suite/thread.c,stub,not-ingested,,behavior-test-stub,high,high,11,dispatcher;thread-state;object-layout,
156,KeTickCount,Ke,data,,data,mapped,KeTickCount,ntoskrnl/ke;ntoskrnl/xb,src/core/kernel/exports/EmuKrnlKe.cpp,KeTickCount,yes,src/tests/ke/KeTickCount.c,stub,not-ingested,,behavior-test-stub,medium,high,10,kernel-core,
157,KeTimeIncrement,Ke,data,,data,mapped,KeTimeIncrement,ntoskrnl/ke;ntoskrnl/xb,src/core/kernel/exports/EmuKrnlKe.cpp,KeTimeIncrement,yes,src/tests/ke/KeTimeIncrement.c,stub,not-ingested,,behavior-test-stub,medium,high,10,dispatcher;clock;timers,
158,KeWaitForMultipleObjects,Ke,function,32,function,mapped,KeWaitForMultipleObjects,ntoskrnl/ke;ntoskrnl/xb,src/core/kernel/exports/EmuKrnlKe.cpp,KeWaitForMultipleObjects,yes,src/tests/ke/KeWaitForMultipleObjects.c,substantive,not-ingested,,test-available-no-hardware-log,high,high,7,dispatcher;thread-state;object-layout,
159,KeWaitForSingleObject,Ke,function,20,function,mapped,KeWaitForSingleObject,ntoskrnl/ke;ntoskrnl/xb,src/core/kernel/exports/EmuKrnlKe.cpp,KeWaitForSingleObject,yes,src/tests/ke/KeWaitForSingleObject.c,substantive,not-ingested,,test-available-no-hardware-log,high,high,7,dispatcher;thread-state;object-layout,
160,KfRaiseIrql,Kf,function,4,fastcall,mapped,KfRaiseIrql,ntoskrnl/ke;ntoskrnl/xb,src/core/kernel/exports/EmuKrnlKe.cpp,KfRaiseIrql,yes,src/tests/kf/KfRaiseIrql.c,stub,not-ingested,,behavior-test-stub,high,high,11,IRQL;interrupt-controller;dispatcher,
161,KfLowerIrql,Kf,function,4,fastcall,mapped,KfLowerIrql,ntoskrnl/ke;ntoskrnl/xb,src/core/kernel/exports/EmuKrnlKe.cpp,KfLowerIrql,yes,src/tests/kf/KfLowerIrql.c,stub,not-ingested,,behavior-test-stub,high,high,11,IRQL;interrupt-controller;dispatcher,
162,KiBugCheckData,Ki,data,,data,mapped,KiBugCheckData,ntoskrnl/ke;ntoskrnl/xb,src/core/kernel/exports/EmuKrnlKi.cpp,KiBugCheckData,yes,src/tests/ki/KiBugCheckData.c,stub,not-ingested,,behavior-test-stub,medium,high,10,kernel-core,
163,KiUnlockDispatcherDatabase,Ki,function,4,fastcall,mapped,KiExitDispatcher,ntoskrnl/ke;ntoskrnl/xb,src/core/kernel/exports/EmuKrnlKi.cpp,KiUnlockDispatcherDatabase,yes,src/tests/ki/KiUnlockDispatcherDatabase.c,substantive,not-ingested,,test-available-no-hardware-log,medium,high,6,kernel-core,
164,LaunchDataPage,Misc,data,,data,mapped,LaunchDataPage,ntoskrnl/xb,src/core/kernel/exports/EmuKrnl.cpp,LaunchDataPage,yes,src/tests/misc/LaunchDataPage.c,stub,not-ingested,,behavior-test-stub,medium,medium,8,misc,
165,MmAllocateContiguousMemory,Mm,function,4,function,mapped,NxMmAllocateContiguousMemory,ntoskrnl/xb/mm;ntoskrnl/mm,src/core/kernel/exports/EmuKrnlMm.cpp,MmAllocateContiguousMemory,yes,src/tests/mm/MmAllocateContiguousMemory.c,substantive,not-ingested,,test-available-no-hardware-log,high,high,7,PTE/PFN;physical allocator;TLB;GPU-visible memory,
166,MmAllocateContiguousMemoryEx,Mm,function,20,function,mapped,NxMmAllocateContiguousMemoryEx,ntoskrnl/xb/mm;ntoskrnl/mm,src/core/kernel/exports/EmuKrnlMm.cpp,MmAllocateContiguousMemoryEx,yes,src/tests/mm/MmAllocateContiguousMemoryEx.c,substantive,not-ingested,,test-available-no-hardware-log,high,high,7,PTE/PFN;physical allocator;TLB;GPU-visible memory,
167,MmAllocateSystemMemory,Mm,function,8,function,mapped,MmAllocateSystemMemory,ntoskrnl/xb/mm;ntoskrnl/mm,src/core/kernel/exports/EmuKrnlMm.cpp,MmAllocateSystemMemory,yes,src/tests/mm/MmAllocateSystemMemory.c,substantive,not-ingested,,test-available-no-hardware-log,high,high,7,PTE/PFN;physical allocator;TLB;GPU-visible memory,
168,MmClaimGpuInstanceMemory,Mm,function,8,function,mapped,NxMmClaimGpuInstanceMemory,ntoskrnl/xb/mm;ntoskrnl/mm,src/core/kernel/exports/EmuKrnlMm.cpp,MmClaimGpuInstanceMemory,yes,src/tests/mm/MmClaimGpuInstanceMemory.c,substantive,not-ingested,,test-available-no-hardware-log,high,high,7,PTE/PFN;physical allocator;TLB;GPU-visible memory,
169,MmCreateKernelStack,Mm,function,8,function,mapped,NxMmCreateKernelStack,ntoskrnl/xb/mm;ntoskrnl/mm,src/core/kernel/exports/EmuKrnlMm.cpp,MmCreateKernelStack,yes,src/tests/mm/MmCreateKernelStack.c,substantive,not-ingested,,test-available-no-hardware-log,high,high,7,PTE/PFN;physical allocator;TLB;GPU-visible memory,
170,MmDeleteKernelStack,Mm,function,8,function,mapped,NxMmDeleteKernelStack,ntoskrnl/xb/mm;ntoskrnl/mm,src/core/kernel/exports/EmuKrnlMm.cpp,MmDeleteKernelStack,yes,src/tests/mm/MmDeleteKernelStack.c,substantive,not-ingested,,test-available-no-hardware-log,high,high,7,PTE/PFN;physical allocator;TLB;GPU-visible memory,
171,MmFreeContiguousMemory,Mm,function,4,function,mapped,NxMmFreeContiguousMemory,ntoskrnl/xb/mm;ntoskrnl/mm,src/core/kernel/exports/EmuKrnlMm.cpp,MmFreeContiguousMemory,yes,src/tests/mm/MmFreeContiguousMemory.c,substantive,not-ingested,,test-available-no-hardware-log,high,high,7,PTE/PFN;physical allocator;TLB;GPU-visible memory,
172,MmFreeSystemMemory,Mm,function,8,function,mapped,MmFreeSystemMemory,ntoskrnl/xb/mm;ntoskrnl/mm,src/core/kernel/exports/EmuKrnlMm.cpp,MmFreeSystemMemory,yes,src/tests/mm/MmFreeSystemMemory.c,substantive,not-ingested,,test-available-no-hardware-log,high,high,7,PTE/PFN;physical allocator;TLB;GPU-visible memory,
173,MmGetPhysicalAddress,Mm,function,4,function,mapped,NxMmGetPhysicalAddress,ntoskrnl/xb/mm;ntoskrnl/mm,src/core/kernel/exports/EmuKrnlMm.cpp,MmGetPhysicalAddress,yes,src/tests/mm/MmGetPhysicalAddress.c,substantive,not-ingested,,test-available-no-hardware-log,high,high,7,PTE/PFN;physical allocator;TLB;GPU-visible memory,
174,MmIsAddressValid,Mm,function,4,function,mapped,NxMmIsAddressValid,ntoskrnl/xb/mm;ntoskrnl/mm,src/core/kernel/exports/EmuKrnlMm.cpp,MmIsAddressValid,yes,src/tests/mm/MmIsAddressValid.c,stub,not-ingested,,behavior-test-stub,high,high,11,PTE/PFN;physical allocator;TLB;GPU-visible memory,
175,MmLockUnlockBufferPages,Mm,function,12,function,mapped,MmLockUnlockBufferPages,ntoskrnl/xb/mm;ntoskrnl/mm,src/core/kernel/exports/EmuKrnlMm.cpp,MmLockUnlockBufferPages,yes,src/tests/mm/MmLockUnlockBufferPages.c,substantive,not-ingested,,test-available-no-hardware-log,high,high,7,PTE/PFN;physical allocator;TLB;GPU-visible memory,
176,MmLockUnlockPhysicalPage,Mm,function,8,function,mapped,MmLockUnlockPhysicalPage,ntoskrnl/xb/mm;ntoskrnl/mm,src/core/kernel/exports/EmuKrnlMm.cpp,MmLockUnlockPhysicalPage,yes,src/tests/mm/MmLockUnlockPhysicalPage.c,substantive,not-ingested,,test-available-no-hardware-log,high,high,7,PTE/PFN;physical allocator;TLB;GPU-visible memory,
177,MmMapIoSpace,Mm,function,12,function,mapped,NxMmMapIoSpace,ntoskrnl/xb/mm;ntoskrnl/mm,src/core/kernel/exports/EmuKrnlMm.cpp,MmMapIoSpace,yes,src/tests/mm/MmMapIoSpace.c,stub,not-ingested,,behavior-test-stub,high,high,11,PTE/PFN;physical allocator;TLB;GPU-visible memory,
178,MmPersistContiguousMemory,Mm,function,12,function,mapped,NxMmPersistContiguousMemory,ntoskrnl/xb/mm;ntoskrnl/mm,src/core/kernel/exports/EmuKrnlMm.cpp,MmPersistContiguousMemory,yes,src/tests/mm/MmPersistContiguousMemory.c,substantive,not-ingested,,test-available-no-hardware-log,high,high,7,PTE/PFN;physical allocator;TLB;GPU-visible memory,
179,MmQueryAddressProtect,Mm,function,4,function,mapped,MmQueryAddressProtect,ntoskrnl/xb/mm;ntoskrnl/mm,src/core/kernel/exports/EmuKrnlMm.cpp,MmQueryAddressProtect,yes,src/tests/mm/MmQueryAddressProtect.c,substantive,not-ingested,,test-available-no-hardware-log,high,high,7,PTE/PFN;physical allocator;TLB;GPU-visible memory,
180,MmQueryAllocationSize,Mm,function,4,function,mapped,NxMmQueryAllocationSize,ntoskrnl/xb/mm;ntoskrnl/mm,src/core/kernel/exports/EmuKrnlMm.cpp,MmQueryAllocationSize,yes,src/tests/mm/MmQueryAllocationSize.c,substantive,not-ingested,,test-available-no-hardware-log,high,high,7,PTE/PFN;physical allocator;TLB;GPU-visible memory,
181,MmQueryStatistics,Mm,function,4,function,mapped,MmQueryStatistics,ntoskrnl/xb/mm;ntoskrnl/mm,src/core/kernel/exports/EmuKrnlMm.cpp,MmQueryStatistics,yes,src/tests/mm/MmQueryStatistics.c,stub,not-ingested,,behavior-test-stub,high,high,11,PTE/PFN;physical allocator;TLB;GPU-visible memory,
182,MmSetAddressProtect,Mm,function,12,function,mapped,NxMmSetAddressProtect,ntoskrnl/xb/mm;ntoskrnl/mm,src/core/kernel/exports/EmuKrnlMm.cpp,MmSetAddressProtect,yes,src/tests/mm/MmSetAddressProtect.c,substantive,not-ingested,,test-available-no-hardware-log,high,high,7,PTE/PFN;physical allocator;TLB;GPU-visible memory,
183,MmUnmapIoSpace,Mm,function,8,function,mapped,NxMmUnmapIoSpace,ntoskrnl/xb/mm;ntoskrnl/mm,src/core/kernel/exports/EmuKrnlMm.cpp,MmUnmapIoSpace,yes,src/tests/mm/MmUnmapIoSpace.c,stub,not-ingested,,behavior-test-stub,high,high,11,PTE/PFN;physical allocator;TLB;GPU-visible memory,
184,NtAllocateVirtualMemory,Nt,function,20,function,mapped,XeNtAllocateVirtualMemory,ntoskrnl;ntoskrnl/xb,src/core/kernel/exports/EmuKrnlNt.cpp,NtAllocateVirtualMemory,yes,src/tests/nt/NtAllocateVirtualMemory.c,substantive,not-ingested,,test-available-no-hardware-log,high,high,7,object manager;I/O;VM;dispatcher adapters,
185,NtCancelTimer,Nt,function,8,function,mapped,NtCancelTimer,ntoskrnl;ntoskrnl/xb,src/core/kernel/exports/EmuKrnlNt.cpp,NtCancelTimer,yes,src/tests/nt/NtCancelTimer.c,stub,not-ingested,,behavior-test-stub,high,high,11,object manager;I/O;VM;dispatcher adapters,
186,NtClearEvent,Nt,function,4,function,mapped,NtClearEvent,ntoskrnl;ntoskrnl/xb,src/core/kernel/exports/EmuKrnlNt.cpp,NtClearEvent,yes,src/tests/nt/NtClearEvent.c,stub,not-ingested,,behavior-test-stub,high,high,11,object manager;I/O;VM;dispatcher adapters,
187,NtClose,Nt,function,4,function,mapped,NtClose,ntoskrnl;ntoskrnl/xb,src/core/kernel/exports/EmuKrnlNt.cpp,NtClose,yes,src/tests/nt/NtClose.c,substantive,not-ingested,,test-available-no-hardware-log,high,high,7,object manager;I/O;VM;dispatcher adapters,
188,NtCreateDirectoryObject,Nt,function,8,function,mapped,XeNtCreateDirectoryObject,ntoskrnl;ntoskrnl/xb,src/core/kernel/exports/EmuKrnlNt.cpp,NtCreateDirectoryObject,yes,src/tests/nt/NtCreateDirectoryObject.c,substantive,not-ingested,,test-available-no-hardware-log,high,high,7,object manager;I/O;VM;dispatcher adapters,
189,NtCreateEvent,Nt,function,16,function,mapped,XeNtCreateEvent,ntoskrnl;ntoskrnl/xb,src/core/kernel/exports/EmuKrnlNt.cpp,NtCreateEvent,yes,src/tests/nt/NtCreateEvent.c,stub,not-ingested,,behavior-test-stub,high,high,11,object manager;I/O;VM;dispatcher adapters,
190,NtCreateFile,Nt,function,36,function,mapped,XeNtCreateFile,ntoskrnl;ntoskrnl/xb,src/core/kernel/exports/EmuKrnlNt.cpp,NtCreateFile,yes,src/tests/nt/NtCreateFile.c,substantive,not-ingested,,test-available-no-hardware-log,high,high,7,object manager;I/O;VM;dispatcher adapters,
191,NtCreateIoCompletion,Nt,function,16,function,mapped,XeNtCreateIoCompletion,ntoskrnl;ntoskrnl/xb,src/core/kernel/exports/EmuKrnlNt.cpp,NtCreateIoCompletion,yes,src/tests/nt/NtCreateIoCompletion.c,substantive,not-ingested,,test-available-no-hardware-log,high,high,7,object manager;I/O;VM;dispatcher adapters,
192,NtCreateMutant,Nt,function,12,function,mapped,XeNtCreateMutant,ntoskrnl;ntoskrnl/xb,src/core/kernel/exports/EmuKrnlNt.cpp,NtCreateMutant,yes,src/tests/nt/NtCreateMutant.c,stub,not-ingested,,behavior-test-stub,high,high,11,object manager;I/O;VM;dispatcher adapters,
193,NtCreateSemaphore,Nt,function,16,function,mapped,XeNtCreateSemaphore,ntoskrnl;ntoskrnl/xb,src/core/kernel/exports/EmuKrnlNt.cpp,NtCreateSemaphore,yes,src/tests/nt/NtCreateSemaphore.c,stub,not-ingested,,behavior-test-stub,high,high,11,object manager;I/O;VM;dispatcher adapters,
194,NtCreateTimer,Nt,function,12,function,mapped,XeNtCreateTimer,ntoskrnl;ntoskrnl/xb,src/core/kernel/exports/EmuKrnlNt.cpp,NtCreateTimer,yes,src/tests/nt/NtCreateTimer.c,stub,not-ingested,,behavior-test-stub,high,high,11,object manager;I/O;VM;dispatcher adapters,
195,NtDeleteFile,Nt,function,4,function,mapped,XeNtDeleteFile,ntoskrnl;ntoskrnl/xb,src/core/kernel/exports/EmuKrnlNt.cpp,NtDeleteFile,yes,src/tests/nt/NtDeleteFile.c,stub,not-ingested,,behavior-test-stub,high,high,11,object manager;I/O;VM;dispatcher adapters,
196,NtDeviceIoControlFile,Nt,function,40,function,mapped,NtDeviceIoControlFile,ntoskrnl;ntoskrnl/xb,src/core/kernel/exports/EmuKrnlNt.cpp,NtDeviceIoControlFile,yes,src/tests/nt/NtDeviceIoControlFile.c,substantive,not-ingested,,test-available-no-hardware-log,high,high,7,object manager;I/O;VM;dispatcher adapters,
197,NtDuplicateObject,Nt,function,12,function,mapped,XeNtDuplicateObject,ntoskrnl;ntoskrnl/xb,src/core/kernel/exports/EmuKrnlNt.cpp,NtDuplicateObject,yes,src/tests/nt/NtDuplicateObject.c,stub,not-ingested,,behavior-test-stub,high,high,11,object manager;I/O;VM;dispatcher adapters,
198,NtFlushBuffersFile,Nt,function,8,function,mapped,NtFlushBuffersFile,ntoskrnl;ntoskrnl/xb,src/core/kernel/exports/EmuKrnlNt.cpp,NtFlushBuffersFile,yes,src/tests/nt/NtFlushBuffersFile.c,substantive,not-ingested,,test-available-no-hardware-log,high,high,7,object manager;I/O;VM;dispatcher adapters,
199,NtFreeVirtualMemory,Nt,function,12,function,mapped,XeNtFreeVirtualMemory,ntoskrnl;ntoskrnl/xb,src/core/kernel/exports/EmuKrnlNt.cpp,NtFreeVirtualMemory,yes,src/tests/nt/NtFreeVirtualMemory.c,substantive,not-ingested,,test-available-no-hardware-log,high,high,7,object manager;I/O;VM;dispatcher adapters,
200,NtFsControlFile,Nt,function,40,function,mapped,XeNtFsControlFile,ntoskrnl;ntoskrnl/xb,src/core/kernel/exports/EmuKrnlNt.cpp,NtFsControlFile,yes,src/tests/nt/NtFsControlFile.c,stub,not-ingested,,behavior-test-stub,high,high,11,object manager;I/O;VM;dispatcher adapters,
201,NtOpenDirectoryObject,Nt,function,8,function,mapped,XeNtOpenDirectoryObject,ntoskrnl;ntoskrnl/xb,src/core/kernel/exports/EmuKrnlNt.cpp,NtOpenDirectoryObject,yes,src/tests/nt/NtOpenDirectoryObject.c,substantive,not-ingested,,test-available-no-hardware-log,high,high,7,object manager;I/O;VM;dispatcher adapters,
202,NtOpenFile,Nt,function,24,function,mapped,XeNtOpenFile,ntoskrnl;ntoskrnl/xb,src/core/kernel/exports/EmuKrnlNt.cpp,NtOpenFile,yes,src/tests/nt/NtOpenFile.c,stub,not-ingested,,behavior-test-stub,high,high,11,object manager;I/O;VM;dispatcher adapters,
203,NtOpenSymbolicLinkObject,Nt,function,8,function,mapped,XeNtOpenSymbolicLinkObject,ntoskrnl;ntoskrnl/xb,src/core/kernel/exports/EmuKrnlNt.cpp,NtOpenSymbolicLinkObject,yes,src/tests/nt/NtOpenSymbolicLinkObject.c,substantive,not-ingested,,test-available-no-hardware-log,high,high,7,object manager;I/O;VM;dispatcher adapters,
204,NtProtectVirtualMemory,Nt,function,16,function,mapped,XeNtProtectVirtualMemory,ntoskrnl;ntoskrnl/xb,src/core/kernel/exports/EmuKrnlNt.cpp,NtProtectVirtualMemory,yes,src/tests/nt/NtProtectVirtualMemory.c,substantive,not-ingested,,test-available-no-hardware-log,high,high,7,object manager;I/O;VM;dispatcher adapters,
205,NtPulseEvent,Nt,function,8,function,mapped,XeNtPulseEvent,ntoskrnl;ntoskrnl/xb,src/core/kernel/exports/EmuKrnlNt.cpp,NtPulseEvent,yes,src/tests/nt/NtPulseEvent.c,stub,not-ingested,,behavior-test-stub,high,high,11,object manager;I/O;VM;dispatcher adapters,
206,NtQueueApcThread,Nt,function,20,function,mapped,NtQueueApcThread,ntoskrnl;ntoskrnl/xb,src/core/kernel/exports/EmuKrnlNt.cpp,NtQueueApcThread,yes,src/tests/nt/suite/thread.c,substantive,not-ingested,,test-available-no-hardware-log,high,high,7,object manager;I/O;VM;dispatcher adapters,
207,NtQueryDirectoryFile,Nt,function,40,function,mapped,XeNtQueryDirectoryFile,ntoskrnl;ntoskrnl/xb,src/core/kernel/exports/EmuKrnlNt.cpp,NtQueryDirectoryFile,yes,src/tests/nt/NtQueryDirectoryFile.c,substantive,not-ingested,,test-available-no-hardware-log,high,high,7,object manager;I/O;VM;dispatcher adapters,
208,NtQueryDirectoryObject,Nt,function,24,function,mapped,XeNtQueryDirectoryObject,ntoskrnl;ntoskrnl/xb,src/core/kernel/exports/EmuKrnlNt.cpp,NtQueryDirectoryObject,yes,src/tests/nt/NtQueryDirectoryObject.c,substantive,not-ingested,,test-available-no-hardware-log,high,high,7,object manager;I/O;VM;dispatcher adapters,
209,NtQueryEvent,Nt,function,8,function,mapped,XeNtQueryEvent,ntoskrnl;ntoskrnl/xb,src/core/kernel/exports/EmuKrnlNt.cpp,NtQueryEvent,yes,src/tests/nt/NtQueryEvent.c,stub,not-ingested,,behavior-test-stub,high,high,11,object manager;I/O;VM;dispatcher adapters,
210,NtQueryFullAttributesFile,Nt,function,8,function,mapped,XeNtQueryFullAttributesFile,ntoskrnl;ntoskrnl/xb,src/core/kernel/exports/EmuKrnlNt.cpp,NtQueryFullAttributesFile,yes,src/tests/nt/NtQueryFullAttributesFile.c,substantive,not-ingested,,test-available-no-hardware-log,high,high,7,object manager;I/O;VM;dispatcher adapters,
211,NtQueryInformationFile,Nt,function,20,function,mapped,NtQueryInformationFile,ntoskrnl;ntoskrnl/xb,src/core/kernel/exports/EmuKrnlNt.cpp,NtQueryInformationFile,yes,src/tests/nt/NtQueryInformationFile.c,substantive,not-ingested,,test-available-no-hardware-log,high,high,7,object manager;I/O;VM;dispatcher adapters,
212,NtQueryIoCompletion,Nt,function,8,function,mapped,XeNtQueryIoCompletion,ntoskrnl;ntoskrnl/xb,src/core/kernel/exports/EmuKrnlNt.cpp,NtQueryIoCompletion,yes,src/tests/nt/NtQueryIoCompletion.c,substantive,not-ingested,,test-available-no-hardware-log,high,high,7,object manager;I/O;VM;dispatcher adapters,
213,NtQueryMutant,Nt,function,8,function,mapped,XeNtQueryMutant,ntoskrnl;ntoskrnl/xb,src/core/kernel/exports/EmuKrnlNt.cpp,NtQueryMutant,yes,src/tests/nt/NtQueryMutant.c,stub,not-ingested,,behavior-test-stub,high,high,11,object manager;I/O;VM;dispatcher adapters,
214,NtQuerySemaphore,Nt,function,8,function,mapped,XeNtQuerySemaphore,ntoskrnl;ntoskrnl/xb,src/core/kernel/exports/EmuKrnlNt.cpp,NtQuerySemaphore,yes,src/tests/nt/NtQuerySemaphore.c,stub,not-ingested,,behavior-test-stub,high,high,11,object manager;I/O;VM;dispatcher adapters,
215,NtQuerySymbolicLinkObject,Nt,function,12,function,mapped,XeNtQuerySymbolicLinkObject,ntoskrnl;ntoskrnl/xb,src/core/kernel/exports/EmuKrnlNt.cpp,NtQuerySymbolicLinkObject,yes,src/tests/nt/NtQuerySymbolicLinkObject.c,substantive,not-ingested,,test-available-no-hardware-log,high,high,7,object manager;I/O;VM;dispatcher adapters,
216,NtQueryTimer,Nt,function,8,function,mapped,XeNtQueryTimer,ntoskrnl;ntoskrnl/xb,src/core/kernel/exports/EmuKrnlNt.cpp,NtQueryTimer,yes,src/tests/nt/NtQueryTimer.c,stub,not-ingested,,behavior-test-stub,high,high,11,object manager;I/O;VM;dispatcher adapters,
217,NtQueryVirtualMemory,Nt,function,8,function,mapped,XeNtQueryVirtualMemory,ntoskrnl;ntoskrnl/xb,src/core/kernel/exports/EmuKrnlNt.cpp,NtQueryVirtualMemory,yes,src/tests/nt/NtQueryVirtualMemory.c,substantive,not-ingested,,test-available-no-hardware-log,high,high,7,object manager;I/O;VM;dispatcher adapters,
218,NtQueryVolumeInformationFile,Nt,function,20,function,mapped,NtQueryVolumeInformationFile,ntoskrnl;ntoskrnl/xb,src/core/kernel/exports/EmuKrnlNt.cpp,NtQueryVolumeInformationFile,yes,src/tests/nt/NtQueryVolumeInformationFile.c,substantive,not-ingested,,test-available-no-hardware-log,high,high,7,object manager;I/O;VM;dispatcher adapters,
219,NtReadFile,Nt,function,32,function,mapped,XeNtReadFile,ntoskrnl;ntoskrnl/xb,src/core/kernel/exports/EmuKrnlNt.cpp,NtReadFile,yes,src/tests/nt/NtReadFile.c,substantive,not-ingested,,test-available-no-hardware-log,high,high,7,object manager;I/O;VM;dispatcher adapters,
220,NtReadFileScatter,Nt,function,32,function,mapped,XeNtReadFileScatter,ntoskrnl;ntoskrnl/xb,src/core/kernel/exports/EmuKrnlNt.cpp,NtReadFileScatter,yes,src/tests/nt/NtReadFileScatter.c,substantive,not-ingested,,test-available-no-hardware-log,high,high,7,object manager;I/O;VM;dispatcher adapters,
221,NtReleaseMutant,Nt,function,8,function,mapped,XeNtReleaseMutant,ntoskrnl;ntoskrnl/xb,src/core/kernel/exports/EmuKrnlNt.cpp,NtReleaseMutant,yes,src/tests/nt/NtReleaseMutant.c,stub,not-ingested,,behavior-test-stub,high,high,11,object manager;I/O;VM;dispatcher adapters,
222,NtReleaseSemaphore,Nt,function,12,function,mapped,NtReleaseSemaphore,ntoskrnl;ntoskrnl/xb,src/core/kernel/exports/EmuKrnlNt.cpp,NtReleaseSemaphore,yes,src/tests/nt/NtReleaseSemaphore.c,substantive,not-ingested,,test-available-no-hardware-log,high,high,7,object manager;I/O;VM;dispatcher adapters,
223,NtRemoveIoCompletion,Nt,function,20,function,mapped,NtRemoveIoCompletion,ntoskrnl;ntoskrnl/xb,src/core/kernel/exports/EmuKrnlNt.cpp,NtRemoveIoCompletion,yes,src/tests/nt/NtRemoveIoCompletion.c,substantive,not-ingested,,test-available-no-hardware-log,high,high,7,object manager;I/O;VM;dispatcher adapters,
224,NtResumeThread,Nt,function,8,function,mapped,NtResumeThread,ntoskrnl;ntoskrnl/xb,src/core/kernel/exports/EmuKrnlNt.cpp,NtResumeThread,yes,src/tests/nt/suite/thread.c,substantive,not-ingested,,test-available-no-hardware-log,high,high,7,object manager;I/O;VM;dispatcher adapters,
225,NtSetEvent,Nt,function,8,function,mapped,NtSetEvent,ntoskrnl;ntoskrnl/xb,src/core/kernel/exports/EmuKrnlNt.cpp,NtSetEvent,yes,src/tests/nt/NtSetEvent.c,stub,not-ingested,,behavior-test-stub,high,high,11,object manager;I/O;VM;dispatcher adapters,
226,NtSetInformationFile,Nt,function,20,function,mapped,XeNtSetInformationFile,ntoskrnl;ntoskrnl/xb,src/core/kernel/exports/EmuKrnlNt.cpp,NtSetInformationFile,yes,src/tests/nt/NtSetInformationFile.c,substantive,not-ingested,,test-available-no-hardware-log,high,high,7,object manager;I/O;VM;dispatcher adapters,
227,NtSetIoCompletion,Nt,function,20,function,mapped,NtSetIoCompletion,ntoskrnl;ntoskrnl/xb,src/core/kernel/exports/EmuKrnlNt.cpp,NtSetIoCompletion,yes,src/tests/nt/NtSetIoCompletion.c,substantive,not-ingested,,test-available-no-hardware-log,high,high,7,object manager;I/O;VM;dispatcher adapters,
228,NtSetSystemTime,Nt,function,8,function,mapped,NtSetSystemTime,ntoskrnl;ntoskrnl/xb,src/core/kernel/exports/EmuKrnlNt.cpp,NtSetSystemTime,yes,src/tests/nt/NtSetSystemTime.c,stub,not-ingested,,behavior-test-stub,high,high,11,object manager;I/O;VM;dispatcher adapters,
229,NtSetTimerEx,Nt,function,32,function,mapped,XeNtSetTimerEx,ntoskrnl;ntoskrnl/xb,src/core/kernel/exports/EmuKrnlNt.cpp,NtSetTimerEx,yes,src/tests/nt/NtSetTimerEx.c,stub,not-ingested,,behavior-test-stub,high,high,11,object manager;I/O;VM;dispatcher adapters,
230,NtSignalAndWaitForSingleObjectEx,Nt,function,20,function,mapped,NtSignalAndWaitForSingleObjectEx,ntoskrnl;ntoskrnl/xb,src/core/kernel/exports/EmuKrnlNt.cpp,NtSignalAndWaitForSingleObjectEx,yes,src/tests/nt/NtSignalAndWaitForSingleObjectEx.c,substantive,not-ingested,,test-available-no-hardware-log,high,high,7,object manager;I/O;VM;dispatcher adapters,
231,NtSuspendThread,Nt,function,8,function,mapped,NtSuspendThread,ntoskrnl;ntoskrnl/xb,src/core/kernel/exports/EmuKrnlNt.cpp,NtSuspendThread,yes,src/tests/nt/suite/thread.c,substantive,not-ingested,,test-available-no-hardware-log,high,high,7,object manager;I/O;VM;dispatcher adapters,
232,NtUserIoApcDispatcher,Nt,function,12,function,mapped,NtUserIoApcDispatcher,ntoskrnl;ntoskrnl/xb,src/core/kernel/exports/EmuKrnlNt.cpp,NtUserIoApcDispatcher,yes,src/tests/nt/NtUserIoApcDispatcher.c,substantive,not-ingested,,test-available-no-hardware-log,high,high,7,object manager;I/O;VM;dispatcher adapters,
233,NtWaitForSingleObject,Nt,function,12,function,mapped,NtWaitForSingleObject,ntoskrnl;ntoskrnl/xb,src/core/kernel/exports/EmuKrnlNt.cpp,NtWaitForSingleObject,yes,src/tests/nt/NtWaitForSingleObject.c,substantive,not-ingested,,test-available-no-hardware-log,high,high,7,object manager;I/O;VM;dispatcher adapters,
234,NtWaitForSingleObjectEx,Nt,function,16,function,mapped,NtWaitForSingleObjectEx,ntoskrnl;ntoskrnl/xb,src/core/kernel/exports/EmuKrnlNt.cpp,NtWaitForSingleObjectEx,yes,src/tests/nt/NtWaitForSingleObjectEx.c,substantive,not-ingested,,test-available-no-hardware-log,high,high,7,object manager;I/O;VM;dispatcher adapters,
235,NtWaitForMultipleObjectsEx,Nt,function,24,function,mapped,NtWaitForMultipleObjectsEx,ntoskrnl;ntoskrnl/xb,src/core/kernel/exports/EmuKrnlNt.cpp,NtWaitForMultipleObjectsEx,yes,src/tests/nt/NtWaitForMultipleObjectsEx.c,substantive,not-ingested,,test-available-no-hardware-log,high,high,7,object manager;I/O;VM;dispatcher adapters,
236,NtWriteFile,Nt,function,32,function,mapped,XeNtWriteFile,ntoskrnl;ntoskrnl/xb,src/core/kernel/exports/EmuKrnlNt.cpp,NtWriteFile,yes,src/tests/nt/NtWriteFile.c,stub,not-ingested,,behavior-test-stub,high,high,11,object manager;I/O;VM;dispatcher adapters,
237,NtWriteFileGather,Nt,function,32,function,mapped,XeNtWriteFileGather,ntoskrnl;ntoskrnl/xb,src/core/kernel/exports/EmuKrnlNt.cpp,NtWriteFileGather,yes,src/tests/nt/NtWriteFileGather.c,stub,not-ingested,,behavior-test-stub,high,high,11,object manager;I/O;VM;dispatcher adapters,
238,NtYieldExecution,Nt,function,0,function,mapped,NtYieldExecution,ntoskrnl;ntoskrnl/xb,src/core/kernel/exports/EmuKrnlNt.cpp,NtYieldExecution,yes,src/tests/nt/NtYieldExecution.c,stub,not-ingested,,behavior-test-stub,high,high,11,object manager;I/O;VM;dispatcher adapters,
239,ObCreateObject,Ob,function,16,function,mapped,XeObCreateObject,ntoskrnl/ob;ntoskrnl/xb,src/core/kernel/exports/EmuKrnlOb.cpp,ObCreateObject,yes,src/tests/ob/ObCreateObject.c,stub,not-ingested,,behavior-test-stub,high,high,11,object manager;handle table;namespaces,
240,ObDirectoryObjectType,Ob,data,,data,mapped,XeObDirectoryObjectType,ntoskrnl/ob;ntoskrnl/xb,src/core/kernel/exports/EmuKrnlOb.cpp,ObDirectoryObjectType,yes,src/tests/ob/suite/object_type.c,substantive,not-ingested,,test-available-no-hardware-log,high,high,7,object manager;handle table;namespaces,
241,ObInsertObject,Ob,function,16,function,mapped,XeObInsertObject,ntoskrnl/ob;ntoskrnl/xb,src/core/kernel/exports/EmuKrnlOb.cpp,ObInsertObject,yes,src/tests/ob/ObInsertObject.c,stub,not-ingested,,behavior-test-stub,high,high,11,object manager;handle table;namespaces,
242,ObMakeTemporaryObject,Ob,function,4,function,mapped,XeObMakeTemporaryObject,ntoskrnl/ob;ntoskrnl/xb,src/core/kernel/exports/EmuKrnlOb.cpp,ObMakeTemporaryObject,yes,src/tests/ob/ObMakeTemporaryObject.c,substantive,not-ingested,,test-available-no-hardware-log,high,high,7,object manager;handle table;namespaces,
243,ObOpenObjectByName,Ob,function,16,function,mapped,XeObOpenObjectByName,ntoskrnl/ob;ntoskrnl/xb,src/core/kernel/exports/EmuKrnlOb.cpp,ObOpenObjectByName,yes,src/tests/ob/ObOpenObjectByName.c,substantive,not-ingested,,test-available-no-hardware-log,high,high,7,object manager;handle table;namespaces,
244,ObOpenObjectByPointer,Ob,function,12,function,mapped,XeObOpenObjectByPointer,ntoskrnl/ob;ntoskrnl/xb,src/core/kernel/exports/EmuKrnlOb.cpp,ObOpenObjectByPointer,yes,src/tests/ob/ObOpenObjectByPointer.c,substantive,not-ingested,,test-available-no-hardware-log,high,high,7,object manager;handle table;namespaces,
245,ObpObjectHandleTable,Obp,data,,data,mapped,ObpObjectHandleTable,ntoskrnl/ob;ntoskrnl/xb,src/core/kernel/exports/EmuKrnlOb.cpp,ObpObjectHandleTable,yes,src/tests/obp/ObpObjectHandleTable.c,substantive,not-ingested,,test-available-no-hardware-log,high,high,7,object manager;handle table,
246,ObReferenceObjectByHandle,Ob,function,12,function,mapped,XeObReferenceObjectByHandle,ntoskrnl/ob;ntoskrnl/xb,src/core/kernel/exports/EmuKrnlOb.cpp,ObReferenceObjectByHandle,yes,src/tests/ob/ObReferenceObjectByHandle.c,substantive,not-ingested,,test-available-no-hardware-log,high,high,7,object manager;handle table;namespaces,
247,ObReferenceObjectByName,Ob,function,20,function,mapped,XeObReferenceObjectByName,ntoskrnl/ob;ntoskrnl/xb,src/core/kernel/exports/EmuKrnlOb.cpp,ObReferenceObjectByName,yes,src/tests/ob/ObReferenceObjectByName.c,substantive,not-ingested,,test-available-no-hardware-log,high,high,7,object manager;handle table;namespaces,
248,ObReferenceObjectByPointer,Ob,function,8,function,mapped,XeObReferenceObjectByPointer,ntoskrnl/ob;ntoskrnl/xb,src/core/kernel/exports/EmuKrnlOb.cpp,ObReferenceObjectByPointer,yes,src/tests/ob/ObReferenceObjectByPointer.c,substantive,not-ingested,,test-available-no-hardware-log,high,high,7,object manager;handle table;namespaces,
249,ObSymbolicLinkObjectType,Ob,data,,data,mapped,XeObSymbolicLinkObjectType,ntoskrnl/ob;ntoskrnl/xb,src/core/kernel/exports/EmuKrnlOb.cpp,ObSymbolicLinkObjectType,yes,src/tests/ob/suite/object_type.c,substantive,not-ingested,,test-available-no-hardware-log,high,high,7,object manager;handle table;namespaces,
250,ObfDereferenceObject,Obf,function,4,fastcall,mapped,XeObfDereferenceObject,ntoskrnl/ob;ntoskrnl/xb,src/core/kernel/exports/EmuKrnlOb.cpp,ObfDereferenceObject,yes,src/tests/obf/ObfDereferenceObject.c,substantive,not-ingested,,test-available-no-hardware-log,high,high,7,object manager;reference counting,
251,ObfReferenceObject,Obf,function,4,fastcall,mapped,XeObfReferenceObject,ntoskrnl/ob;ntoskrnl/xb,src/core/kernel/exports/EmuKrnlOb.cpp,ObfReferenceObject,yes,src/tests/obf/ObfReferenceObject.c,substantive,not-ingested,,test-available-no-hardware-log,high,high,7,object manager;reference counting,
252,PhyGetLinkState,Phy,function,4,function,mapped,NxPhyGetLinkState,hal/halx86/xbox,src/core/kernel/exports/EmuKrnlPhy.cpp,PhyGetLinkState,yes,src/tests/phy/PhyGetLinkState.c,stub,not-ingested,,behavior-test-stub,medium,medium,8,network PHY,
253,PhyInitialize,Phy,function,8,function,mapped,NxPhyInitialize,hal/halx86/xbox,src/core/kernel/exports/EmuKrnlPhy.cpp,PhyInitialize,yes,src/tests/phy/PhyInitialize.c,stub,not-ingested,,behavior-test-stub,medium,medium,8,network PHY,
254,PsCreateSystemThread,Ps,function,20,function,mapped,XePsCreateSystemThread,ntoskrnl/ps;ntoskrnl/xb,src/core/kernel/exports/EmuKrnlPs.cpp,PsCreateSystemThread,yes,src/tests/ps/PsCreateSystemThread.c,substantive,not-ingested,,test-available-no-hardware-log,high,high,7,threads;object manager;scheduler,
255,PsCreateSystemThreadEx,Ps,function,40,function,mapped,XePsCreateSystemThreadEx,ntoskrnl/ps;ntoskrnl/xb,src/core/kernel/exports/EmuKrnlPs.cpp,PsCreateSystemThreadEx,yes,src/tests/ps/PsCreateSystemThreadEx.c,substantive,not-ingested,,test-available-no-hardware-log,high,high,7,threads;object manager;scheduler,
256,PsQueryStatistics,Ps,function,4,function,mapped,XePsQueryStatistics,ntoskrnl/ps;ntoskrnl/xb,src/core/kernel/exports/EmuKrnlPs.cpp,PsQueryStatistics,yes,src/tests/ps/PsQueryStatistics.c,substantive,not-ingested,,test-available-no-hardware-log,high,high,7,threads;object manager;scheduler,
257,PsSetCreateThreadNotifyRoutine,Ps,function,4,function,mapped,PsSetCreateThreadNotifyRoutine,ntoskrnl/ps;ntoskrnl/xb,src/core/kernel/exports/EmuKrnlPs.cpp,PsSetCreateThreadNotifyRoutine,yes,src/tests/ps/PsSetCreateThreadNotifyRoutine.c,substantive,not-ingested,,test-available-no-hardware-log,high,high,7,threads;object manager;scheduler,
258,PsTerminateSystemThread,Ps,function,4,function,mapped,PsTerminateSystemThread,ntoskrnl/ps;ntoskrnl/xb,src/core/kernel/exports/EmuKrnlPs.cpp,PsTerminateSystemThread,yes,src/tests/ps/PsTerminateSystemThread.c,substantive,not-ingested,,test-available-no-hardware-log,high,high,7,threads;object manager;scheduler,
259,PsThreadObjectType,Ps,data,,data,mapped,XePsThreadObjectType,ntoskrnl/ps;ntoskrnl/xb,src/core/kernel/exports/EmuKrnlPs.cpp,PsThreadObjectType,yes,src/tests/ps/PsThreadObjectType.c,substantive,not-ingested,,test-available-no-hardware-log,high,high,7,threads;object manager;scheduler,
260,RtlAnsiStringToUnicodeString,Rtl,function,12,function,mapped,RtlAnsiStringToUnicodeString,ntoskrnl/rtl;ntoskrnl/xb,src/core/kernel/exports/EmuKrnlRtl.cpp,RtlAnsiStringToUnicodeString,yes,src/tests/rtl/suite/string_conversion.c,substantive,not-ingested,,test-available-no-hardware-log,low,medium,3,runtime;strings;exceptions,
261,RtlAppendStringToString,Rtl,function,8,function,mapped,RtlAppendStringToString,ntoskrnl/rtl;ntoskrnl/xb,src/core/kernel/exports/EmuKrnlRtl.cpp,RtlAppendStringToString,yes,src/tests/rtl/suite/string_append.c,substantive,not-ingested,,test-available-no-hardware-log,low,medium,3,runtime;strings;exceptions,
262,RtlAppendUnicodeStringToString,Rtl,function,8,function,mapped,RtlAppendUnicodeStringToString,ntoskrnl/rtl;ntoskrnl/xb,src/core/kernel/exports/EmuKrnlRtl.cpp,RtlAppendUnicodeStringToString,yes,src/tests/rtl/suite/string_append.c,substantive,not-ingested,,test-available-no-hardware-log,low,medium,3,runtime;strings;exceptions,
263,RtlAppendUnicodeToString,Rtl,function,8,function,mapped,RtlAppendUnicodeToString,ntoskrnl/rtl;ntoskrnl/xb,src/core/kernel/exports/EmuKrnlRtl.cpp,RtlAppendUnicodeToString,yes,src/tests/rtl/suite/string_append.c,substantive,not-ingested,,test-available-no-hardware-log,low,medium,3,runtime;strings;exceptions,
264,RtlAssert,Rtl,function,16,function,mapped,XeRtlAssert,ntoskrnl/rtl;ntoskrnl/xb,src/core/kernel/exports/EmuKrnlRtl.cpp,RtlAssert,yes,src/tests/rtl/RtlAssert.c,stub,not-ingested,,behavior-test-stub,low,medium,7,runtime;strings;exceptions,
265,RtlCaptureContext,Rtl,function,4,function,mapped,XeRtlCaptureContext,ntoskrnl/rtl;ntoskrnl/xb,src/core/kernel/exports/EmuKrnlRtl.cpp,RtlCaptureContext,yes,src/tests/rtl/RtlCaptureContext.c,substantive,not-ingested,,test-available-no-hardware-log,medium,medium,4,runtime;strings;exceptions,
266,RtlCaptureStackBackTrace,Rtl,function,16,function,mapped,RtlCaptureStackBackTrace,ntoskrnl/rtl;ntoskrnl/xb,src/core/kernel/exports/EmuKrnlRtl.cpp,RtlCaptureStackBackTrace,yes,src/tests/rtl/suite/call_trace.c,substantive,not-ingested,,test-available-no-hardware-log,medium,medium,4,runtime;strings;exceptions,
267,RtlCharToInteger,Rtl,function,12,function,mapped,RtlCharToInteger,ntoskrnl/rtl;ntoskrnl/xb,src/core/kernel/exports/EmuKrnlRtl.cpp,RtlCharToInteger,yes,src/tests/rtl/suite/string_conversion.c,substantive,not-ingested,,test-available-no-hardware-log,low,medium,3,runtime;strings;exceptions,
268,RtlCompareMemory,Rtl,function,12,function,mapped,RtlCompareMemory,ntoskrnl/rtl;ntoskrnl/xb,src/core/kernel/exports/EmuKrnlRtl.cpp,RtlCompareMemory,yes,src/tests/rtl/suite/comparison.c,substantive,not-ingested,,test-available-no-hardware-log,low,medium,3,runtime;strings;exceptions,
269,RtlCompareMemoryUlong,Rtl,function,12,function,mapped,RtlCompareMemoryUlong,ntoskrnl/rtl;ntoskrnl/xb,src/core/kernel/exports/EmuKrnlRtl.cpp,RtlCompareMemoryUlong,yes,src/tests/rtl/suite/comparison.c,substantive,not-ingested,,test-available-no-hardware-log,low,medium,3,runtime;strings;exceptions,
270,RtlCompareString,Rtl,function,12,function,mapped,RtlCompareString,ntoskrnl/rtl;ntoskrnl/xb,src/core/kernel/exports/EmuKrnlRtl.cpp,RtlCompareString,yes,src/tests/rtl/suite/comparison.c,substantive,not-ingested,,test-available-no-hardware-log,low,medium,3,runtime;strings;exceptions,
271,RtlCompareUnicodeString,Rtl,function,12,function,mapped,RtlCompareUnicodeString,ntoskrnl/rtl;ntoskrnl/xb,src/core/kernel/exports/EmuKrnlRtl.cpp,RtlCompareUnicodeString,yes,src/tests/rtl/suite/comparison.c,substantive,not-ingested,,test-available-no-hardware-log,low,medium,3,runtime;strings;exceptions,
272,RtlCopyString,Rtl,function,8,function,mapped,RtlCopyString,ntoskrnl/rtl;ntoskrnl/xb,src/core/kernel/exports/EmuKrnlRtl.cpp,RtlCopyString,yes,src/tests/rtl/RtlCopyString.c,substantive,not-ingested,,test-available-no-hardware-log,low,medium,3,runtime;strings;exceptions,
273,RtlCopyUnicodeString,Rtl,function,8,function,mapped,RtlCopyUnicodeString,ntoskrnl/rtl;ntoskrnl/xb,src/core/kernel/exports/EmuKrnlRtl.cpp,RtlCopyUnicodeString,yes,src/tests/rtl/RtlCopyUnicodeString.c,substantive,not-ingested,,test-available-no-hardware-log,low,medium,3,runtime;strings;exceptions,
274,RtlCreateUnicodeString,Rtl,function,8,function,mapped,RtlCreateUnicodeString,ntoskrnl/rtl;ntoskrnl/xb,src/core/kernel/exports/EmuKrnlRtl.cpp,RtlCreateUnicodeString,yes,src/tests/rtl/RtlCreateUnicodeString.c,substantive,not-ingested,,test-available-no-hardware-log,low,medium,3,runtime;strings;exceptions,
275,RtlDowncaseUnicodeChar,Rtl,function,4,function,mapped,RtlDowncaseUnicodeChar,ntoskrnl/rtl;ntoskrnl/xb,src/core/kernel/exports/EmuKrnlRtl.cpp,RtlDowncaseUnicodeChar,yes,src/tests/rtl/suite/string_lowercase.c,substantive,not-ingested,,test-available-no-hardware-log,low,medium,3,runtime;strings;exceptions,
276,RtlDowncaseUnicodeString,Rtl,function,12,function,mapped,RtlDowncaseUnicodeString,ntoskrnl/rtl;ntoskrnl/xb,src/core/kernel/exports/EmuKrnlRtl.cpp,RtlDowncaseUnicodeString,yes,src/tests/rtl/suite/string_lowercase.c,substantive,not-ingested,,test-available-no-hardware-log,low,medium,3,runtime;strings;exceptions,
277,RtlEnterCriticalSection,Rtl,function,4,function,mapped,XeRtlEnterCriticalSection,ntoskrnl/rtl;ntoskrnl/xb,src/core/kernel/exports/EmuKrnlRtl.cpp,RtlEnterCriticalSection,yes,src/tests/rtl/suite/CriticalSection.c,substantive,not-ingested,,test-available-no-hardware-log,medium,medium,4,runtime;strings;exceptions,
278,RtlEnterCriticalSectionAndRegion,Rtl,function,4,function,mapped,XeRtlEnterCriticalSectionAndRegion,ntoskrnl/rtl;ntoskrnl/xb,src/core/kernel/exports/EmuKrnlRtl.cpp,RtlEnterCriticalSectionAndRegion,yes,src/tests/rtl/suite/CriticalSection.c,substantive,not-ingested,,test-available-no-hardware-log,medium,medium,4,runtime;strings;exceptions,
279,RtlEqualString,Rtl,function,12,function,mapped,RtlEqualString,ntoskrnl/rtl;ntoskrnl/xb,src/core/kernel/exports/EmuKrnlRtl.cpp,RtlEqualString,yes,src/tests/rtl/suite/comparison.c,substantive,not-ingested,,test-available-no-hardware-log,low,medium,3,runtime;strings;exceptions,
280,RtlEqualUnicodeString,Rtl,function,12,function,mapped,RtlEqualUnicodeString,ntoskrnl/rtl;ntoskrnl/xb,src/core/kernel/exports/EmuKrnlRtl.cpp,RtlEqualUnicodeString,yes,src/tests/rtl/suite/comparison.c,substantive,not-ingested,,test-available-no-hardware-log,low,medium,3,runtime;strings;exceptions,
281,RtlExtendedIntegerMultiply,Rtl,function,12,function,mapped,RtlExtendedIntegerMultiply,ntoskrnl/rtl;ntoskrnl/xb,src/core/kernel/exports/EmuKrnlRtl.cpp,RtlExtendedIntegerMultiply,yes,src/tests/rtl/RtlExtendedIntegerMultiply.c,substantive,not-ingested,,test-available-no-hardware-log,low,medium,3,runtime;strings;exceptions,
282,RtlExtendedLargeIntegerDivide,Rtl,function,16,function,mapped,RtlExtendedLargeIntegerDivide,ntoskrnl/rtl;ntoskrnl/xb,src/core/kernel/exports/EmuKrnlRtl.cpp,RtlExtendedLargeIntegerDivide,yes,src/tests/rtl/RtlExtendedLargeIntegerDivide.c,substantive,not-ingested,,test-available-no-hardware-log,low,medium,3,runtime;strings;exceptions,
283,RtlExtendedMagicDivide,Rtl,function,20,function,mapped,RtlExtendedMagicDivide,ntoskrnl/rtl;ntoskrnl/xb,src/core/kernel/exports/EmuKrnlRtl.cpp,RtlExtendedMagicDivide,yes,src/tests/rtl/RtlExtendedMagicDivide.c,substantive,not-ingested,,test-available-no-hardware-log,low,medium,3,runtime;strings;exceptions,
284,RtlFillMemory,Rtl,function,12,function,mapped,RtlFillMemory,ntoskrnl/rtl;ntoskrnl/xb,src/core/kernel/exports/EmuKrnlRtl.cpp,RtlFillMemory,yes,src/tests/rtl/RtlFillMemory.c,substantive,not-ingested,,test-available-no-hardware-log,low,medium,3,runtime;strings;exceptions,
285,RtlFillMemoryUlong,Rtl,function,12,function,mapped,RtlFillMemoryUlong,ntoskrnl/rtl;ntoskrnl/xb,src/core/kernel/exports/EmuKrnlRtl.cpp,RtlFillMemoryUlong,yes,src/tests/rtl/RtlFillMemoryUlong.c,substantive,not-ingested,,test-available-no-hardware-log,low,medium,3,runtime;strings;exceptions,
286,RtlFreeAnsiString,Rtl,function,4,function,mapped,RtlFreeAnsiString,ntoskrnl/rtl;ntoskrnl/xb,src/core/kernel/exports/EmuKrnlRtl.cpp,RtlFreeAnsiString,yes,src/tests/rtl/RtlFreeAnsiString.c,substantive,not-ingested,,test-available-no-hardware-log,low,medium,3,runtime;strings;exceptions,
287,RtlFreeUnicodeString,Rtl,function,4,function,mapped,RtlFreeUnicodeString,ntoskrnl/rtl;ntoskrnl/xb,src/core/kernel/exports/EmuKrnlRtl.cpp,RtlFreeUnicodeString,yes,src/tests/rtl/RtlFreeUnicodeString.c,substantive,not-ingested,,test-available-no-hardware-log,low,medium,3,runtime;strings;exceptions,
288,RtlGetCallersAddress,Rtl,function,8,function,mapped,RtlGetCallersAddress,ntoskrnl/rtl;ntoskrnl/xb,src/core/kernel/exports/EmuKrnlRtl.cpp,RtlGetCallersAddress,yes,src/tests/rtl/suite/call_trace.c,substantive,not-ingested,,test-available-no-hardware-log,low,medium,3,runtime;strings;exceptions,
289,RtlInitAnsiString,Rtl,function,8,function,mapped,RtlInitAnsiString,ntoskrnl/rtl;ntoskrnl/xb,src/core/kernel/exports/EmuKrnlRtl.cpp,RtlInitAnsiString,yes,src/tests/rtl/RtlInitAnsiString.c,substantive,not-ingested,,test-available-no-hardware-log,low,medium,3,runtime;strings;exceptions,
290,RtlInitUnicodeString,Rtl,function,8,function,mapped,RtlInitUnicodeString,ntoskrnl/rtl;ntoskrnl/xb,src/core/kernel/exports/EmuKrnlRtl.cpp,RtlInitUnicodeString,yes,src/tests/rtl/RtlInitUnicodeString.c,substantive,not-ingested,,test-available-no-hardware-log,low,medium,3,runtime;strings;exceptions,
291,RtlInitializeCriticalSection,Rtl,function,4,function,mapped,XeRtlInitializeCriticalSection,ntoskrnl/rtl;ntoskrnl/xb,src/core/kernel/exports/EmuKrnlRtl.cpp,RtlInitializeCriticalSection,yes,src/tests/rtl/suite/CriticalSection.c,substantive,not-ingested,,test-available-no-hardware-log,medium,medium,4,runtime;strings;exceptions,
292,RtlIntegerToChar,Rtl,function,16,function,mapped,RtlIntegerToChar,ntoskrnl/rtl;ntoskrnl/xb,src/core/kernel/exports/EmuKrnlRtl.cpp,RtlIntegerToChar,yes,src/tests/rtl/suite/string_conversion.c,substantive,not-ingested,,test-available-no-hardware-log,low,medium,3,runtime;strings;exceptions,
293,RtlIntegerToUnicodeString,Rtl,function,12,function,mapped,RtlIntegerToUnicodeString,ntoskrnl/rtl;ntoskrnl/xb,src/core/kernel/exports/EmuKrnlRtl.cpp,RtlIntegerToUnicodeString,yes,src/tests/rtl/suite/string_conversion.c,substantive,not-ingested,,test-available-no-hardware-log,low,medium,3,runtime;strings;exceptions,
294,RtlLeaveCriticalSection,Rtl,function,4,function,mapped,XeRtlLeaveCriticalSection,ntoskrnl/rtl;ntoskrnl/xb,src/core/kernel/exports/EmuKrnlRtl.cpp,RtlLeaveCriticalSection,yes,src/tests/rtl/suite/CriticalSection.c,substantive,not-ingested,,test-available-no-hardware-log,medium,medium,4,runtime;strings;exceptions,
295,RtlLeaveCriticalSectionAndRegion,Rtl,function,4,function,mapped,XeRtlLeaveCriticalSectionAndRegion,ntoskrnl/rtl;ntoskrnl/xb,src/core/kernel/exports/EmuKrnlRtl.cpp,RtlLeaveCriticalSectionAndRegion,yes,src/tests/rtl/suite/CriticalSection.c,substantive,not-ingested,,test-available-no-hardware-log,medium,medium,4,runtime;strings;exceptions,
296,RtlLowerChar,Rtl,function,4,function,mapped,RtlLowerChar,ntoskrnl/rtl;ntoskrnl/xb,src/core/kernel/exports/EmuKrnlRtl.cpp,RtlLowerChar,yes,src/tests/rtl/suite/string_lowercase.c,substantive,not-ingested,,test-available-no-hardware-log,low,medium,3,runtime;strings;exceptions,
297,RtlMapGenericMask,Rtl,function,8,function,mapped,RtlMapGenericMask,ntoskrnl/rtl;ntoskrnl/xb,src/core/kernel/exports/EmuKrnlRtl.cpp,RtlMapGenericMask,yes,src/tests/rtl/RtlMapGenericMask.c,substantive,not-ingested,,test-available-no-hardware-log,low,medium,3,runtime;strings;exceptions,
298,RtlMoveMemory,Rtl,function,12,function,mapped,RtlMoveMemory,ntoskrnl/rtl;ntoskrnl/xb,src/core/kernel/exports/EmuKrnlRtl.cpp,RtlMoveMemory,yes,src/tests/rtl/RtlMoveMemory.c,substantive,not-ingested,,test-available-no-hardware-log,low,medium,3,runtime;strings;exceptions,
299,RtlMultiByteToUnicodeN,Rtl,function,20,function,mapped,RtlMultiByteToUnicodeN,ntoskrnl/rtl;ntoskrnl/xb,src/core/kernel/exports/EmuKrnlRtl.cpp,RtlMultiByteToUnicodeN,yes,src/tests/rtl/suite/string_conversion.c,substantive,not-ingested,,test-available-no-hardware-log,low,medium,3,runtime;strings;exceptions,
300,RtlMultiByteToUnicodeSize,Rtl,function,12,function,mapped,RtlMultiByteToUnicodeSize,ntoskrnl/rtl;ntoskrnl/xb,src/core/kernel/exports/EmuKrnlRtl.cpp,RtlMultiByteToUnicodeSize,yes,src/tests/rtl/suite/string_conversion.c,substantive,not-ingested,,test-available-no-hardware-log,low,medium,3,runtime;strings;exceptions,
301,RtlNtStatusToDosError,Rtl,function,4,function,mapped,RtlNtStatusToDosError,ntoskrnl/rtl;ntoskrnl/xb,src/core/kernel/exports/EmuKrnlRtl.cpp,RtlNtStatusToDosError,yes,src/tests/rtl/RtlNtStatusToDosError.c,substantive,not-ingested,,test-available-no-hardware-log,low,medium,3,runtime;strings;exceptions,
302,RtlRaiseException,Rtl,function,4,function,mapped,RtlRaiseException,ntoskrnl/rtl;ntoskrnl/xb,src/core/kernel/exports/EmuKrnlRtl.cpp,RtlRaiseException,yes,src/tests/rtl/suite/exception.c,stub,not-ingested,,behavior-test-stub,medium,medium,8,runtime;strings;exceptions,
303,RtlRaiseStatus,Rtl,function,4,function,mapped,RtlRaiseStatus,ntoskrnl/rtl;ntoskrnl/xb,src/core/kernel/exports/EmuKrnlRtl.cpp,RtlRaiseStatus,yes,src/tests/rtl/suite/exception.c,stub,not-ingested,,behavior-test-stub,medium,medium,8,runtime;strings;exceptions,
304,RtlTimeFieldsToTime,Rtl,function,8,function,mapped,RtlTimeFieldsToTime,ntoskrnl/rtl;ntoskrnl/xb,src/core/kernel/exports/EmuKrnlRtl.cpp,RtlTimeFieldsToTime,yes,src/tests/rtl/suite/time_conversion.c,substantive,not-ingested,,test-available-no-hardware-log,low,medium,3,runtime;strings;exceptions,
305,RtlTimeToTimeFields,Rtl,function,8,function,mapped,RtlTimeToTimeFields,ntoskrnl/rtl;ntoskrnl/xb,src/core/kernel/exports/EmuKrnlRtl.cpp,RtlTimeToTimeFields,yes,src/tests/rtl/suite/time_conversion.c,substantive,not-ingested,,test-available-no-hardware-log,low,medium,3,runtime;strings;exceptions,
306,RtlTryEnterCriticalSection,Rtl,function,4,function,mapped,XeRtlTryEnterCriticalSection,ntoskrnl/rtl;ntoskrnl/xb,src/core/kernel/exports/EmuKrnlRtl.cpp,RtlTryEnterCriticalSection,yes,src/tests/rtl/suite/CriticalSection.c,substantive,not-ingested,,test-available-no-hardware-log,medium,medium,4,runtime;strings;exceptions,
307,RtlUlongByteSwap,Rtl,function,4,fastcall,mapped,RtlUlongByteSwap,ntoskrnl/rtl;ntoskrnl/xb,src/core/kernel/exports/EmuKrnlRtl.cpp,RtlUlongByteSwap,yes,src/tests/rtl/RtlUlongByteSwap.c,substantive,not-ingested,,test-available-no-hardware-log,low,medium,3,runtime;strings;exceptions,
308,RtlUnicodeStringToAnsiString,Rtl,function,12,function,mapped,RtlUnicodeStringToAnsiString,ntoskrnl/rtl;ntoskrnl/xb,src/core/kernel/exports/EmuKrnlRtl.cpp,RtlUnicodeStringToAnsiString,yes,src/tests/rtl/suite/string_conversion.c,substantive,not-ingested,,test-available-no-hardware-log,low,medium,3,runtime;strings;exceptions,
309,RtlUnicodeStringToInteger,Rtl,function,12,function,mapped,RtlUnicodeStringToInteger,ntoskrnl/rtl;ntoskrnl/xb,src/core/kernel/exports/EmuKrnlRtl.cpp,RtlUnicodeStringToInteger,yes,src/tests/rtl/suite/string_conversion.c,substantive,not-ingested,,test-available-no-hardware-log,low,medium,3,runtime;strings;exceptions,
310,RtlUnicodeToMultiByteN,Rtl,function,20,function,mapped,RtlUnicodeToMultiByteN,ntoskrnl/rtl;ntoskrnl/xb,src/core/kernel/exports/EmuKrnlRtl.cpp,RtlUnicodeToMultiByteN,yes,src/tests/rtl/suite/string_conversion.c,substantive,not-ingested,,test-available-no-hardware-log,low,medium,3,runtime;strings;exceptions,
311,RtlUnicodeToMultiByteSize,Rtl,function,12,function,mapped,RtlUnicodeToMultiByteSize,ntoskrnl/rtl;ntoskrnl/xb,src/core/kernel/exports/EmuKrnlRtl.cpp,RtlUnicodeToMultiByteSize,yes,src/tests/rtl/suite/string_conversion.c,substantive,not-ingested,,test-available-no-hardware-log,low,medium,3,runtime;strings;exceptions,
312,RtlUnwind,Rtl,function,16,function,mapped,RtlUnwind,ntoskrnl/rtl;ntoskrnl/xb,src/core/kernel/exports/EmuKrnlRtl.cpp,RtlUnwind,yes,src/tests/rtl/RtlUnwind.c,stub,not-ingested,,behavior-test-stub,medium,medium,8,runtime;strings;exceptions,
313,RtlUpcaseUnicodeChar,Rtl,function,4,function,mapped,RtlUpcaseUnicodeChar,ntoskrnl/rtl;ntoskrnl/xb,src/core/kernel/exports/EmuKrnlRtl.cpp,RtlUpcaseUnicodeChar,yes,src/tests/rtl/suite/string_uppercase.c,substantive,not-ingested,,test-available-no-hardware-log,low,medium,3,runtime;strings;exceptions,
314,RtlUpcaseUnicodeString,Rtl,function,12,function,mapped,RtlUpcaseUnicodeString,ntoskrnl/rtl;ntoskrnl/xb,src/core/kernel/exports/EmuKrnlRtl.cpp,RtlUpcaseUnicodeString,yes,src/tests/rtl/suite/string_uppercase.c,substantive,not-ingested,,test-available-no-hardware-log,low,medium,3,runtime;strings;exceptions,
315,RtlUpcaseUnicodeToMultiByteN,Rtl,function,20,function,mapped,RtlUpcaseUnicodeToMultiByteN,ntoskrnl/rtl;ntoskrnl/xb,src/core/kernel/exports/EmuKrnlRtl.cpp,RtlUpcaseUnicodeToMultiByteN,yes,src/tests/rtl/suite/string_uppercase.c,substantive,not-ingested,,test-available-no-hardware-log,low,medium,3,runtime;strings;exceptions,
316,RtlUpperChar,Rtl,function,4,function,mapped,RtlUpperChar,ntoskrnl/rtl;ntoskrnl/xb,src/core/kernel/exports/EmuKrnlRtl.cpp,RtlUpperChar,yes,src/tests/rtl/suite/string_uppercase.c,substantive,not-ingested,,test-available-no-hardware-log,low,medium,3,runtime;strings;exceptions,
317,RtlUpperString,Rtl,function,8,function,mapped,RtlUpperString,ntoskrnl/rtl;ntoskrnl/xb,src/core/kernel/exports/EmuKrnlRtl.cpp,RtlUpperString,yes,src/tests/rtl/suite/string_uppercase.c,substantive,not-ingested,,test-available-no-hardware-log,low,medium,3,runtime;strings;exceptions,
318,RtlUshortByteSwap,Rtl,function,4,fastcall,mapped,RtlUshortByteSwap,ntoskrnl/rtl;ntoskrnl/xb,src/core/kernel/exports/EmuKrnlRtl.cpp,RtlUshortByteSwap,yes,src/tests/rtl/RtlUshortByteSwap.c,substantive,not-ingested,,test-available-no-hardware-log,low,medium,3,runtime;strings;exceptions,
319,RtlWalkFrameChain,Rtl,function,12,function,mapped,RtlWalkFrameChain,ntoskrnl/rtl;ntoskrnl/xb,src/core/kernel/exports/EmuKrnlRtl.cpp,RtlWalkFrameChain,yes,src/tests/rtl/suite/call_trace.c,substantive,not-ingested,,test-available-no-hardware-log,low,medium,3,runtime;strings;exceptions,
320,RtlZeroMemory,Rtl,function,8,function,mapped,RtlZeroMemory,ntoskrnl/rtl;ntoskrnl/xb,src/core/kernel/exports/EmuKrnlRtl.cpp,RtlZeroMemory,yes,src/tests/rtl/RtlZeroMemory.c,substantive,not-ingested,,test-available-no-hardware-log,low,medium,3,runtime;strings;exceptions,
321,XboxEEPROMKey,Xbox,data,,data,mapped,XboxEEPROMKey,ntoskrnl/xb,src/core/kernel/exports/EmuKrnlXbox.cpp,XboxEEPROMKey,yes,src/tests/xbox/XboxEEPROMKey.c,stub,not-ingested,,behavior-test-stub,medium,medium,8,kernel globals;keys;hardware info,
322,XboxHardwareInfo,Xbox,data,,data,mapped,XboxHardwareInfo,ntoskrnl/xb,src/core/kernel/exports/EmuKrnlXbox.cpp,XboxHardwareInfo,yes,src/tests/xbox/XboxHardwareInfo.c,substantive,not-ingested,,test-available-no-hardware-log,medium,medium,4,kernel globals;keys;hardware info,
323,XboxHDKey,Xbox,data,,data,mapped,XboxHDKey,ntoskrnl/xb,src/core/kernel/exports/EmuKrnlXbox.cpp,XboxHDKey,yes,src/tests/xbox/XboxHDKey.c,stub,not-ingested,,behavior-test-stub,medium,medium,8,kernel globals;keys;hardware info,
324,XboxKrnlVersion,Xbox,data,,data,mapped,XboxKrnlVersion,ntoskrnl/xb,src/core/kernel/exports/EmuKrnlXbox.cpp,XboxKrnlVersion,yes,src/tests/xbox/XboxKrnlVersion.c,substantive,not-ingested,,test-available-no-hardware-log,medium,medium,4,kernel globals;keys;hardware info,
325,XboxSignatureKey,Xbox,data,,data,mapped,XboxSignatureKey,ntoskrnl/xb,src/core/kernel/exports/EmuKrnlXbox.cpp,XboxSignatureKey,yes,src/tests/xbox/XboxSignatureKey.c,substantive,not-ingested,,test-available-no-hardware-log,medium,medium,4,kernel globals;keys;hardware info,
326,XeImageFileName,Xe,data,,data,mapped,XeImageFileName,ntoskrnl/xb,src/core/kernel/exports/EmuKrnlXe.cpp,XeImageFileName,yes,src/tests/xe/XeImageFileName.c,substantive,not-ingested,,test-available-no-hardware-log,medium,high,6,XBE sections;memory manager,
327,XeLoadSection,Xe,function,4,function,mapped,XeLoadSection,ntoskrnl/xb,src/core/kernel/exports/EmuKrnlXe.cpp,XeLoadSection,yes,src/tests/xe/suite/section.c,substantive,not-ingested,,test-available-no-hardware-log,high,high,7,XBE sections;memory manager,
328,XeUnloadSection,Xe,function,4,function,mapped,XeUnloadSection,ntoskrnl/xb,src/core/kernel/exports/EmuKrnlXe.cpp,XeUnloadSection,yes,src/tests/xe/suite/section.c,substantive,not-ingested,,test-available-no-hardware-log,high,high,7,XBE sections;memory manager,
329,READ_PORT_BUFFER_UCHAR,PortIO,function,12,function,mapped,READ_PORT_BUFFER_UCHAR,ntoskrnl/ex;hal/halx86/xbox,src/core/kernel/exports/EmuKrnlHal.cpp,READ_PORT_BUFFER_UCHAR,yes,src/tests/misc/READ_PORT_BUFFER_UCHAR.c,substantive,not-ingested,,test-available-no-hardware-log,low,medium,3,x86 I/O-port semantics,
330,READ_PORT_BUFFER_USHORT,PortIO,function,12,function,mapped,READ_PORT_BUFFER_USHORT,ntoskrnl/ex;hal/halx86/xbox,src/core/kernel/exports/EmuKrnlHal.cpp,READ_PORT_BUFFER_USHORT,yes,src/tests/misc/READ_PORT_BUFFER_USHORT.c,substantive,not-ingested,,test-available-no-hardware-log,low,medium,3,x86 I/O-port semantics,
331,READ_PORT_BUFFER_ULONG,PortIO,function,12,function,mapped,READ_PORT_BUFFER_ULONG,ntoskrnl/ex;hal/halx86/xbox,src/core/kernel/exports/EmuKrnlHal.cpp,READ_PORT_BUFFER_ULONG,yes,src/tests/misc/READ_PORT_BUFFER_ULONG.c,substantive,not-ingested,,test-available-no-hardware-log,low,medium,3,x86 I/O-port semantics,
332,WRITE_PORT_BUFFER_UCHAR,PortIO,function,12,function,mapped,WRITE_PORT_BUFFER_UCHAR,ntoskrnl/ex;hal/halx86/xbox,src/core/kernel/exports/EmuKrnlHal.cpp,WRITE_PORT_BUFFER_UCHAR,yes,src/tests/misc/WRITE_PORT_BUFFER_UCHAR.c,substantive,not-ingested,,test-available-no-hardware-log,low,medium,3,x86 I/O-port semantics,
333,WRITE_PORT_BUFFER_USHORT,PortIO,function,12,function,mapped,WRITE_PORT_BUFFER_USHORT,ntoskrnl/ex;hal/halx86/xbox,src/core/kernel/exports/EmuKrnlHal.cpp,WRITE_PORT_BUFFER_USHORT,yes,src/tests/misc/WRITE_PORT_BUFFER_USHORT.c,substantive,not-ingested,,test-available-no-hardware-log,low,medium,3,x86 I/O-port semantics,
334,WRITE_PORT_BUFFER_ULONG,PortIO,function,12,function,mapped,WRITE_PORT_BUFFER_ULONG,ntoskrnl/ex;hal/halx86/xbox,src/core/kernel/exports/EmuKrnlHal.cpp,WRITE_PORT_BUFFER_ULONG,yes,src/tests/misc/WRITE_PORT_BUFFER_ULONG.c,substantive,not-ingested,,test-available-no-hardware-log,low,medium,3,x86 I/O-port semantics,
335,XcSHAInit,Xc,function,4,function,mapped,XcSHAInit,ntoskrnl/xb,src/core/kernel/exports/EmuKrnlXc.cpp,XcSHAInit,yes,src/tests/xc/suite/SHA.c,stub,not-ingested,,behavior-test-stub,medium,medium,8,crypto primitives,
336,XcSHAUpdate,Xc,function,12,function,mapped,XcSHAUpdate,ntoskrnl/xb,src/core/kernel/exports/EmuKrnlXc.cpp,XcSHAUpdate,yes,src/tests/xc/suite/SHA.c,stub,not-ingested,,behavior-test-stub,medium,medium,8,crypto primitives,
337,XcSHAFinal,Xc,function,8,function,mapped,XcSHAFinal,ntoskrnl/xb,src/core/kernel/exports/EmuKrnlXc.cpp,XcSHAFinal,yes,src/tests/xc/suite/SHA.c,stub,not-ingested,,behavior-test-stub,medium,medium,8,crypto primitives,
338,XcRC4Key,Xc,function,12,function,mapped,XcRC4Key,ntoskrnl/xb,src/core/kernel/exports/EmuKrnlXc.cpp,XcRC4Key,yes,src/tests/xc/suite/RC4.c,stub,not-ingested,,behavior-test-stub,medium,medium,8,crypto primitives,
339,XcRC4Crypt,Xc,function,12,function,mapped,XcRC4Crypt,ntoskrnl/xb,src/core/kernel/exports/EmuKrnlXc.cpp,XcRC4Crypt,yes,src/tests/xc/suite/RC4.c,stub,not-ingested,,behavior-test-stub,medium,medium,8,crypto primitives,
340,XcHMAC,Xc,function,28,function,mapped,XcHMAC,ntoskrnl/xb,src/core/kernel/exports/EmuKrnlXc.cpp,XcHMAC,yes,src/tests/xc/XcHMAC.c,stub,not-ingested,,behavior-test-stub,medium,medium,8,crypto primitives,
341,XcPKEncPublic,Xc,function,12,function,mapped,XcPKEncPublic,ntoskrnl/xb,src/core/kernel/exports/EmuKrnlXc.cpp,XcPKEncPublic,yes,src/tests/xc/suite/PK.c,substantive,not-ingested,,test-available-no-hardware-log,medium,medium,4,crypto primitives,
342,XcPKDecPrivate,Xc,function,12,function,mapped,XcPKDecPrivate,ntoskrnl/xb,src/core/kernel/exports/EmuKrnlXc.cpp,XcPKDecPrivate,yes,src/tests/xc/suite/PK.c,substantive,not-ingested,,test-available-no-hardware-log,medium,medium,4,crypto primitives,
343,XcPKGetKeyLen,Xc,function,4,function,mapped,XcPKGetKeyLen,ntoskrnl/xb,src/core/kernel/exports/EmuKrnlXc.cpp,XcPKGetKeyLen,yes,src/tests/xc/suite/PK.c,substantive,not-ingested,,test-available-no-hardware-log,medium,medium,4,crypto primitives,
344,XcVerifyPKCS1Signature,Xc,function,12,function,mapped,XcVerifyPKCS1Signature,ntoskrnl/xb,src/core/kernel/exports/EmuKrnlXc.cpp,XcVerifyPKCS1Signature,yes,src/tests/xc/suite/PK.c,substantive,not-ingested,,test-available-no-hardware-log,medium,medium,4,crypto primitives,
345,XcModExp,Xc,function,20,function,mapped,XcModExp,ntoskrnl/xb,src/core/kernel/exports/EmuKrnlXc.cpp,XcModExp,yes,src/tests/xc/XcModExp.c,substantive,not-ingested,,test-available-no-hardware-log,medium,medium,4,crypto primitives,
346,XcDESKeyParity,Xc,function,8,function,mapped,XcDESKeyParity,ntoskrnl/xb,src/core/kernel/exports/EmuKrnlXc.cpp,XcDESKeyParity,yes,src/tests/xc/XcDESKeyParity.c,substantive,not-ingested,,test-available-no-hardware-log,medium,medium,4,crypto primitives,
347,XcKeyTable,Xc,function,12,function,mapped,XcKeyTable,ntoskrnl/xb,src/core/kernel/exports/EmuKrnlXc.cpp,XcKeyTable,yes,src/tests/xc/XcKeyTable.c,substantive,not-ingested,,test-available-no-hardware-log,medium,medium,4,crypto primitives,
348,XcBlockCrypt,Xc,function,20,function,mapped,XcBlockCrypt,ntoskrnl/xb,src/core/kernel/exports/EmuKrnlXc.cpp,XcBlockCrypt,yes,src/tests/xc/suite/BlockCrypt.c,substantive,not-ingested,,test-available-no-hardware-log,medium,medium,4,crypto primitives,
349,XcBlockCryptCBC,Xc,function,28,function,mapped,XcBlockCryptCBC,ntoskrnl/xb,src/core/kernel/exports/EmuKrnlXc.cpp,XcBlockCryptCBC,yes,src/tests/xc/suite/BlockCrypt.c,substantive,not-ingested,,test-available-no-hardware-log,medium,medium,4,crypto primitives,
350,XcCryptService,Xc,function,8,function,mapped,XcCryptService,ntoskrnl/xb,src/core/kernel/exports/EmuKrnlXc.cpp,XcCryptService,yes,src/tests/xc/XcCryptService.c,substantive,not-ingested,,test-available-no-hardware-log,medium,medium,4,crypto primitives,
351,XcUpdateCrypto,Xc,function,8,function,mapped,XcUpdateCrypto,ntoskrnl/xb,src/core/kernel/exports/EmuKrnlXc.cpp,XcUpdateCrypto,yes,src/tests/xc/XcUpdateCrypto.c,stub,not-ingested,,behavior-test-stub,medium,medium,8,crypto primitives,
352,RtlRip,Rtl,function,12,function,mapped,XeRtlRip,ntoskrnl/rtl;ntoskrnl/xb,src/core/kernel/exports/EmuKrnlRtl.cpp,RtlRip,yes,src/tests/rtl/RtlRip.c,stub,not-ingested,,behavior-test-stub,low,medium,7,runtime;strings;exceptions,
353,XboxLANKey,Xbox,data,,data,mapped,XboxLANKey,ntoskrnl/xb,src/core/kernel/exports/EmuKrnlXbox.cpp,XboxLANKey,yes,src/tests/xbox/XboxLANKey.c,stub,not-ingested,,behavior-test-stub,medium,medium,8,kernel globals;keys;hardware info,
354,XboxAlternateSignatureKeys,Xbox,data,,data,mapped,XboxAlternateSignatureKeys,ntoskrnl/xb,src/core/kernel/exports/EmuKrnlXbox.cpp,XboxAlternateSignatureKeys,yes,src/tests/xbox/XboxAlternateSignatureKeys.c,substantive,not-ingested,,test-available-no-hardware-log,medium,medium,4,kernel globals;keys;hardware info,
355,XePublicKeyData,Xe,data,,data,mapped,XePublicKeyData,ntoskrnl/xb,src/core/kernel/exports/EmuKrnlXe.cpp,XePublicKeyData,yes,src/tests/xe/XePublicKeyData.c,stub,not-ingested,,behavior-test-stub,medium,high,10,XBE sections;memory manager,
356,HalBootSMCVideoMode,Hal,data,,data,mapped,HalBootSMCVideoMode,hal/halx86/xbox,src/core/kernel/exports/EmuKrnlHal.cpp,HalBootSMCVideoMode,yes,src/tests/hal/HalBootSMCVideoMode.c,substantive,not-ingested,,test-available-no-hardware-log,medium,high,6,chipset;interrupts;SMBus/PCI,
357,IdexChannelObject,Misc,data,,data,mapped,IdexChannelObject,ntoskrnl/xb,src/core/kernel/exports/EmuKrnl.cpp,IdexChannelObject,yes,src/tests/misc/IdexChannelObject.c,substantive,not-ingested,,test-available-no-hardware-log,medium,medium,4,misc,
358,HalIsResetOrShutdownPending,Hal,function,0,function,mapped,HalIsResetOrShutdownPending,hal/halx86/xbox,src/core/kernel/exports/EmuKrnlHal.cpp,HalIsResetOrShutdownPending,yes,src/tests/hal/HalIsResetOrShutdownPending.c,substantive,not-ingested,,test-available-no-hardware-log,high,high,7,chipset;interrupts;SMBus/PCI,
359,IoMarkIrpMustComplete,Io,function,4,function,mapped,IoMarkIrpMustComplete,ntoskrnl/io;ntoskrnl/xb,src/core/kernel/exports/EmuKrnlIo.cpp,IoMarkIrpMustComplete,yes,src/tests/io/IoMarkIrpMustComplete.c,substantive,not-ingested,,test-available-no-hardware-log,high,high,7,I/O manager;IRP;device objects,
360,HalInitiateShutdown,Hal,function,0,function,mapped,HalInitiateShutdown,hal/halx86/xbox,src/core/kernel/exports/EmuKrnlHal.cpp,HalInitiateShutdown,yes,src/tests/hal/HalInitiateShutdown.c,substantive,not-ingested,,test-available-no-hardware-log,high,high,7,chipset;interrupts;SMBus/PCI,
361,RtlSnprintf,Rtl,function,,function,mapped,RtlSnprintf,ntoskrnl/rtl;ntoskrnl/xb,src/core/kernel/exports/EmuKrnl.cpp,_snprintf,yes,src/tests/misc/snprintf.c,stub,not-ingested,,behavior-test-stub,low,medium,7,runtime;strings;exceptions,
362,RtlSprintf,Rtl,function,,function,mapped,RtlSprintf,ntoskrnl/rtl;ntoskrnl/xb,src/core/kernel/exports/EmuKrnl.cpp,_sprintf,yes,src/tests/misc/sprintf.c,stub,not-ingested,,behavior-test-stub,low,medium,7,runtime;strings;exceptions,
363,RtlVsnprintf,Rtl,function,,function,mapped,RtlVsnprintf,ntoskrnl/rtl;ntoskrnl/xb,src/core/kernel/exports/EmuKrnl.cpp,_vsnprintf,yes,src/tests/misc/vsnprintf.c,stub,not-ingested,,behavior-test-stub,low,medium,7,runtime;strings;exceptions,
364,RtlVsprintf,Rtl,function,,function,mapped,RtlVsprintf,ntoskrnl/rtl;ntoskrnl/xb,src/core/kernel/exports/EmuKrnl.cpp,_vsprintf,yes,src/tests/misc/vsprintf.c,stub,not-ingested,,behavior-test-stub,low,medium,7,runtime;strings;exceptions,
365,HalEnableSecureTrayEject,Hal,function,0,function,mapped,HalEnableSecureTrayEject,hal/halx86/xbox,src/core/kernel/exports/EmuKrnlHal.cpp,HalEnableSecureTrayEject,yes,src/tests/hal/HalEnableSecureTrayEject.c,substantive,not-ingested,,test-available-no-hardware-log,high,high,7,chipset;interrupts;SMBus/PCI,
366,HalWriteSMCScratchRegister,Hal,function,4,function,mapped,HalWriteSMCScratchRegister,hal/halx86/xbox,src/core/kernel/exports/EmuKrnlHal.cpp,HalWriteSMCScratchRegister,yes,src/tests/hal/HalWriteSMCScratchRegister.c,substantive,not-ingested,,test-available-no-hardware-log,high,high,7,chipset;interrupts;SMBus/PCI,
367,UnknownAPI367,Unknown,function,,unknown,missing-export,,ntoskrnl/xb,src/core/kernel/exports/EmuKrnl.cpp,UnknownAPI367,yes,src/tests/unknown/UnknownAPI367.c,substantive,not-ingested,,implementation-gap,low,unknown,3,unknown,
368,UnknownAPI368,Unknown,function,,unknown,missing-export,,ntoskrnl/xb,src/core/kernel/exports/EmuKrnl.cpp,UnknownAPI368,yes,src/tests/unknown/UnknownAPI368.c,substantive,not-ingested,,implementation-gap,low,unknown,3,unknown,
369,UnknownAPI369,Unknown,function,,unknown,missing-export,,ntoskrnl/xb,src/core/kernel/exports/EmuKrnl.cpp,UnknownAPI369,yes,src/tests/unknown/UnknownAPI369.c,substantive,not-ingested,,implementation-gap,low,unknown,3,unknown,
370,XProfpControl,XProfp,function,,unknown,missing-export,,unmapped,src/core/kernel/exports/EmuKrnl.cpp,XProfpControl,yes,src/tests/xprofp/XProfpControl.c,stub,not-ingested,,implementation-gap,low,low,5,profiling-only,
371,XProfpGetData,XProfp,function,,unknown,missing-export,,unmapped,src/core/kernel/exports/EmuKrnl.cpp,XProfpGetData,yes,src/tests/xprofp/XProfpGetData.c,substantive,not-ingested,,implementation-gap,low,low,1,profiling-only,
372,IrtClientInitFast,Irt,function,,unknown,missing-export,,unmapped,src/core/kernel/exports/EmuKrnl.cpp,IrtClientInitFast,yes,src/tests/irt/IrtClientInitFast.c,substantive,not-ingested,,implementation-gap,low,low,1,profiling-only,
373,IrtSweep,Irt,function,,unknown,missing-export,,unmapped,src/core/kernel/exports/EmuKrnl.cpp,IrtSweep,yes,src/tests/irt/IrtSweep.c,stub,not-ingested,,implementation-gap,low,low,5,profiling-only,
374,MmDbgAllocateMemory,Mm,function,8,function,stub,,ntoskrnl/xb/mm;ntoskrnl/mm,src/core/kernel/exports/EmuKrnlMm.cpp,MmDbgAllocateMemory,yes,src/tests/mm/MmDbgAllocateMemory.c,substantive,not-ingested,,implementation-gap,low,low,0,PTE/PFN;physical allocator;TLB;GPU-visible memory,
375,MmDbgFreeMemory,Mm,function,8,function,stub,,ntoskrnl/xb/mm;ntoskrnl/mm,src/core/kernel/exports/EmuKrnlMm.cpp,MmDbgFreeMemory,yes,src/tests/mm/MmDbgFreeMemory.c,stub,not-ingested,,implementation-gap,low,low,3,PTE/PFN;physical allocator;TLB;GPU-visible memory,
376,MmDbgQueryAvailablePages,Mm,function,0,function,stub,,ntoskrnl/xb/mm;ntoskrnl/mm,src/core/kernel/exports/EmuKrnlMm.cpp,MmDbgQueryAvailablePages,yes,src/tests/mm/MmDbgQueryAvailablePages.c,substantive,not-ingested,,implementation-gap,low,low,0,PTE/PFN;physical allocator;TLB;GPU-visible memory,
377,MmDbgReleaseAddress,Mm,function,8,function,stub,,ntoskrnl/xb/mm;ntoskrnl/mm,src/core/kernel/exports/EmuKrnlMm.cpp,MmDbgReleaseAddress,yes,src/tests/mm/MmDbgReleaseAddress.c,substantive,not-ingested,,implementation-gap,low,low,0,PTE/PFN;physical allocator;TLB;GPU-visible memory,
378,MmDbgWriteCheck,Mm,function,8,function,stub,,ntoskrnl/xb/mm;ntoskrnl/mm,src/core/kernel/exports/EmuKrnlMm.cpp,MmDbgWriteCheck,yes,src/tests/mm/MmDbgWriteCheck.c,stub,not-ingested,,implementation-gap,low,low,3,PTE/PFN;physical allocator;TLB;GPU-visible memory,
