ordinal,name,kind,domain,verdict,backend,source_refs,rationale,opportunity,risk,measurement
1,AvGetSavedDataAddress,function,io_hal_crypto,no_change,AvGetSavedDataAddress -> NxkAvSavedDataAddress,"[""ntoskrnl/xb/xboxkrnl.exe.def:8"", ""ntoskrnl/xb/ordinals.map:22"", ""hal/halx86/xbox/av.c:104""]",One pointer load; already minimal.,,"Preserve ABI, existing errors, ordering and ownership.",
2,AvSendTVEncoderOption,function,io_hal_crypto,no_change,AvSendTVEncoderOption -> settings/probe -> SMBus,"[""ntoskrnl/xb/xboxkrnl.exe.def:9"", ""ntoskrnl/xb/ordinals.map:23"", ""hal/halx86/xbox/av.c:176"", ""hal/halx86/xbox/av.c:118"", ""hal/halx86/xbox/av.c:135"", ""hal/halx86/xbox/smbus.c:40""]",GET_SETTINGS makes two live reads; VIDEO_ENABLE probes up to two encoders then gates/DAC writes. Live state and hardware failures rule out unchecked caching. Unsupported filters/options are currently no-ops.,,Preserve device reads/writes; encoder/filter support remains incomplete.,
3,AvSetDisplayMode,function,io_hal_crypto,no_change,AvSetDisplayMode -> volatile NV2A MMIO,"[""ntoskrnl/xb/xboxkrnl.exe.def:10"", ""ntoskrnl/xb/ordinals.map:24"", ""hal/halx86/xbox/av.c:249""]","One CRTC_START write, four index/data pairs, two data reads preserve unrelated pitch bits. Required device traffic; cannot suppress repeated writes based on guessed device state.",,Existing mode/format/step handling is incomplete and framebuffer mask is 64 MiB; this audit does not repair video behavior.,
4,AvSetSavedDataAddress,function,io_hal_crypto,no_change,AvSetSavedDataAddress -> NxkAvSavedDataAddress,"[""ntoskrnl/xb/xboxkrnl.exe.def:11"", ""ntoskrnl/xb/ordinals.map:25"", ""hal/halx86/xbox/av.c:110""]","One pointer store; address is mutable, no cache needed.",,"Preserve ABI, existing errors, ordering and ownership.",
5,DbgBreakPoint,function,io_hal_crypto,no_change,i386 int3 -> trap/SEH,"[""ntoskrnl/xb/xboxkrnl.exe.def:12"", ""ntoskrnl/xb/ordinals.map:28"", ""sdk/lib/rtl/i386/debug_asm.S:18"", ""ntoskrnl/ke/i386/traphdlr.c:633""]",int3/ret leaf; exception cost is requested behavior.,,Retain title SEH and debugger delivery.,
6,DbgBreakPointWithStatus,function,io_hal_crypto,no_change,i386 EAX status + labelled int3,"[""ntoskrnl/xb/xboxkrnl.exe.def:13"", ""ntoskrnl/xb/ordinals.map:29"", ""sdk/lib/rtl/i386/debug_asm.S:29""]","Argument load, breakpoint and stack-cleaning return; already minimal.",,Preserve EAX status and calling convention.,
7,DbgLoadImageSymbols,function,io_hal_crypto,stub,XbExpStub_7 -> XbExpBugCheck -> KeBugCheckEx,"[""ntoskrnl/xb/xboxkrnl.exe.def:14"", ""ntoskrnl/xb/gen-exports.py:186"", ""ntoskrnl/xb/gen-exports.py:132"", ""ntoskrnl/CMakeLists.txt:25""]",Unmapped ordinal generates a correct-arity fatal stub; similarly named RTL function is not the export target. No successful implementation to optimize.,,Missing behavior must not be replaced by success.,
8,DbgPrint,function,io_hal_crypto,stub,DbgPrint release DBG=0 branch,"[""ntoskrnl/xb/xboxkrnl.exe.def:15"", ""ntoskrnl/xb/ordinals.map:31"", ""sdk/lib/rtl/debug.c:210"", ""ntoskrnl/ntos.cmake:466"", ""sdk/lib/rtl/debug.c:56"", ""ntoskrnl/kd64/kdprint.c:445""]","Release DBG=0 returns STATUS_SUCCESS without formatting or transport. Matched checked DBG=1 formats into bounded512-byte stack buffer with reentrancy/SEH handling, then calls DebugPrint/KdpPrint for log/debugger transport. Stub verdict applies to release only.",,Checked transport/formatting differs; do not remove its output under release assumption.,
9,HalReadSMCTrayState,function,io_hal_crypto,no_change,HalReadSMCTrayState -> SMBus byte transfer,"[""ntoskrnl/xb/xboxkrnl.exe.def:16"", ""ntoskrnl/xb/ordinals.map:39"", ""hal/halx86/xbox/hal.c:45"", ""hal/halx86/xbox/smbus.c:40""]","One live register read, constant-size state normalization and optional count. Bus polling dominates; caching hides tray changes/errors.",,SMC ISR is absent; eject counter stays zero. Preserve open fallback/error status.,
10,DbgPrompt,function,io_hal_crypto,stub,XeDbgPrompt -> release return; checked NxkDebuggerPromptAvailable(!KDBG)=FALSE,"[""ntoskrnl/xb/xboxkrnl.exe.def:17"", ""ntoskrnl/xb/ordinals.map:30"", ""ntoskrnl/xb/debugprompt.c:5"", ""ntoskrnl/ntos.cmake:466"", ""ntoskrnl/kd/kdio.c:812"", ""sdk/lib/rtl/debug.c:41""]","Both matched variants return0 after optional Response[0]=NUL: release directly; checked DBG=1 calls NxkDebuggerPromptAvailable, whose !KDBG branch returns FALSE because checked defines do not enable KDBG. The later bounded prompt scan/DebugPrompt transport is unreachable in these builds.",,Preserve initial NUL/count; attached debugger input is unverified.,
11,DbgUnLoadImageSymbols,function,io_hal_crypto,stub,XbExpStub_11 -> XbExpBugCheck -> KeBugCheckEx,"[""ntoskrnl/xb/xboxkrnl.exe.def:18"", ""ntoskrnl/xb/gen-exports.py:186"", ""ntoskrnl/xb/gen-exports.py:132"", ""ntoskrnl/CMakeLists.txt:25""]",Unmapped ordinal generates a correct-arity fatal stub; similarly named RTL function is not the export target. No successful implementation to optimize.,,Missing behavior must not be replaced by success.,
12,ExAcquireReadWriteLockExclusive,function,scheduler_objects,no_change,"ExAcquireReadWriteLockExclusive -> Xbox ERWLOCK / KeWaitForSingleObject, KeSetEvent, KeReleaseSemaphore","[""ntoskrnl/xb/rwlock.c:42"", ""ntoskrnl/ke/wait.c:441"", ""ntoskrnl/ke/eventobj.c:160"", ""ntoskrnl/ke/semphobj.c:54""]","One interrupt-mask window and atomic contention increment; uncontended acquire returns, contended writers wait on the auto-reset event. Eliminating masking or bypassing writer ownership would alter exclusion.",,"Preserve existing ABI, errors, lifetime and synchronization; no source change recommended.",
13,ExAcquireReadWriteLockShared,function,scheduler_objects,no_change,"ExAcquireReadWriteLockShared -> Xbox ERWLOCK / KeWaitForSingleObject, KeSetEvent, KeReleaseSemaphore","[""ntoskrnl/xb/rwlock.c:62"", ""ntoskrnl/ke/wait.c:441"", ""ntoskrnl/ke/eventobj.c:160"", ""ntoskrnl/ke/semphobj.c:54""]",One masked increment with reader/writer queue checks; readers share the lock only when no writer is ahead. Existing common path is constant work; the semaphore wait is required contention handling.,,"Preserve existing ABI, errors, lifetime and synchronization; no source change recommended.",
14,ExAllocatePool,function,memory_rtl,candidate,ExAllocatePool -> ExAllocatePoolWithTag -> NxPoolPagesAlloc,"[""ntoskrnl/xb/xbe.c:1336"", ""ntoskrnl/xb/mm/pool.c:235"", ""ntoskrnl/xb/mm/poolpages.c:146""]",Implicit NonPagedPool adapter; small allocations use a constant-time size-class lookup and one free-list pop under NxpLock. Class refills and >2040-byte requests reach the repeated pool-window range search; failure reclaim retries once.,"[""pool_page_scan""]",Low to medium: scan boundary mistakes can change returned VA or false-fail allocation; fast empty-window cases may see no benefit.,"Run the actual baseline and candidate kernel implementation through the exported ordinal in the same release compiler/xemu 128-MiB configuration and immutable guest ISO; at least seven paired trials, alternating order; retain all samples, median and variation. Check exact outputs/state and operation counters first; claim timing improvement only beyond observed variation. No measurements were executed in this read-only audit. Allocate actual pool runs of 1/2/4/16/256/1024 pages; construct dense, alternating, free-prefix-before-blocker and full-window patterns; compare chosen VA/failure and freed-page accounting. Count tested bits/bitmap loads, candidate probes, PFN operations and lock duration. A 4096-page map with occupied every 256th page and Count=256 gives an illustrative source-model 493696 bit checks versus 4096 with conflict skipping; this is a counted algorithm model, not a measured kernel speedup."
15,ExAllocatePoolWithTag,function,memory_rtl,candidate,ExAllocatePoolWithTag -> NxPoolPagesAlloc,"[""ntoskrnl/xb/xbe.c:1341"", ""ntoskrnl/xb/mm/pool.c:235"", ""ntoskrnl/xb/mm/poolpages.c:146""]","Adds no material work beyond the required tag and NonPagedPool arguments. Active nxpool handles an 8-byte header and size-class pop; fresh pages/big blocks use pool-window scan and per-page mapping, with bounded 128-entry big-block tracking.","[""pool_page_scan""]",Low to medium: scan boundary mistakes can change returned VA or false-fail allocation; fast empty-window cases may see no benefit.,"Run the actual baseline and candidate kernel implementation through the exported ordinal in the same release compiler/xemu 128-MiB configuration and immutable guest ISO; at least seven paired trials, alternating order; retain all samples, median and variation. Check exact outputs/state and operation counters first; claim timing improvement only beyond observed variation. No measurements were executed in this read-only audit. Allocate actual pool runs of 1/2/4/16/256/1024 pages; construct dense, alternating, free-prefix-before-blocker and full-window patterns; compare chosen VA/failure and freed-page accounting. Count tested bits/bitmap loads, candidate probes, PFN operations and lock duration. A 4096-page map with occupied every 256th page and Count=256 gives an illustrative source-model 493696 bit checks versus 4096 with conflict skipping; this is a counted algorithm model, not a measured kernel speedup."
16,ExEventObjectType,data,scheduler_objects,data,XeExEventObjectType -> Xbox public object-type data / native type mapping,"[""ntoskrnl/xb/object-types.c:22""]","28-byte Xbox OBJECT_TYPE storage with NULL procedure pointers and type PoolTag, mapped to native type internally; data-only ABI, no callable work.",,"Preserve ordinal address, size/layout, storage lifetime and mutable publication; no optimization proposed.",
17,ExFreePool,function,memory_rtl,no_change,ExFreePoolWithTag -> NxPoolPagesFree,"[""ntoskrnl/xb/mm/pool.c:451"", ""ntoskrnl/xb/mm/pool.c:341"", ""ntoskrnl/xb/mm/poolpages.c:249""]","One tagless adapter. Small free validates magic then pushes one class-list entry and decrements live count; page-aligned free scans at most 128 tracking slots and returns/unmaps each page with a TLB invalidation. Those lifetime operations are required; no measured evidence favors new tracking complexity. Checked pool frees also record last-freer attribution, unlike release.",,"Preserve mapping, pins, persistence, page supply, IRQL/lock order, failure unwind and TLB visibility.",
18,ExInitializeReadWriteLock,function,scheduler_objects,no_change,ExInitializeReadWriteLock -> Xbox ERWLOCK; event/semaphore dispatcher waits,"[""ntoskrnl/xb/rwlock.c:30""]",Four counter stores and event/semaphore initialization. These establish the public ERWLOCK state; no allocation or scan to remove.,,"Preserve existing ABI, errors, lifetime and synchronization; no source change recommended.",
19,ExInterlockedAddLargeInteger,function,scheduler_objects,no_change,ExInterlockedAddLargeInteger -> ExInterlockedAddLargeInteger,"[""ntoskrnl/ex/interlocked.c:62""]","Interrupt exclusion and caller spinlock protect the 64-bit read/add/write, returning the old value. UP spinlock helpers already collapse; preserve interrupt state and the three-argument contract.",,"Preserve existing ABI, errors, lifetime and synchronization; no source change recommended.",
20,ExInterlockedAddLargeStatistic,function,scheduler_objects,no_change,ExInterlockedAddLargeStatistic -> i386 fastinterlck_asm.S (UP),"[""ntoskrnl/ex/i386/fastinterlck_asm.S:33""]","Active i386 assembly uses add/adc on UP, with no generic-C stub reached. Two arithmetic instructions and return; carry propagation and current atomicity contract cannot be shortened safely.",,"Preserve existing ABI, errors, lifetime and synchronization; no source change recommended.",
21,ExInterlockedCompareExchange64,function,scheduler_objects,no_change,ExfInterlockedCompareExchange64 -> i386 compiler interlocked intrinsic,"[""ntoskrnl/ex/interlocked.c:540""]",Three pointer arguments are dereferenced into the intrinsic 64-bit compare/exchange. Already one atomic operation; no reusable-work candidate.,,"Preserve existing ABI, errors, lifetime and synchronization; no source change recommended.",
22,ExMutantObjectType,data,scheduler_objects,data,XeExMutantObjectType -> Xbox public object-type data / native type mapping,"[""ntoskrnl/xb/object-types.c:24""]","28-byte Xbox OBJECT_TYPE storage with NULL procedure pointers and type PoolTag, mapped to native type internally; data-only ABI, no callable work.",,"Preserve ordinal address, size/layout, storage lifetime and mutable publication; no optimization proposed.",
23,ExQueryPoolBlockSize,function,memory_rtl,no_change,ExQueryPoolBlockSize in xb/mm/pool.c,"[""ntoskrnl/xb/xbe.c:1037"", ""ntoskrnl/xb/mm/pool.c:460""]",A one-argument adapter supplying a local quota flag. Small-block size is an O(1) header/class lookup; big blocks inspect at most 128 tracked records under lock. Tracking saturation already returns zero for untracked big allocations; do not conceal that limitation with a guessed size.,,"Preserve mapping, pins, persistence, page supply, IRQL/lock order, failure unwind and TLB visibility.",
24,ExQueryNonVolatileSetting,function,io_hal_crypto,no_change,ExQueryNonVolatileSetting -> cached EEPROM load/open,"[""ntoskrnl/xb/xboxkrnl.exe.def:10"", ""ntoskrnl/xb/ordinals.map:58"", ""ntoskrnl/xb/eeprom.c:351"", ""ntoskrnl/xb/eeprom.c:121"", ""ntoskrnl/xb/eeprom.c:200""]",First successful load reads 256 bytes once; warm query scans 24 settings plus at most four section descriptors. Ordinary output zeroing scales with caller length and is required; image/open cache already avoids repeated bus/decryption work.,,Preserve sealed-tail and short-buffer out-parameter rules; failed load/open retries and mutable cached image.,
25,ExReadWriteRefurbInfo,function,io_hal_crypto,no_change,ExReadWriteRefurbInfo -> sector native I/O,"[""ntoskrnl/xb/xboxkrnl.exe.def:32"", ""ntoskrnl/xb/ordinals.map:59"", ""ntoskrnl/xb/refurb.c:84"", ""ntoskrnl/xb/refurb.c:44""]","Allocates 512-byte sector; opens/reads/closes Partition0, writes reopen/write/close. Read-before-write preserves other 496 bytes. Handle/record caching requires lifetime/error contracts; infrequent persistence path merits no change.",,"Preserve exact record size, marker and complete sector bytes/errors.",
26,ExRaiseException,function,scheduler_objects,no_change,RtlRaiseException -> i386 RTL SEH capture / RtlDispatchException,"[""sdk/lib/rtl/i386/except_asm.s:265"", ""sdk/lib/rtl/CMakeLists.txt:167"", ""sdk/lib/rtl/i386/except.c:166""]","Alias to active i386 RtlRaiseException assembly captures registers/context and dispatches SEH; handlers may continue execution. Frame walking and context preservation are required, not redundant wrapper work.",,"Preserve existing ABI, errors, lifetime and synchronization; no source change recommended.",
27,ExRaiseStatus,function,scheduler_objects,no_change,RtlRaiseStatus -> i386 RTL SEH capture / RtlDispatchException,"[""sdk/lib/rtl/i386/except_asm.s:339"", ""sdk/lib/rtl/CMakeLists.txt:167"", ""sdk/lib/rtl/i386/except.c:166""]","Alias to active i386 RtlRaiseStatus builds a noncontinuable record, captures context, dispatches and raises. Error behavior and register preservation preclude a success shortcut.",,"Preserve existing ABI, errors, lifetime and synchronization; no source change recommended.",
28,ExReleaseReadWriteLock,function,scheduler_objects,no_change,"ExReleaseReadWriteLock -> Xbox ERWLOCK / KeWaitForSingleObject, KeSetEvent, KeReleaseSemaphore","[""ntoskrnl/xb/rwlock.c:87"", ""ntoskrnl/ke/wait.c:441"", ""ntoskrnl/ke/eventobj.c:160"", ""ntoskrnl/ke/semphobj.c:54""]",Masked decrement returns immediately when free; otherwise hands ownership to a batch of readers or the next writer. Required wake count and fairness transitions account for the work.,,"Preserve existing ABI, errors, lifetime and synchronization; no source change recommended.",
29,ExSaveNonVolatileSetting,function,io_hal_crypto,no_change,ExSaveNonVolatileSetting -> checksum + SMBus store,"[""ntoskrnl/xb/xboxkrnl.exe.def:36"", ""ntoskrnl/xb/ordinals.map:63"", ""ntoskrnl/xb/eeprom.c:286"", ""ntoskrnl/xb/eeprom.c:260"", ""ntoskrnl/xb/eeprom.c:240""]","Fixed descriptor scan, zero/copy setting, 23-word checksum and four checksum bytes plus setting-byte writes. Skipping unchanged writes changes errors/device transactions; whole-section checksum overlap must retain behavior.",,"Preserve writable indices, partial writes, checksum-before-setting ordering and cache mutation.",
30,ExSemaphoreObjectType,data,scheduler_objects,data,XeExSemaphoreObjectType -> Xbox public object-type data / native type mapping,"[""ntoskrnl/xb/object-types.c:23""]","28-byte Xbox OBJECT_TYPE storage with NULL procedure pointers and type PoolTag, mapped to native type internally; data-only ABI, no callable work.",,"Preserve ordinal address, size/layout, storage lifetime and mutable publication; no optimization proposed.",
31,ExTimerObjectType,data,scheduler_objects,data,XeExTimerObjectType -> Xbox public object-type data / native type mapping,"[""ntoskrnl/xb/object-types.c:25""]","28-byte Xbox OBJECT_TYPE storage with NULL procedure pointers and type PoolTag, mapped to native type internally; data-only ABI, no callable work.",,"Preserve ordinal address, size/layout, storage lifetime and mutable publication; no optimization proposed.",
32,ExfInterlockedInsertHeadList,function,scheduler_objects,no_change,XbExfInterlockedInsertHeadList -> Xbox interrupt-masked intrusive list splice,"[""ntoskrnl/xb/exflist.c:22""]","Masks interrupts, performs one head splice and restores the original enable state; returns the displaced neighbor or NULL. Already constant work with the Xbox two-argument ABI.",,"Preserve existing ABI, errors, lifetime and synchronization; no source change recommended.",
33,ExfInterlockedInsertTailList,function,scheduler_objects,no_change,XbExfInterlockedInsertTailList -> Xbox interrupt-masked intrusive list splice,"[""ntoskrnl/xb/exflist.c:36""]","Masks interrupts, performs one tail splice and restores the original enable state; returns the displaced neighbor or NULL. No redundant allocation or traversal.",,"Preserve existing ABI, errors, lifetime and synchronization; no source change recommended.",
34,ExfInterlockedRemoveHeadList,function,scheduler_objects,no_change,XbExfInterlockedRemoveHeadList -> Xbox interrupt-masked intrusive list splice,"[""ntoskrnl/xb/exflist.c:50""]","Masks interrupts and checks empty before one head unlink, restoring flags. Returning NULL for empty and atomic list linkage are necessary.",,"Preserve existing ABI, errors, lifetime and synchronization; no source change recommended.",
35,FscGetCacheSize,function,memory_rtl,no_change,NxcActiveBlocks,"[""ntoskrnl/xb/mm/cache.c:1686""]","One active-block counter read times four pages; no traversal or allocation. Actual block size is 16 KiB, unlike the stale assigned map comment suggesting 64-KiB blocks.",,"Preserve mapping, pins, persistence, page supply, IRQL/lock order, failure unwind and TLB visibility.",
36,FscInvalidateIdleBlocks,function,memory_rtl,no_change,NxcBlocks / NxcMutex / LRU,"[""ntoskrnl/xb/mm/cache.c:1758""]","One mutex acquisition and bounded 34-slot pass; only clean, idle, nonbusy mapped blocks lose LRU/map validity, and buffers remain allocated. Skipping dirty/pinned/busy blocks is required; an extra index adds mutable metadata to an already tiny scan.",,"Preserve mapping, pins, persistence, page supply, IRQL/lock order, failure unwind and TLB visibility.",
37,FscSetCacheSize,function,memory_rtl,no_change,NxcBlocks -> ExAllocatePoolWithTag / NxcFlushBlock,"[""ntoskrnl/xb/mm/cache.c:1693"", ""ntoskrnl/xb/mm/cache.c:241""]","Rounds pages to 16-KiB blocks and clamps 4..32 active blocks; grows by required buffer allocations and shrinks only idle nonbusy blocks, flushing dirty valid data. Shrink restarts after flush unlocks because the table can change; replacing this restart with a stale cursor risks pins/ownership. Pool scan candidate benefits growth indirectly.",,"Preserve mapping, pins, persistence, page supply, IRQL/lock order, failure unwind and TLB visibility.",
38,HalClearSoftwareInterrupt,function,io_hal_crypto,no_change,PIC HalClearSoftwareInterrupt -> NxkPicSoftIrr,"[""ntoskrnl/xb/xboxkrnl.exe.def:45"", ""ntoskrnl/xb/ordinals.map:40"", ""hal/halx86/pic/pic.c:493""]",Single pending-bit clear; minimal.,,Preserve pending-bit ownership.,
39,HalDisableSystemInterrupt,function,io_hal_crypto,no_change,NxHalDisableSystemInterrupt -> PIC mask,"[""ntoskrnl/xb/xboxkrnl.exe.def:46"", ""ntoskrnl/xb/ordinals.map:41"", ""ntoskrnl/xb/xbe.c:2451"", ""hal/halx86/pic/pic.c:1007""]",IRQ-range adapter; IDR update and two PIC reads/two writes under interrupt exclusion. Hardware mask read/modify/write cannot become unchecked cached value.,,"Preserve software IDR, native IRQ ownership and volatile I/O.",
40,HalDiskCachePartitionCount,data,io_hal_crypto,data,XbExpData_40,"[""ntoskrnl/xb/xboxkrnl.exe.def:47"", ""ntoskrnl/xb/ordinals.map:75"", ""ntoskrnl/xb/gen-exports.py:165""]","Generated zero ULONG_PTR XbExpData_40 scaffold (4 bytes). Direct storage access, no per-export call/scan/allocation.",,Preserve size/alignment/layout/address/content and mutable consumers.,
41,HalDiskModelNumber,data,io_hal_crypto,data,HalDiskModelNumber,"[""ntoskrnl/xb/xboxkrnl.exe.def:48"", ""ntoskrnl/xb/ordinals.map:80"", ""hal/halx86/xbox/hal.c:150""]","8-byte model ANSI_STRING and referenced buffer. Direct storage access, no per-export call/scan/allocation.",,Preserve size/alignment/layout/address/content and mutable consumers.,
42,HalDiskSerialNumber,data,io_hal_crypto,data,HalDiskSerialNumber,"[""ntoskrnl/xb/xboxkrnl.exe.def:49"", ""ntoskrnl/xb/ordinals.map:81"", ""hal/halx86/xbox/hal.c:156""]","8-byte serial ANSI_STRING and referenced buffer. Direct storage access, no per-export call/scan/allocation.",,Preserve size/alignment/layout/address/content and mutable consumers.,
43,HalEnableSystemInterrupt,function,io_hal_crypto,no_change,NxHalEnableSystemInterrupt -> PIC mask/dismiss,"[""ntoskrnl/xb/xboxkrnl.exe.def:50"", ""ntoskrnl/xb/ordinals.map:42"", ""ntoskrnl/xb/xbe.c:2459"", ""hal/halx86/pic/pic.c:957""]","IRQ-range adapter; optional level-dismiss update, IDR change and two mask writes. Native retry dispatch intentionally stays for edge-forced IRQs.",,Preserve mode/native ISR retry and mask/IRQL relationship.,
44,HalGetInterruptVector,function,io_hal_crypto,no_change,XeHalGetInterruptVector -> ISA bus handler/root vector,"[""ntoskrnl/xb/xboxkrnl.exe.def:51"", ""ntoskrnl/xb/ordinals.map:82"", ""ntoskrnl/xb/xbe.c:2710"", ""hal/halx86/legacy/bussupp.c:1639"", ""hal/halx86/pic/pic.c:1265""]","Adapter fills fixed ISA/bus arguments; backend references handler, initializes outputs, validates IRQ and computes vector/IRQL. Direct formula bypasses bus absence/output/error behavior.",,Preserve unsupported IRQ/default outputs and handler references.,
45,HalReadSMBusValue,function,io_hal_crypto,no_change,HalReadSMBusValue -> HalpXboxSmBusTransfer,"[""ntoskrnl/xb/xboxkrnl.exe.def:52"", ""ntoskrnl/xb/ordinals.map:83"", ""ntoskrnl/xb/xbe.c:2725"", ""hal/halx86/xbox/smbus.c:40""]","Read checks output, shifts address and selects width; writes result only on success. Shared backend bounds idle to 65536 polls and each of 50 attempts to 131072 completion polls plus retry stall. Required device access/retry behavior is not optimizable by skipping reads.",,"Preserve port widths/order, status bits, bounded polls/retries/stalls and live errors.",
46,HalReadWritePCISpace,function,io_hal_crypto,no_change,HalReadWritePCISpace -> Type-1 HalpPCIConfig,"[""ntoskrnl/xb/xboxkrnl.exe.def:53"", ""ntoskrnl/xb/ordinals.map:84"", ""ntoskrnl/xb/xbe.c:2470"", ""hal/halx86/legacy/bus/pcibus.c:235"", ""hal/halx86/legacy/bussupp.c:1606"", ""hal/halx86/legacy/bussupp.c:1705""]",Read/write adapter shares lock across validated slot and arbitrary-offset byte/word/dword cycles. Existing width selection handles alignment/tails; larger access batching cannot skip mandatory hardware cycles.,,"Preserve config lock, slot blacklist, offsets/lengths and volatile ordering.",
47,HalRegisterShutdownNotification,function,io_hal_crypto,candidate,HalRegisterShutdownNotification -> NxRegistered/NxPending,"[""ntoskrnl/xb/xboxkrnl.exe.def:54"", ""ntoskrnl/xb/ordinals.map:85"", ""ntoskrnl/xb/shutdown.c:40"", ""ntoskrnl/xb/shutdown.c:31"", ""ntoskrnl/xb/shutdown.c:62""]",Unregister scans registered/pending; new registration separately scans duplicate and priority under spin lock. One full scan can remember insertion while still checking all duplicates.,shutdown_one_scan,Medium: lifecycle-sensitive and low frequency; time benefit may be immaterial.,"{""status"": ""proposed_not_run"", ""structural_bound"": ""Unique registration visits n nodes for duplicate plus p<=n for insertion under spin lock; avoid second p visits."", ""recipe"": ""Actual n0,1,8,64,512 high/low/middle/equal priorities and duplicate storage with changed priority; count n+p ->n and lock-held cycles. Capture callback order; unregister unknown/pending/in callback, late registration, nested power SEH/parking; no duplicate callback/use-after-free. Include negative priorities/LONG_MIN/LONG_MAX and duplicate registrations at every original list position."", ""timing_protocol"": ""Proposed, not run. Actual changed implementation, identical compiler/defines, guest ISO/inputs and xemu128-MiB; at least seven paired alternating-order baseline/candidate trials. Retain every sample; report median and variation. Claim time gain only above variation, otherwise verified work counts. No Docker/build/binary execution in audit.""}"
48,HalRequestSoftwareInterrupt,function,io_hal_crypto,no_change,PIC HalRequestSoftwareInterrupt -> lookup/handler,"[""ntoskrnl/xb/xboxkrnl.exe.def:55"", ""ntoskrnl/xb/ordinals.map:43"", ""hal/halx86/pic/pic.c:467""]","Save IF, disable, set pending bit, invoke eligible software IRQ, restore IF. Exclusion/immediate delivery are required.",,Preserve APC/DPC/IRQL/IF semantics.,
49,HalReturnToFirmware,function,io_hal_crypto,no_change,XeHalReturnToFirmware -> flush/persistence -> HalpXboxPowerAction,"[""ntoskrnl/xb/xboxkrnl.exe.def:56"", ""ntoskrnl/xb/ordinals.map:86"", ""ntoskrnl/xb/xbe.c:561"", ""hal/halx86/xbox/reboot.c:25"", ""ntoskrnl/xb/shutdown.c:62""]","PASSIVE/IF-on path may walk six diagnostic frames, persist launch intent, flush FSDs, drain callbacks and publish handoff. Emergency path bypasses locks. Required durability/lifecycle work outweighs tiny adapter cost.",,"Preserve noreturn, nested-owner SEH/parking, critical region/special APCs and warm-reset handoff.",
50,HalWriteSMBusValue,function,io_hal_crypto,no_change,HalWriteSMBusValue -> HalpXboxSmBusTransfer,"[""ntoskrnl/xb/xboxkrnl.exe.def:57"", ""ntoskrnl/xb/ordinals.map:87"", ""ntoskrnl/xb/xbe.c:2752"", ""hal/halx86/xbox/smbus.c:40""]",Write shifts address/truncates data to selected width. Shared backend bounds idle to 65536 polls and each of 50 attempts to 131072 completion polls plus retry stall. Required device access/retry behavior is not optimizable by skipping reads.,,"Preserve port widths/order, status bits, bounded polls/retries/stalls and live errors.",
51,InterlockedCompareExchange,function,scheduler_objects,no_change,XeInterlockedCompareExchange -> i386 compiler interlocked intrinsic,"[""ntoskrnl/xb/xbe.c:3104""]","Fastcall adapter delegates to one compiler atomic compare/exchange intrinsic and returns the previous value; no scan, allocation or avoidable backend work.",,"Preserve existing ABI, errors, lifetime and synchronization; no source change recommended.",
52,InterlockedDecrement,function,scheduler_objects,no_change,XeInterlockedDecrement -> i386 compiler interlocked intrinsic,"[""ntoskrnl/xb/xbe.c:3108""]",Fastcall adapter performs one atomic decrement and returns the new value. Removing the atomic operation would weaken synchronization.,,"Preserve existing ABI, errors, lifetime and synchronization; no source change recommended.",
53,InterlockedIncrement,function,scheduler_objects,no_change,XeInterlockedIncrement -> i386 compiler interlocked intrinsic,"[""ntoskrnl/xb/xbe.c:3106""]",Fastcall adapter performs one atomic increment and returns the new value; already the primitive required by the ABI.,,"Preserve existing ABI, errors, lifetime and synchronization; no source change recommended.",
54,InterlockedExchange,function,scheduler_objects,no_change,XeInterlockedExchange -> i386 compiler interlocked intrinsic,"[""ntoskrnl/xb/xbe.c:3110""]",Fastcall adapter performs one atomic exchange and returns the old value. No concrete source-level redundant cost.,,"Preserve existing ABI, errors, lifetime and synchronization; no source change recommended.",
55,InterlockedExchangeAdd,function,scheduler_objects,no_change,XeInterlockedExchangeAdd -> i386 compiler interlocked intrinsic,"[""ntoskrnl/xb/xbe.c:3112""]",Fastcall adapter performs one atomic exchange-add and returns the old value; synchronization and wrap behavior must remain.,,"Preserve existing ABI, errors, lifetime and synchronization; no source change recommended.",
56,InterlockedFlushSList,function,scheduler_objects,no_change,ExInterlockedFlushSList -> i386 fastinterlck_asm.S (UP),"[""ntoskrnl/ex/i386/fastinterlck_asm.S:149""]",Active i386 assembly flush uses a CMPXCHG8B retry loop to clear link/depth while preserving sequence handling. Retry is required under interference; do not substitute the incompatible generic adapter.,,"Preserve existing ABI, errors, lifetime and synchronization; no source change recommended.",
57,InterlockedPopEntrySList,function,scheduler_objects,no_change,XeInterlockedPopEntrySList -> Xbox packed SLIST 64-bit CAS,"[""ntoskrnl/xb/xbe.c:1375"", ""ntoskrnl/xb/xbe.c:1367""]",Xbox adapter packs link/depth/sequence into a CMPXCHG8B loop; empty returns immediately. The ordinal-map comment about RTL forwarding is stale: source is inline CAS. ABA sequence and entry lifetime prohibit an unchecked pointer-only pop.,,"Preserve existing ABI, errors, lifetime and synchronization; no source change recommended.",
58,InterlockedPushEntrySList,function,scheduler_objects,no_change,XeInterlockedPushEntrySList -> Xbox packed SLIST 64-bit CAS,"[""ntoskrnl/xb/xbe.c:1396"", ""ntoskrnl/xb/xbe.c:1367""]",Xbox adapter writes Entry->Next and updates the packed header in a CAS loop. Depth and existing push sequence behavior must remain; no broad optimization without contention evidence.,,"Preserve existing ABI, errors, lifetime and synchronization; no source change recommended.",
59,IoAllocateIrp,function,io_hal_crypto,no_change,XeIoAllocateIrp -> IoAllocateIrp/IoInitializeIrp,"[""ntoskrnl/xb/xboxkrnl.exe.def:66"", ""ntoskrnl/xb/ordinals.map:98"", ""ntoskrnl/xb/xbe.c:894"", ""ntoskrnl/io/iomgr/irp.c:638"", ""ntoskrnl/io/iomgr/irp.c:1877""]",FALSE-quota adapter. P/L small/large IRP lookasides already precede pool. Stack sizes 2-8 deliberately reuse eight-stack packets and zero advertised PacketSize; skipping dirty unused bytes changes initialization.,,"Preserve flags/lookaside pairing, stack layout, pool lifetime and zeroing.",
60,IoBuildAsynchronousFsdRequest,function,io_hal_crypto,no_change,IoBuildAsynchronousFsdRequest -> IRP/buffer/MDL,"[""ntoskrnl/xb/xboxkrnl.exe.def:67"", ""ntoskrnl/xb/ordinals.map:101"", ""ntoskrnl/io/iomgr/irp.c:773"", ""ntoskrnl/io/iomgr/irp.c:638""]","One IRP plus buffered Length-byte allocation/write-copy, direct MDL/probe/pins, or pointer-only neither I/O. Flush/shutdown/PNP/power already skip buffer setup. Required asynchronous ownership rules preclude generic direct-buffer shortcut.",,"Preserve major function, probe direction, pins/failure cleanup and IOSB/thread lifetime.",
61,IoBuildDeviceIoControlRequest,function,io_hal_crypto,no_change,IoBuildDeviceIoControlRequest -> method-specific buffers/MDL,"[""ntoskrnl/xb/xboxkrnl.exe.def:68"", ""ntoskrnl/xb/ordinals.map:102"", ""ntoskrnl/io/iomgr/irp.c:904""]",IRP plus METHOD_BUFFERED max input/output buffer and copy; direct method input copy/output pins; METHOD_NEITHER pointers. Thread queueing provides cleanup. No redundant generic buffer operation shown.,,"Preserve method, sizes, probe direction, thread cancellation and all failure cleanup.",
62,IoBuildSynchronousFsdRequest,function,io_hal_crypto,no_change,IoBuildSynchronousFsdRequest -> asynchronous builder + event/queue,"[""ntoskrnl/xb/xboxkrnl.exe.def:69"", ""ntoskrnl/xb/ordinals.map:103"", ""ntoskrnl/io/iomgr/irp.c:1092"", ""ntoskrnl/io/iomgr/irp.c:773""]","Already shares setup then sets event and queues to requestor cancellation list. Event/queue are necessary ownership, not duplicate work.",,Preserve event/IOSB and thread-exit cleanup.,
63,IoCheckShareAccess,function,io_hal_crypto,no_change,IoCheckShareAccess -> FILE_OBJECT/SHARE_ACCESS,"[""ntoskrnl/xb/xboxkrnl.exe.def:70"", ""ntoskrnl/xb/ordinals.map:104"", ""ntoskrnl/io/iomgr/file.c:3520""]","Constant-size access/share bit tests, six compatibility checks and optional counters. FileObject flags are set even before sharing failure. No allocations/scans; minimal.",,"Preserve extension skip, paired ownership and Update/zero-access semantics.",
64,IoCompletionObjectType,data,io_hal_crypto,data,XeIoCompletionObjectType,"[""ntoskrnl/xb/xboxkrnl.exe.def:71"", ""ntoskrnl/xb/ordinals.map:105"", ""ntoskrnl/xb/object-types.c:28""]","28-byte XeIoCompletionObjectType struct, not native POBJECT_TYPE. Direct storage access, no per-export call/scan/allocation.",,Preserve size/alignment/layout/address/content and mutable consumers.,
65,IoCreateDevice,function,io_hal_crypto,no_change,XeIoCreateDevice -> name conversion -> IopCreateDevice(TRUE),"[""ntoskrnl/xb/xboxkrnl.exe.def:72"", ""ntoskrnl/xb/ordinals.map:106"", ""ntoskrnl/xb/xbe.c:841"", ""ntoskrnl/io/iomgr/device.c:1081"", ""sdk/lib/rtl/unicode.c:91""]",Optional one Unicode allocation then native device/extension/VPB/queue and object/driver links. Title provenance matters. Conversion failure currently falls through to unnamed creation; shortcuts need failure equivalence.,,"Preserve title-owned DRIVER_OBJECT bounds, device extension and conversion failure behavior.",
66,IoCreateFile,function,io_hal_crypto,no_change,XeIoCreateFile -> XeTranslateOa -> native file service -> IopCreateFile,"[""ntoskrnl/xb/xboxkrnl.exe.def:73"", ""ntoskrnl/xb/ordinals.map:107"", ""ntoskrnl/xb/xbe.c:1607"", ""ntoskrnl/xb/xbe.c:1205"", ""ntoskrnl/io/iomgr/file.c:3140"", ""sdk/lib/rtl/unicode.c:91"", ""ntoskrnl/xb/strace.h:32"", ""ntoskrnl/io/iomgr/file.c:2665""]","Counted ANSI conversion; drive/pseudo-root prefix builds an ANSI allocation/copy then Unicode allocation, then namespace/share/FSD work. Fusion appears attractive but USHORT overflow and first-allocation fallback alter errors/root interpretation; no unchecked one-allocation path recommended.",,"Preserve -3/-4 pseudo handles, roots/counts, create Options distinction, cleanup and exact failure branches.",
67,IoCreateSymbolicLink,function,io_hal_crypto,no_change,XeIoCreateSymbolicLink -> two conversions -> native link object,"[""ntoskrnl/xb/xboxkrnl.exe.def:74"", ""ntoskrnl/xb/ordinals.map:108"", ""ntoskrnl/xb/xbe.c:2262"", ""ntoskrnl/io/iomgr/symlink.c:23""]",Two Unicode temporaries before object captures name/target; second conversion failure frees first. Namespace caching changes collision/target visibility; infrequent object setup merits no change.,,"Preserve ABI, existing errors, ordering and ownership.",
68,IoDeleteDevice,function,io_hal_crypto,no_change,IoDeleteDevice -> timer cleanup/temporary object/IopUnloadDevice,"[""ntoskrnl/xb/xboxkrnl.exe.def:75"", ""ntoskrnl/xb/ordinals.map:109"", ""ntoskrnl/io/iomgr/device.c:1353""]","Stops/frees optional timer, publishes internal/title DeletePending and unloads after ReferenceCount zero. Required deferred ownership work.",,Preserve cancellation/DeletePending and outstanding device lifetime.,
69,IoDeleteSymbolicLink,function,io_hal_crypto,no_change,XeIoDeleteSymbolicLink -> conversion/open/make-temporary/close,"[""ntoskrnl/xb/xboxkrnl.exe.def:76"", ""ntoskrnl/xb/ordinals.map:110"", ""ntoskrnl/xb/xbe.c:2282"", ""ntoskrnl/io/iomgr/symlink.c:94""]",One conversion allocation plus mandatory namespace lookup/lifetime; wrapper is small.,,"Preserve ABI, existing errors, ordering and ownership.",
70,IoDeviceObjectType,data,io_hal_crypto,data,XeIoDeviceObjectType,"[""ntoskrnl/xb/xboxkrnl.exe.def:77"", ""ntoskrnl/xb/ordinals.map:111"", ""ntoskrnl/xb/object-types.c:27""]","28-byte XeIoDeviceObjectType struct. Direct storage access, no per-export call/scan/allocation.",,Preserve size/alignment/layout/address/content and mutable consumers.,
71,IoFileObjectType,data,io_hal_crypto,data,XeIoFileObjectType,"[""ntoskrnl/xb/xboxkrnl.exe.def:78"", ""ntoskrnl/xb/ordinals.map:112"", ""ntoskrnl/xb/object-types.c:26""]","28-byte XeIoFileObjectType struct. Direct storage access, no per-export call/scan/allocation.",,Preserve size/alignment/layout/address/content and mutable consumers.,
72,IoFreeIrp,function,io_hal_crypto,no_change,IoFreeIrp -> P/L lookaside or pool,"[""ntoskrnl/xb/xboxkrnl.exe.def:79"", ""ntoskrnl/xb/ordinals.map:113"", ""ntoskrnl/io/iomgr/irp.c:1689""]","Uses allocation flags, depth checks, quota float/accounting; already reuses fixed-size packets. Generic direct pool free breaks pairing.",,Preserve packet allocator pairing and thread/completion ownership.,
73,IoInitializeIrp,function,io_hal_crypto,no_change,IoInitializeIrp -> zero + header/stack/list,"[""ntoskrnl/xb/xboxkrnl.exe.def:80"", ""ntoskrnl/xb/ordinals.map:114"", ""ntoskrnl/io/iomgr/irp.c:1877""]",Zeroes all PacketSize bytes then installs header/stack/APC environment/thread list. Skipping unused bytes changes caller-visible initialization.,,"Preserve ABI, existing errors, ordering and ownership.",
74,IoInvalidDeviceRequest,function,io_hal_crypto,no_change,IoInvalidDeviceRequest constant error,"[""ntoskrnl/xb/xboxkrnl.exe.def:81"", ""ntoskrnl/xb/ordinals.map:115"", ""ntoskrnl/xb/xbe.c:871""]",Only returns STATUS_INVALID_DEVICE_REQUEST; intentionally does not complete or mutate IRP. Minimal.,,Do not complete caller-owned IRP as optimization.,
75,IoQueryFileInformation,function,io_hal_crypto,no_change,XeIoQueryFileInformation -> IopQueryDeviceInformation,"[""ntoskrnl/xb/xboxkrnl.exe.def:82"", ""ntoskrnl/xb/ordinals.map:116"", ""ntoskrnl/xb/xbe.c:772"", ""ntoskrnl/io/iomgr/iofunc.c:1291"", ""ntoskrnl/io/iomgr/iofunc.c:669""]","Only three classes accepted; class fixes length regardless of caller Length. Shared query references/locks file, allocates IRP, supplies caller system buffer, dispatches and waits pending. Local object-field shortcut bypasses title FSDs.",,"Preserve class/length policy, nonoptional ReturnedLength and pending/file-lock lifetime.",
76,IoQueryVolumeInformation,function,io_hal_crypto,no_change,XeIoQueryVolumeInformation -> IopQueryDeviceInformation,"[""ntoskrnl/xb/xboxkrnl.exe.def:83"", ""ntoskrnl/xb/ordinals.map:117"", ""ntoskrnl/xb/xbe.c:806"", ""ntoskrnl/io/iomgr/iofunc.c:1311"", ""ntoskrnl/io/iomgr/iofunc.c:669""]","Four volume classes accepted; caller Length passes unchanged. Shared query references/locks file, allocates IRP, supplies caller system buffer, dispatches and waits pending. Local object-field shortcut bypasses title FSDs.",,"Preserve class/length policy, nonoptional ReturnedLength and pending/file-lock lifetime.",
77,IoQueueThreadIrp,function,io_hal_crypto,no_change,IoQueueThreadIrp -> IopQueueIrpToThread,"[""ntoskrnl/xb/xboxkrnl.exe.def:84"", ""ntoskrnl/xb/ordinals.map:118"", ""ntoskrnl/io/iomgr/irp.c:1977"", ""ntoskrnl/include/internal/io_x.h:49""]",One wrapper around insertion into Thread->IrpList while a guarded region disables special kernel APCs against completion. No allocation/scan or IRQL raise in inline backend; queueing is required ownership.,,Preserve special-APC exclusion and thread cancellation/exit cleanup.,
78,IoRemoveShareAccess,function,io_hal_crypto,no_change,IoRemoveShareAccess -> FILE_OBJECT/SHARE_ACCESS,"[""ntoskrnl/xb/xboxkrnl.exe.def:85"", ""ntoskrnl/xb/ordinals.map:119"", ""ntoskrnl/io/iomgr/file.c:3608""]",Constant-size access checks and seven counter subtractions. No allocations/scans; minimal.,,"Preserve extension skip, paired ownership and Update/zero-access semantics.",
79,IoSetIoCompletion,function,io_hal_crypto,no_change,XeIoSetIoCompletion -> mini packet lookaside/KeInsertQueue,"[""ntoskrnl/xb/xboxkrnl.exe.def:86"", ""ntoskrnl/xb/ordinals.map:120"", ""ntoskrnl/xb/xbe.c:2699"", ""ntoskrnl/io/iomgr/iocomp.c:147""]","FALSE-quota adapter; P/L lookaside before pool, fills one independent packet then enqueues. Reusing one outstanding packet is invalid.",,"Preserve wakeups, packet lifetime and resource failure.",
80,IoSetShareAccess,function,io_hal_crypto,no_change,IoSetShareAccess -> FILE_OBJECT/SHARE_ACCESS,"[""ntoskrnl/xb/xboxkrnl.exe.def:87"", ""ntoskrnl/xb/ordinals.map:121"", ""ntoskrnl/io/iomgr/file.c:3647""]",Constant-size access flags and initial counters/zero stores. No allocations/scans; minimal.,,"Preserve extension skip, paired ownership and Update/zero-access semantics.",
81,IoStartNextPacket,function,io_hal_crypto,no_change,XeIoStartNextPacket -> native device queue/StartIo,"[""ntoskrnl/xb/xboxkrnl.exe.def:88"", ""ntoskrnl/xb/ordinals.map:122"", ""ntoskrnl/xb/xbe.c:880"", ""ntoskrnl/io/iomgr/device.c:1983""]",FALSE-cancelable FIFO/deferred native start. Adapter adds no allocation/copy.,,"Preserve key/FIFO/deferred ordering, CurrentIrp and mutable StartIo callback.",
82,IoStartNextPacketByKey,function,io_hal_crypto,no_change,XeIoStartNextPacketByKey -> native device queue/StartIo,"[""ntoskrnl/xb/xboxkrnl.exe.def:89"", ""ntoskrnl/xb/ordinals.map:123"", ""ntoskrnl/xb/xbe.c:887"", ""ntoskrnl/io/iomgr/device.c:1953""]",FALSE-cancelable keyed/deferred native start. Adapter adds no allocation/copy.,,"Preserve key/FIFO/deferred ordering, CurrentIrp and mutable StartIo callback.",
83,IoStartPacket,function,io_hal_crypto,no_change,XeIoStartPacket -> native device queue/StartIo,"[""ntoskrnl/xb/xboxkrnl.exe.def:90"", ""ntoskrnl/xb/ordinals.map:124"", ""ntoskrnl/xb/xbe.c:901"", ""ntoskrnl/io/iomgr/device.c:2012""]",NULL cancellation routine; native raises IRQL/queues/starts first packet. Adapter adds no allocation/copy.,,"Preserve key/FIFO/deferred ordering, CurrentIrp and mutable StartIo callback.",
84,IoSynchronousDeviceIoControlRequest,function,io_hal_crypto,no_change,XeIoSynchronousDeviceIoControlRequest -> builder/XbIoAwaitRequest,"[""ntoskrnl/xb/xboxkrnl.exe.def:91"", ""ntoskrnl/xb/ordinals.map:125"", ""ntoskrnl/xb/xbe.c:949"", ""ntoskrnl/xb/xbe.c:912"", ""ntoskrnl/io/iomgr/irp.c:904""]","Stack event/IOSB plus builder, one driver call and wait only for pending. IOCTL also copies Information to returned length. Already small; removing wait/event loses pending completion lifetime.",,"Preserve builder failures, dispatch/completion status and stack event/IOSB ownership.",
85,IoSynchronousFsdRequest,function,io_hal_crypto,no_change,XeIoSynchronousFsdRequest -> builder/XbIoAwaitRequest,"[""ntoskrnl/xb/xboxkrnl.exe.def:92"", ""ntoskrnl/xb/ordinals.map:126"", ""ntoskrnl/xb/xbe.c:928"", ""ntoskrnl/xb/xbe.c:912"", ""ntoskrnl/io/iomgr/irp.c:1092""]","Stack event/IOSB plus builder, one driver call and wait only for pending. IOCTL also copies Information to returned length. Already small; removing wait/event loses pending completion lifetime.",,"Preserve builder failures, dispatch/completion status and stack event/IOSB ownership.",
86,IofCallDriver,function,io_hal_crypto,no_change,IofCallDriver -> mutable MajorFunction callback,"[""ntoskrnl/xb/xboxkrnl.exe.def:93"", ""ntoskrnl/xb/ordinals.map:127"", ""ntoskrnl/io/iomgr/irp.c:1281""]","Decrements/validates stack, stores target device then indirect dispatch. Mandatory mutable table; bypass loses title hooks.",,Preserve stack exhaustion bugcheck and stack/callback visibility.,
87,IofCompleteRequest,function,io_hal_crypto,no_change,IofCompleteRequest -> completion callbacks/MDL/deferred/APC,"[""ntoskrnl/xb/xboxkrnl.exe.def:94"", ""ntoskrnl/xb/ordinals.map:128"", ""ntoskrnl/io/iomgr/irp.c:1331"", ""ntoskrnl/io/iomgr/irp.c:1410"", ""ntoskrnl/io/iomgr/irp.c:1554""]","Walks consumed stack for error/pending/callback state, respects MORE_PROCESSING_REQUIRED; handles associated/paging IRPs, MDL unlocks, and deferred/APC completion. Work manages independent lifetime; no safe generic bypass.",,"Preserve cancellation, SG callback cleanup, pins, pending and callbacks retaining IRP.",
88,KdDebuggerEnabled,data,scheduler_objects,data,KdDebuggerEnabled -> Data storage (no executable export),"[""ntoskrnl/xb/kd-release-stubs.c:24"", ""ntoskrnl/ntos.cmake:472""]",DBG=0 release storage is FALSE; debugger protocol is unlinked by ntos.cmake and this variable has no callable cost. Checked DBG=1 instead links mutable KD64 globals at ntoskrnl/kd64/kddata.c:82.,,"Preserve ordinal address, size/layout, storage lifetime and mutable publication; no optimization proposed.",
89,KdDebuggerNotPresent,data,scheduler_objects,data,KdDebuggerNotPresent -> Data storage (no executable export),"[""ntoskrnl/xb/kd-release-stubs.c:25"", ""ntoskrnl/ntos.cmake:472""]","DBG=0 release storage is TRUE, expressing no attached debugger; data-only export, no callable cost. Checked DBG=1 instead links mutable KD64 globals at ntoskrnl/kd64/kddata.c:81.",,"Preserve ordinal address, size/layout, storage lifetime and mutable publication; no optimization proposed.",
90,IoDismountVolume,function,io_hal_crypto,no_change,XeIoDismountVolume -> title hook or named FSCTL,"[""ntoskrnl/xb/xboxkrnl.exe.def:97"", ""ntoskrnl/xb/ordinals.map:129"", ""ntoskrnl/xb/xbe.c:2544"", ""ntoskrnl/xb/xbe.c:2493""]",Title path is one callback. Native fallback queries name into bounded stack buffer then opens/sends FSCTL/closes. No-volume/name-query fallback success is deliberate; direct unchecked FSD shortcut changes identity/errors.,,"Preserve ABI, existing errors, ordering and ownership.",
91,IoDismountVolumeByName,function,io_hal_crypto,no_change,XeIoDismountVolumeByName -> conversion/native FSCTL,"[""ntoskrnl/xb/xboxkrnl.exe.def:98"", ""ntoskrnl/xb/ordinals.map:130"", ""ntoskrnl/xb/xbe.c:2516"", ""ntoskrnl/xb/xbe.c:2493""]","One Unicode allocation, open/FSCTL/close. Successful name resolution intentionally ignores FSCTL error; handle cache alters lifetime/error behavior.",,"Preserve ABI, existing errors, ordering and ownership.",
92,KeAlertResumeThread,function,scheduler_objects,no_change,KeAlertResumeThread -> Native thread state + UP dispatcher/APC exclusion,"[""ntoskrnl/ke/thrdobj.c:124"", ""ntoskrnl/include/internal/ke_x.h:157"", ""ntoskrnl/ke/wait.c:222""]","APC exclusion and dispatcher coordination atomically alert a thread and decrement suspend count, waking the suspend semaphore only at zero with no freeze. Constant bookkeeping is required.",,"Preserve existing ABI, errors, lifetime and synchronization; no source change recommended.",
93,KeAlertThread,function,scheduler_objects,no_change,KeAlertThread -> Native thread state + UP dispatcher/APC exclusion,"[""ntoskrnl/ke/thrdobj.c:176"", ""ntoskrnl/include/internal/ke_x.h:157"", ""ntoskrnl/ke/wait.c:222""]",APC exclusion coordinates alert bits with an alertable wait and mode; wakes or records the alert. Existing alerted case is checked; unlocked early checks could lose an alert.,,"Preserve existing ABI, errors, lifetime and synchronization; no source change recommended.",
94,KeBoostPriorityThread,function,scheduler_objects,no_change,KeBoostPriorityThread -> Native thread state + UP dispatcher/APC exclusion,"[""ntoskrnl/ke/thrdobj.c:220"", ""ntoskrnl/include/internal/ke_x.h:157"", ""ntoskrnl/ke/wait.c:222""]",Dispatcher/thread coordination caps a base-relative boost below realtime and avoids changing already-boosted threads. Quantum and ready-list changes are required scheduler semantics.,,"Preserve existing ABI, errors, lifetime and synchronization; no source change recommended.",
95,KeBugCheck,function,scheduler_objects,no_change,KeBugCheck -> KeBugCheckWithTf terminal diagnostic backend,"[""ntoskrnl/ke/bug.c:1477"", ""ntoskrnl/ke/bug.c:744""]","Thin wrapper into KeBugCheckWithTf with zero parameters. Terminal diagnostic/stop work is correctness behavior, not a throughput target.",,"Preserve existing ABI, errors, lifetime and synchronization; no source change recommended.",
96,KeBugCheckEx,function,scheduler_objects,no_change,KeBugCheckEx -> KeBugCheckWithTf terminal diagnostic backend,"[""ntoskrnl/ke/bug.c:1456"", ""ntoskrnl/ke/bug.c:744""]",Thin wrapper preserves all four parameters into KeBugCheckWithTf; it records state and terminates. Do not convert fatal behavior into a no-op.,,"Preserve existing ABI, errors, lifetime and synchronization; no source change recommended.",
97,KeCancelTimer,function,scheduler_objects,no_change,KeCancelTimer -> Native timer buckets / due-time and expiry dispatcher,"[""ntoskrnl/ke/timerobj.c:206"", ""ntoskrnl/ke/timerobj.c:67"", ""ntoskrnl/ke/timerobj.c:117""]",Dispatcher exclusion reads Inserted and removes only a live timer through KxRemoveTreeTimer. Already avoids removal when inactive; expiry/cancellation ordering requires exclusion.,,"Preserve existing ABI, errors, lifetime and synchronization; no source change recommended.",
98,KeConnectInterrupt,function,scheduler_objects,no_change,XeKeConnectInterrupt -> Xbox eight-slot interrupt shadows + native i386 IRQ object,"[""ntoskrnl/xb/interrupt.c:161"", ""ntoskrnl/xb/interrupt.c:44"", ""ntoskrnl/ke/i386/irqobj.c:394""]",Scans at most eight shadows under HIGH_LEVEL; borrowed driver-owned interrupt checks stay at DPC level. Native KeConnectInterrupt owns actual connection. Small bounded lifecycle path does not justify a new registry.,,"Preserve existing ABI, errors, lifetime and synchronization; no source change recommended.",
99,KeDelayExecutionThread,function,scheduler_objects,no_change,"KeDelayExecutionThread -> UP dispatcher / native waits, timer, APC and context switch","[""ntoskrnl/ke/wait.c:306"", ""ntoskrnl/include/internal/ke_x.h:157"", ""ntoskrnl/ke/wait.c:222""]","Required delay loop handles pending APCs, relative/absolute deadline recalculation, timer insertion and context switch; stack-swap setup is already disabled for Xbox. No safe unmeasured wait shortcut.",,"Preserve existing ABI, errors, lifetime and synchronization; no source change recommended.",
100,KeDisconnectInterrupt,function,scheduler_objects,no_change,XeKeDisconnectInterrupt -> Xbox eight-slot interrupt shadows + native i386 IRQ object,"[""ntoskrnl/xb/interrupt.c:181"", ""ntoskrnl/xb/interrupt.c:44"", ""ntoskrnl/ke/i386/irqobj.c:498""]",Eight-slot lookup resolves native state; driver-owned tombstones refuse disconnect even when detached. Native lifecycle and ownership are mandatory; no profitable general rewrite supported.,,"Preserve existing ABI, errors, lifetime and synchronization; no source change recommended.",
101,KeEnterCriticalRegion,function,scheduler_objects,no_change,KeEnterCriticalRegion -> Native APC-disable counter and pending delivery,"[""ntoskrnl/ke/apc.c:653"", ""ntoskrnl/ke/apc.c:302"", ""ntoskrnl/ke/apc.c:814"", ""ntoskrnl/include/internal/ke_x.h:85""]","Decrements current thread KernelApcDisable after a compiler barrier. Leaf cost is required APC inhibition, already minimal.",,"Preserve existing ABI, errors, lifetime and synchronization; no source change recommended.",
102,MmGlobalData,data,memory_rtl,data,32-byte aligned data export,"[""ntoskrnl/xb/sizeddata.c:55""]",Export is an aligned zero-initialized 32-byte placeholder for Xbox-shaped MM internals; there is no callable cost. Must preserve size/address and honest absent contents.,,Data ABI size/address and writable placeholder must remain stable.,
103,KeGetCurrentIrql,function,scheduler_objects,no_change,KeGetCurrentIrql -> Active UP PIC PCR IRQL / pending interrupt dispatcher,"[""hal/halx86/pic/pic.c:327"", ""hal/halx86/pic/pic.c:417""]",Active non-MINIHAL implementation reads PCR Irql. The later MINIHAL PASSIVE constant is inactive. One field read needs no change.,,"Preserve existing ABI, errors, lifetime and synchronization; no source change recommended.",
104,KeGetCurrentThread,function,scheduler_objects,no_change,XeKeGetCurrentThread -> XeKeGetCurrentThread,"[""ntoskrnl/xb/xbe.c:231""]","Returns the current native thread embedded Xbox shadow address; constant PCR/thread access and pointer arithmetic, no lookup table.",,"Preserve existing ABI, errors, lifetime and synchronization; no source change recommended.",
105,KeInitializeApc,function,scheduler_objects,no_change,XeKeInitializeApc -> Xbox title KAPC adapter / native APC insertion + trampolines,"[""ntoskrnl/xb/xbe.c:2797"", ""ntoskrnl/xb/xbe.c:2896"", ""ntoskrnl/xb/xbe.c:2925"", ""ntoskrnl/ke/apc.c:302"", ""ntoskrnl/ke/apc.c:814""]",Writes the 40-byte public KAPC fields and overrides mode/context when no normal routine. Allocation is deferred until insertion; already efficient for initialized-but-unused APCs.,,"Preserve existing ABI, errors, lifetime and synchronization; no source change recommended.",
106,KeInitializeDeviceQueue,function,scheduler_objects,no_change,KeInitializeDeviceQueue -> Native intrusive device queue + Xbox IRQL-only exclusion,"[""ntoskrnl/ke/devqueue.c:22"", ""ntoskrnl/include/internal/ke_x.h:684"", ""ntoskrnl/include/internal/ke_x.h:716""]",Initializes type/size/list/busy in Xbox 12-byte queue; SARCH_XBOX omits the NT spinlock. Necessary structure writes only.,,"Preserve existing ABI, errors, lifetime and synchronization; no source change recommended.",
107,KeInitializeDpc,function,scheduler_objects,no_change,KeInitializeDpc -> Native Xbox KDPC UP queue,"[""ntoskrnl/ke/dpc.c:725"", ""ntoskrnl/ke/dpc.c:687"", ""ntoskrnl/ke/dpc.c:738""]",Delegates to KiInitializeDpc; Xbox branch stamps public structure state and callbacks. No allocation or queue traversal at initialization.,,"Preserve existing ABI, errors, lifetime and synchronization; no source change recommended.",
108,KeInitializeEvent,function,scheduler_objects,no_change,KeInitializeEvent -> Dispatcher event/mutant/semaphore wait and wake,"[""ntoskrnl/ke/eventobj.c:35"", ""ntoskrnl/include/internal/ke_x.h:157"", ""ntoskrnl/ke/wait.c:43""]","Sets event type/size/state and self-links wait list, intentionally leaves unrelated header fields alone. Replacing with full memset would add work and modify observable bytes.",,"Preserve existing ABI, errors, lifetime and synchronization; no source change recommended.",
109,KeInitializeInterrupt,function,scheduler_objects,no_change,XeKeInitializeInterrupt -> Xbox eight-slot interrupt shadows + native i386 IRQ object,"[""ntoskrnl/xb/interrupt.c:101"", ""ntoskrnl/xb/interrupt.c:44"", ""ntoskrnl/ke/i386/irqobj.c:326""]","Allocating lookup scans up to eight occupied plus eight free slots, zeros native storage and invokes native initialization. Occasional lifecycle work preserves the 112-byte public buffer and driver-owned guards.",,"Preserve existing ABI, errors, lifetime and synchronization; no source change recommended.",
110,KeInitializeMutant,function,scheduler_objects,no_change,KeInitializeMutant -> Dispatcher event/mutant/semaphore wait and wake,"[""ntoskrnl/ke/mutex.c:22"", ""ntoskrnl/include/internal/ke_x.h:157"", ""ntoskrnl/ke/wait.c:43""]","Initializes mutant header and, only for InitialOwner, inserts into current thread mutant list under dispatcher exclusion. Ownership tracking cannot be omitted.",,"Preserve existing ABI, errors, lifetime and synchronization; no source change recommended.",
111,KeInitializeQueue,function,scheduler_objects,no_change,KeInitializeQueue -> Native KQUEUE concurrency / packet and waiter lists,"[""ntoskrnl/ke/queue.c:148"", ""ntoskrnl/ke/queue.c:70"", ""ntoskrnl/include/internal/ke_x.h:157""]","Initializes dispatcher/list heads and queue concurrency count, defaulting to processor count. Fixed stores, no allocation.",,"Preserve existing ABI, errors, lifetime and synchronization; no source change recommended.",
112,KeInitializeSemaphore,function,scheduler_objects,no_change,KeInitializeSemaphore -> Dispatcher event/mutant/semaphore wait and wake,"[""ntoskrnl/ke/semphobj.c:22"", ""ntoskrnl/include/internal/ke_x.h:157"", ""ntoskrnl/ke/wait.c:43""]",Initializes dispatcher header/wait list/count/limit. Fixed stores encode semaphore bounds; no scan.,,"Preserve existing ABI, errors, lifetime and synchronization; no source change recommended.",
113,KeInitializeTimerEx,function,scheduler_objects,no_change,KeInitializeTimerEx -> KeInitializeTimerEx,"[""ntoskrnl/ke/timerobj.c:244""]",Initializes timer header/wait list/due time/period with intentionally selective writes. No allocation or timer-table operation.,,"Preserve existing ABI, errors, lifetime and synchronization; no source change recommended.",
114,KeInsertByKeyDeviceQueue,function,scheduler_objects,no_change,KeInsertByKeyDeviceQueue -> Native intrusive device queue + Xbox IRQL-only exclusion,"[""ntoskrnl/ke/devqueue.c:85"", ""ntoskrnl/include/internal/ke_x.h:684"", ""ntoskrnl/include/internal/ke_x.h:716""]","Sorted linked insertion scans O(queue length) for interior keys, but already uses a last-key append shortcut. Public intrusive layout has no index storage; preserve equal-key FIFO before considering extra state.",,"Preserve existing ABI, errors, lifetime and synchronization; no source change recommended.",
115,KeInsertDeviceQueue,function,scheduler_objects,no_change,KeInsertDeviceQueue -> Native intrusive device queue + Xbox IRQL-only exclusion,"[""ntoskrnl/ke/devqueue.c:43"", ""ntoskrnl/include/internal/ke_x.h:684"", ""ntoskrnl/include/internal/ke_x.h:716""]",Queue exclusion via Xbox DPC IRQL helpers and one busy check/list append. Constant work; idle first request is deliberately marked busy without enqueuing.,,"Preserve existing ABI, errors, lifetime and synchronization; no source change recommended.",
116,KeInsertHeadQueue,function,scheduler_objects,no_change,KeInsertHeadQueue -> Native KQUEUE concurrency / packet and waiter lists,"[""ntoskrnl/ke/queue.c:172"", ""ntoskrnl/ke/queue.c:70"", ""ntoskrnl/include/internal/ke_x.h:157""]",Dispatcher exclusion plus shared KiInsertQueue directly hands a packet to an eligible waiter or splices at head. Concurrency/queue counts and waiter priority policy account for the cost.,,"Preserve existing ABI, errors, lifetime and synchronization; no source change recommended.",
117,KeInsertQueue,function,scheduler_objects,no_change,KeInsertQueue -> Native KQUEUE concurrency / packet and waiter lists,"[""ntoskrnl/ke/queue.c:198"", ""ntoskrnl/ke/queue.c:70"", ""ntoskrnl/include/internal/ke_x.h:157""]","Same shared KiInsertQueue backend, tail order. Direct delivery avoids unnecessary queue insertion when a waiter is available; no concrete duplicate work.",,"Preserve existing ABI, errors, lifetime and synchronization; no source change recommended.",
118,KeInsertQueueApc,function,scheduler_objects,candidate,XeKeInsertQueueApc -> Xbox title KAPC adapter / native APC insertion + trampolines,"[""ntoskrnl/xb/xbe.c:2947"", ""ntoskrnl/xb/xbe.c:2896"", ""ntoskrnl/xb/xbe.c:2925"", ""ntoskrnl/ke/apc.c:302"", ""ntoskrnl/ke/apc.c:814""]","Each successful fresh insertion allocates a fixed XBE_APC_SHADOW and frees it on delivery/rundown; rejected duplicate insertion updates both title/shadow arguments. Fixed-size allocation churn is a bounded cache candidate, with strict callback lifetime obligations.",title-apc-shadow-lookaside,medium-high; retained memory/lifecycle and immediate reentrant delivery can invalidate naive recycling. Benefit depends on real APC workload.,"10000 serial same-thread APC deliveries, callback requeue chain, blocked target bursts 1/8/64/256, duplicate inserts, failed insertion and target termination with/without title rundown. Count pool transactions, peak retained blocks, lookaside hits/misses and title callback/delete counts; capped warm serial traffic should avoid repeated pool calls, cold/burst fallback must match ownership. Include allocation OOM and teardown/relaunch. After implementation, execute actual baseline/candidate export paths with identical compiler, xemu configuration, immutable inputs and guest ISO; alternate order for at least seven paired trials, retain all samples and report median/variation. Claim timing improvement only beyond observed variation; otherwise report verified work reduction."
119,KeInsertQueueDpc,function,scheduler_objects,no_change,KeInsertQueueDpc -> Native Xbox KDPC UP queue,"[""ntoskrnl/ke/dpc.c:738"", ""ntoskrnl/ke/dpc.c:687""]","Active Xbox DPC branch uses one HIGH_LEVEL window, Inserted check, tail splice/counters and conditional software interrupt. Already omits SMP targeting and importance scans.",,"Preserve existing ABI, errors, lifetime and synchronization; no source change recommended.",
120,KeInterruptTime,data,scheduler_objects,data,KeInterruptTime -> Data storage (no executable export),"[""ntoskrnl/ke/time.c:24""]","Live KSYSTEM_TIME interrupt counter updated each clock interrupt; volatile high/low/high storage is ABI, not a call to optimize.",,"Preserve ordinal address, size/layout, storage lifetime and mutable publication; no optimization proposed.",
121,KeIsExecutingDpc,function,scheduler_objects,no_change,KeIsExecutingDpc -> Native Xbox KDPC UP queue,"[""ntoskrnl/ke/dpc.c:1030"", ""ntoskrnl/ke/dpc.c:687"", ""ntoskrnl/ke/dpc.c:738""]","Returns current PRCB DpcRoutineActive; constant field read, no synchronization machinery to remove.",,"Preserve existing ABI, errors, lifetime and synchronization; no source change recommended.",
122,KeLeaveCriticalRegion,function,scheduler_objects,no_change,KeLeaveCriticalRegion -> Native APC-disable counter and pending delivery,"[""ntoskrnl/ke/apc.c:679"", ""ntoskrnl/ke/apc.c:302"", ""ntoskrnl/ke/apc.c:814"", ""ntoskrnl/include/internal/ke_x.h:105""]","Barrier plus APC-disable increment, with delivery check only when count reaches zero and APC lists are nonempty. Pending APC dispatch is required, not removable overhead.",,"Preserve existing ABI, errors, lifetime and synchronization; no source change recommended.",
123,KePulseEvent,function,scheduler_objects,no_change,KePulseEvent -> Dispatcher event/mutant/semaphore wait and wake,"[""ntoskrnl/ke/eventobj.c:69"", ""ntoskrnl/include/internal/ke_x.h:157"", ""ntoskrnl/ke/wait.c:43""]",Dispatcher exclusion pulses only relevant waiters then restores nonsignaled state; Wait=TRUE retains lock through the next wait. Wake/list traversal scales with affected threads and is required.,,"Preserve existing ABI, errors, lifetime and synchronization; no source change recommended.",
124,KeQueryBasePriorityThread,function,scheduler_objects,no_change,KeQueryBasePriorityThread -> Native thread state + UP dispatcher/APC exclusion,"[""ntoskrnl/ke/thrdobj.c:52"", ""ntoskrnl/include/internal/ke_x.h:157"", ""ntoskrnl/ke/wait.c:222""]",Thread exclusion snapshots base-priority offset relative to process and honors saturation. UP locking already reduces to IRQL; unchecked caching would miss mutations.,,"Preserve existing ABI, errors, lifetime and synchronization; no source change recommended.",
125,KeQueryInterruptTime,function,scheduler_objects,no_change,XeKeQueryInterruptTime -> Native clock high/low/high consistent snapshots,"[""ntoskrnl/xb/xbe.c:982"", ""ntoskrnl/ke/clock.c:196""]",Thin wrapper reads native interrupt-time high/low/high with consistency retry. Live clock updates prohibit stale cached answers or torn 64-bit reads.,,"Preserve existing ABI, errors, lifetime and synchronization; no source change recommended.",
126,KeQueryPerformanceCounter,function,scheduler_objects,no_change,XeKeQueryPerformanceCounter -> Xbox PM timer frequency and serialized wrap extension,"[""ntoskrnl/xb/xbe.c:1026"", ""ntoskrnl/xb/xbe.c:1007""]","One volatile PM port read plus serialized wrap-extension state. Hardware I/O, 24-bit wrap detection and IRQL transitions are essential; no cached replacement.",,"Preserve existing ABI, errors, lifetime and synchronization; no source change recommended.",
127,KeQueryPerformanceFrequency,function,scheduler_objects,no_change,KeQueryPerformanceFrequency -> Xbox PM timer frequency and serialized wrap extension,"[""ntoskrnl/xb/xbe.c:1031"", ""ntoskrnl/xb/xbe.c:1007""]",Returns the published 3374488-Hz constant in the 64-bit ABI. Leaf constant return is already minimal.,,"Preserve existing ABI, errors, lifetime and synchronization; no source change recommended.",
128,KeQuerySystemTime,function,scheduler_objects,no_change,KeQuerySystemTime -> Native clock high/low/high consistent snapshots,"[""ntoskrnl/ke/clock.c:177"", ""ntoskrnl/ke/clock.c:196""]","Reads shared system time using high/low/high consistency retry; concurrent clock changes require the retry, and no pool allocation is involved.",,"Preserve existing ABI, errors, lifetime and synchronization; no source change recommended.",
129,KeRaiseIrqlToDpcLevel,function,scheduler_objects,no_change,KeRaiseIrqlToDpcLevel -> Active UP PIC PCR IRQL / pending interrupt dispatcher,"[""hal/halx86/pic/pic.c:338"", ""hal/halx86/pic/pic.c:417""]",Reads/writes PCR Irql and returns previous value; already a minimal UP PIC raise helper.,,"Preserve existing ABI, errors, lifetime and synchronization; no source change recommended.",
130,KeRaiseIrqlToSynchLevel,function,scheduler_objects,no_change,KeRaiseIrqlToSynchLevel -> Active UP PIC PCR IRQL / pending interrupt dispatcher,"[""hal/halx86/pic/pic.c:360"", ""hal/halx86/pic/pic.c:417""]",Reads/writes PCR Irql at SYNCH_LEVEL; DBG validation is absent in matched DBG=0 build. No spinlock or port operation on this raise path.,,"Preserve existing ABI, errors, lifetime and synchronization; no source change recommended.",
131,KeReleaseMutant,function,scheduler_objects,no_change,KeReleaseMutant -> Dispatcher event/mutant/semaphore wait and wake,"[""ntoskrnl/ke/mutex.c:98"", ""ntoskrnl/include/internal/ke_x.h:157"", ""ntoskrnl/ke/wait.c:43""]","Dispatcher exclusion validates owner/abandon behavior, updates recursion/state, unlinks final ownership, wakes waiters and restores APC disable. Already constant unless required wake fanout.",,"Preserve existing ABI, errors, lifetime and synchronization; no source change recommended.",
132,KeReleaseSemaphore,function,scheduler_objects,no_change,KeReleaseSemaphore -> Dispatcher event/mutant/semaphore wait and wake,"[""ntoskrnl/ke/semphobj.c:54"", ""ntoskrnl/include/internal/ke_x.h:157"", ""ntoskrnl/ke/wait.c:43""]","Checks semaphore adjustment for limit/overflow under dispatcher exclusion, publishes count and wakes waiters when transitioning from zero. Wait=TRUE lock handoff and precise exceptions must remain.",,"Preserve existing ABI, errors, lifetime and synchronization; no source change recommended.",
133,KeRemoveByKeyDeviceQueue,function,scheduler_objects,no_change,KeRemoveByKeyDeviceQueue -> Native intrusive device queue + Xbox IRQL-only exclusion,"[""ntoskrnl/ke/devqueue.c:199"", ""ntoskrnl/include/internal/ke_x.h:684"", ""ntoskrnl/include/internal/ke_x.h:716""]","Already checks last key to wrap to head, otherwise scans to first qualifying key under queue exclusion. O(n) interior lookup is imposed by intrusive public list without safe extra metadata; no candidate absent workload evidence.",,"Preserve existing ABI, errors, lifetime and synchronization; no source change recommended.",
134,KeRemoveDeviceQueue,function,scheduler_objects,no_change,KeRemoveDeviceQueue -> Native intrusive device queue + Xbox IRQL-only exclusion,"[""ntoskrnl/ke/devqueue.c:155"", ""ntoskrnl/include/internal/ke_x.h:684"", ""ntoskrnl/include/internal/ke_x.h:716""]",One locked head removal or busy-clear when empty. Constant work with required Inserted update.,,"Preserve existing ABI, errors, lifetime and synchronization; no source change recommended.",
135,KeRemoveEntryDeviceQueue,function,scheduler_objects,no_change,KeRemoveEntryDeviceQueue -> Native intrusive device queue + Xbox IRQL-only exclusion,"[""ntoskrnl/ke/devqueue.c:350"", ""ntoskrnl/include/internal/ke_x.h:684"", ""ntoskrnl/include/internal/ke_x.h:716""]","One queue exclusion, Inserted test and direct unlink. No scan; returning prior state and clearing insertion marker are essential.",,"Preserve existing ABI, errors, lifetime and synchronization; no source change recommended.",
136,KeRemoveQueue,function,scheduler_objects,no_change,KeRemoveQueue -> Native KQUEUE concurrency / packet and waiter lists,"[""ntoskrnl/ke/queue.c:238"", ""ntoskrnl/ke/queue.c:70"", ""ntoskrnl/include/internal/ke_x.h:157""]","Tracks previous/current associated queue and concurrency, takes a ready packet directly or installs wait/timer/APC state. Context switch cost is required; cannot replace with polling.",,"Preserve existing ABI, errors, lifetime and synchronization; no source change recommended.",
137,KeRemoveQueueDpc,function,scheduler_objects,no_change,KeRemoveQueueDpc -> Native Xbox KDPC UP queue,"[""ntoskrnl/ke/dpc.c:925"", ""ntoskrnl/ke/dpc.c:687"", ""ntoskrnl/ke/dpc.c:738""]",Active Xbox branch masks interrupts and directly unlinks Inserted DPC/corrects queue depth; already no native DpcData lock path.,,"Preserve existing ABI, errors, lifetime and synchronization; no source change recommended.",
138,KeResetEvent,function,scheduler_objects,no_change,KeResetEvent -> Dispatcher event/mutant/semaphore wait and wake,"[""ntoskrnl/ke/eventobj.c:134"", ""ntoskrnl/include/internal/ke_x.h:157"", ""ntoskrnl/ke/wait.c:43""]",Dispatcher exclusion captures previous state and clears state; constant leaf work plus potentially necessary dispatcher exit.,,"Preserve existing ABI, errors, lifetime and synchronization; no source change recommended.",
139,KeRestoreFloatingPointState,function,scheduler_objects,candidate,KeRestoreFloatingPointState -> i386 NPX hardware state save/restore and nonpaged pool,"[""ntoskrnl/ke/i386/cpu.c:1532"", ""ntoskrnl/ke/i386/cpu.c:1406""]","Validates saved thread/NPX IRQL, restores hardware FPU state and frees two allocations paired with save. Coalescing internal storage can remove one free while keeping validations and full FPU restoration.",combined-fpu-save-allocation,medium; internal ownership change and larger single contiguous pool request can alter fragmentation/failure profile.,"Repeat 1000/10000 save/restore pairs at PASSIVE/APC/DISPATCH and nest depth 1/2/8 while exercising x87/SSE register/control state and a second thread NPX owner. Count nonpaged alloc/free calls (two to one) and allocated/requested bytes including alignment. Inject OOM, fragmented pool and wrong-thread/IRQL diagnostic cases in isolated guests; compare successful state bytewise and error behavior. After implementation, execute actual baseline/candidate export paths with identical compiler, xemu configuration, immutable inputs and guest ISO; alternate order for at least seven paired trials, retain all samples and report median/variation. Claim timing improvement only beyond observed variation; otherwise report verified work reduction."
140,KeResumeThread,function,scheduler_objects,no_change,KeResumeThread -> Native thread state + UP dispatcher/APC exclusion,"[""ntoskrnl/ke/thrdobj.c:388"", ""ntoskrnl/include/internal/ke_x.h:157"", ""ntoskrnl/ke/wait.c:222""]",APC exclusion decrements suspend count and only takes dispatcher handling when the final suspend and freeze counts vanish. Existing inactive fast branch is present.,,"Preserve existing ABI, errors, lifetime and synchronization; no source change recommended.",
141,KeRundownQueue,function,scheduler_objects,no_change,KeRundownQueue -> Native KQUEUE concurrency / packet and waiter lists,"[""ntoskrnl/ke/queue.c:438"", ""ntoskrnl/ke/queue.c:70"", ""ntoskrnl/include/internal/ke_x.h:157""]",Detaches queued entry list in constant work and walks associated threads to clear Queue before dispatcher exit. Per-thread writes are required to avoid dangling ownership.,,"Preserve existing ABI, errors, lifetime and synchronization; no source change recommended.",
142,KeSaveFloatingPointState,function,scheduler_objects,candidate,KeSaveFloatingPointState -> i386 NPX hardware state save/restore and nonpaged pool,"[""ntoskrnl/ke/i386/cpu.c:1406"", ""ntoskrnl/ke/i386/cpu.c:1532""]","Allocates a save-context block and a separate FX_SAVE_AREA plus alignment padding, saves previous owner state, initializes FPU and returns an opaque context. Two allocation transactions are avoidable through one combined allocation; hardware state preservation is mandatory.",combined-fpu-save-allocation,medium; internal ownership change and larger single contiguous pool request can alter fragmentation/failure profile.,"Repeat 1000/10000 save/restore pairs at PASSIVE/APC/DISPATCH and nest depth 1/2/8 while exercising x87/SSE register/control state and a second thread NPX owner. Count nonpaged alloc/free calls (two to one) and allocated/requested bytes including alignment. Inject OOM, fragmented pool and wrong-thread/IRQL diagnostic cases in isolated guests; compare successful state bytewise and error behavior. After implementation, execute actual baseline/candidate export paths with identical compiler, xemu configuration, immutable inputs and guest ISO; alternate order for at least seven paired trials, retain all samples and report median/variation. Claim timing improvement only beyond observed variation; otherwise report verified work reduction."
143,KeSetBasePriorityThread,function,scheduler_objects,no_change,KeSetBasePriorityThread -> Native thread state + UP dispatcher/APC exclusion,"[""ntoskrnl/ke/thrdobj.c:1168"", ""ntoskrnl/include/internal/ke_x.h:157"", ""ntoskrnl/ke/wait.c:222""]","Computes saturation/clamp/base-relative priority and quantum under dispatcher/thread coordination, only moving ready state when priority differs. Arithmetic/queue updates are contract work.",,"Preserve existing ABI, errors, lifetime and synchronization; no source change recommended.",
144,KeSetDisableBoostThread,function,scheduler_objects,no_change,KeSetDisableBoostThread -> Native thread state + UP dispatcher/APC exclusion,"[""ntoskrnl/ke/thrdobj.c:86"", ""ntoskrnl/include/internal/ke_x.h:157"", ""ntoskrnl/ke/wait.c:222""]",Uses atomic bit-test set/reset on DisableBoost and returns old flag. One atomic operation; no worthwhile source-level change.,,"Preserve existing ABI, errors, lifetime and synchronization; no source change recommended.",
145,KeSetEvent,function,scheduler_objects,no_change,KeSetEvent -> Dispatcher event/mutant/semaphore wait and wake,"[""ntoskrnl/ke/eventobj.c:160"", ""ntoskrnl/include/internal/ke_x.h:157"", ""ntoskrnl/ke/wait.c:43""]",Already returns immediately for a signaled notification event with Wait=FALSE. Other cases require dispatcher state/wake consumption and WaitNext handoff; no additional safe unchecked fast path identified.,,"Preserve existing ABI, errors, lifetime and synchronization; no source change recommended.",
146,KeSetEventBoostPriority,function,scheduler_objects,no_change,KeSetEventBoostPriority -> Dispatcher event/mutant/semaphore wait and wake,"[""ntoskrnl/ke/eventobj.c:230"", ""ntoskrnl/include/internal/ke_x.h:157"", ""ntoskrnl/ke/wait.c:43""]","Dispatcher exclusion either marks signaled, handles WaitAll through shared wake logic or directly unlinks/boosts one waiter. Special boost policy and WaitingThread output must stay intact.",,"Preserve existing ABI, errors, lifetime and synchronization; no source change recommended.",
147,KeSetPriorityProcess,function,scheduler_objects,no_change,KeSetPriorityProcess -> Xbox process shadow / native KeSetPriorityThread,"[""ntoskrnl/xb/procobj.c:150"", ""ntoskrnl/ke/thrdobj.c:1311""]","Xbox implementation updates process shadow base and current thread only for 1..15. Other title threads and public ThreadListHead are deliberately missing; this is a correctness divergence, not a speedup opportunity.",,"Existing correctness/behavior limitation identified; optimization must not mask it. Preserve existing ABI, errors, lifetime and synchronization; no source change recommended.",
148,KeSetPriorityThread,function,scheduler_objects,no_change,KeSetPriorityThread -> Native thread state + UP dispatcher/APC exclusion,"[""ntoskrnl/ke/thrdobj.c:1311"", ""ntoskrnl/include/internal/ke_x.h:157"", ""ntoskrnl/ke/wait.c:222""]",Dispatcher/thread coordination changes priority and ready-list position with quantum/boost resets. Existing equality test avoids actual rescheduling; mutable priority cannot be cached outside exclusion.,,"Preserve existing ABI, errors, lifetime and synchronization; no source change recommended.",
149,KeSetTimer,function,scheduler_objects,no_change,KeSetTimer -> Native timer buckets / due-time and expiry dispatcher,"[""ntoskrnl/ke/timerobj.c:282"", ""ntoskrnl/ke/timerobj.c:67"", ""ntoskrnl/ke/timerobj.c:117""]",Only supplies Period=0 to KeSetTimerEx. Wrapper has no redundant scan/allocation to eliminate; shared timer insertion handles cost.,,"Preserve existing ABI, errors, lifetime and synchronization; no source change recommended.",
150,KeSetTimerEx,function,scheduler_objects,no_change,KeSetTimerEx -> Native timer buckets / due-time and expiry dispatcher,"[""ntoskrnl/ke/timerobj.c:295"", ""ntoskrnl/ke/timerobj.c:67"", ""ntoskrnl/ke/timerobj.c:117""]","Cancels existing insertion, computes absolute/relative due time, signals immediate expiry or inserts into ordered timer bucket, and exits dispatcher. Bucket scans are required by current public intrusive structure; preserve deadline/tie/DPC behavior.",,"Preserve existing ABI, errors, lifetime and synchronization; no source change recommended.",
151,KeStallExecutionProcessor,function,scheduler_objects,no_change,KeStallExecutionProcessor -> i386 HAL calibrated delay loop,"[""hal/halx86/generic/systimer.S:353""]",Active i386 HAL stall multiplies requested microseconds by calibrated PCR factor then performs decrement loop; zero exits immediately. Removing iterations weakens minimum-delay hardware contract.,,"Preserve existing ABI, errors, lifetime and synchronization; no source change recommended.",
152,KeSuspendThread,function,scheduler_objects,no_change,KeSuspendThread -> Native thread state + UP dispatcher/APC exclusion,"[""ntoskrnl/ke/thrdobj.c:601"", ""ntoskrnl/include/internal/ke_x.h:157"", ""ntoskrnl/ke/wait.c:222""]","APC exclusion checks maximum suspend count, queues suspend APC only when transitioning into suspended state or adjusts semaphore if APC already present. Required counting and asynchronous suspension, no safe bypass.",,"Preserve existing ABI, errors, lifetime and synchronization; no source change recommended.",
153,KeSynchronizeExecution,function,scheduler_objects,no_change,XeKeSynchronizeExecution -> Xbox eight-slot interrupt shadows + native i386 IRQ object,"[""ntoskrnl/xb/interrupt.c:130"", ""ntoskrnl/xb/interrupt.c:44"", ""ntoskrnl/ke/i386/irqobj.c:584""]","Eight-slot lookup routes through native IRQ synchronization, excludes driver teardown while using borrowed pointer and preserves tombstones. No-shadow direct callback is an existing behavioral limitation, not an optimization to generalize.",,"Existing correctness/behavior limitation identified; optimization must not mask it. Preserve existing ABI, errors, lifetime and synchronization; no source change recommended.",
154,KeSystemTime,data,scheduler_objects,data,KeSystemTime -> Data storage (no executable export),"[""ntoskrnl/ke/time.c:25""]",Live KSYSTEM_TIME wall clock maintained with system-time updates; data-only export must retain published layout.,,"Preserve ordinal address, size/layout, storage lifetime and mutable publication; no optimization proposed.",
155,KeTestAlertThread,function,scheduler_objects,no_change,KeTestAlertThread -> Native thread state + UP dispatcher/APC exclusion,"[""ntoskrnl/ke/thrdobj.c:722"", ""ntoskrnl/include/internal/ke_x.h:157"", ""ntoskrnl/ke/wait.c:222""]",APC exclusion consumes alert flag or marks UserApcPending if user list exists. Required state ordering for alertable waits; no repeated scan or allocation.,,"Preserve existing ABI, errors, lifetime and synchronization; no source change recommended.",
156,KeTickCount,data,scheduler_objects,data,KeTickCount -> Data storage (no executable export),"[""ntoskrnl/ke/clock.c:19""]","Live KSYSTEM_TIME tick counter; ordinal aliases existing native storage, no extra callable adapter.",,"Preserve ordinal address, size/layout, storage lifetime and mutable publication; no optimization proposed.",
157,KeTimeIncrement,data,scheduler_objects,data,KeTimeIncrement -> Data storage (no executable export),"[""ntoskrnl/ke/clock.c:22""]","ULONG nominal clock increment initialized by KeSetTimeIncrement; shared clock contract data, no call cost.",,"Preserve ordinal address, size/layout, storage lifetime and mutable publication; no optimization proposed.",
158,KeWaitForMultipleObjects,function,scheduler_objects,no_change,"KeWaitForMultipleObjects -> UP dispatcher / native waits, timer, APC and context switch","[""ntoskrnl/ke/wait.c:615"", ""ntoskrnl/include/internal/ke_x.h:157"", ""ntoskrnl/ke/wait.c:222""]","O(Count) WaitAny/WaitAll checks and intrusive wait-block setup handle recursion/abandon, timeout and APCs under dispatcher coordination. Xbox stack-swap path is already disabled; mutating wait states forbid a cached signaled shortcut.",,"Preserve existing ABI, errors, lifetime and synchronization; no source change recommended.",
159,KeWaitForSingleObject,function,scheduler_objects,no_change,"KeWaitForSingleObject -> UP dispatcher / native waits, timer, APC and context switch","[""ntoskrnl/ke/wait.c:441"", ""ntoskrnl/include/internal/ke_x.h:157"", ""ntoskrnl/ke/wait.c:222""]",Already satisfies signaled objects or owned mutants without sleeping; otherwise handles APC/timeout/timer/context switch. Preserve WaitNext atomic handoff and late APC delivery.,,"Preserve existing ABI, errors, lifetime and synchronization; no source change recommended.",
160,KfRaiseIrql,function,scheduler_objects,no_change,KfRaiseIrql -> Active UP PIC PCR IRQL / pending interrupt dispatcher,"[""hal/halx86/pic/pic.c:391"", ""hal/halx86/pic/pic.c:417""]",Active PIC helper reads old PCR Irql and stores requested value; no hardware mask writes on raise. MINIHAL stub is inactive.,,"Preserve existing ABI, errors, lifetime and synchronization; no source change recommended.",
161,KfLowerIrql,function,scheduler_objects,no_change,KfLowerIrql -> Active UP PIC PCR IRQL / pending interrupt dispatcher,"[""hal/halx86/pic/pic.c:417""]","Active PIC lower saves flags, disables interrupts, publishes level and dispatches pending software IRQs, including necessary PIC mask writes. Hardware accesses and pending interrupt ownership cannot be skipped.",,"Preserve existing ABI, errors, lifetime and synchronization; no source change recommended.",
162,KiBugCheckData,data,scheduler_objects,data,KiBugCheckData -> Data storage (no executable export),"[""ntoskrnl/ke/bug.c:31""]","Five-word bugcheck parameter storage written by fatal diagnostic backend; exact layout and parameters matter, no callable cost.",,"Preserve ordinal address, size/layout, storage lifetime and mutable publication; no optimization proposed.",
163,KiUnlockDispatcherDatabase,function,scheduler_objects,no_change,"KiExitDispatcher -> UP dispatcher / native waits, timer, APC and context switch","[""ntoskrnl/ke/wait.c:222"", ""ntoskrnl/include/internal/ke_x.h:157""]","Alias reaches KiExitDispatcher: processes deferred ready state, either lowers promptly or switches to already-selected NextThread and delivers pending APCs. UP dispatcher acquire/release already avoids an SMP lock.",,"Preserve existing ABI, errors, lifetime and synchronization; no source change recommended.",
164,LaunchDataPage,data,scheduler_objects,data,LaunchDataPage -> Data storage (no executable export),"[""ntoskrnl/xb/xbe.c:3021""]",Mutable launch-data-page pointer consumed across warm-reset chainload; pointer publication/persistence is required data behavior.,,"Preserve ordinal address, size/layout, storage lifetime and mutable publication; no optimization proposed.",
165,MmAllocateContiguousMemory,function,memory_rtl,no_change,NxkPageSupplyTakeRun / TakeRunRelocate; NxContigTable,"[""ntoskrnl/xb/mm/contig.c:712"", ""ntoskrnl/xb/mm/contig.c:508"", ""ntoskrnl/xb/mm/pagesupply.c:414""]","Unbounded form forwards to Ex; active NXK_MM_PHYS clamps title RAM below 64 MiB and excludes the GPU region for generic requests. Tracking scans/grows a table; the supply already skips failed pages in a descending aligned search and may copy/rehome live frames. Required bounds, zeroing policy, pin immovability, ownership and TLB retargeting outweigh speculative alternate scans; protect/cache alias limitations are existing behavior, not optimization.",,"Preserve mapping, pins, persistence, page supply, IRQL/lock order, failure unwind and TLB visibility.",
166,MmAllocateContiguousMemoryEx,function,memory_rtl,no_change,NxkPageSupplyTakeRun / TakeRunRelocate; NxContigTable,"[""ntoskrnl/xb/mm/contig.c:508"", ""ntoskrnl/xb/mm/pagesupply.c:414"", ""ntoskrnl/xb/mm/pagesupply.c:473""]","Unbounded form forwards to Ex; active NXK_MM_PHYS clamps title RAM below 64 MiB and excludes the GPU region for generic requests. Tracking scans/grows a table; the supply already skips failed pages in a descending aligned search and may copy/rehome live frames. Required bounds, zeroing policy, pin immovability, ownership and TLB retargeting outweigh speculative alternate scans; protect/cache alias limitations are existing behavior, not optimization.",,"Preserve mapping, pins, persistence, page supply, IRQL/lock order, failure unwind and TLB visibility.",
167,MmAllocateSystemMemory,function,memory_rtl,candidate,NxkSysVaAllocate -> NxpSysVaFindHoleLocked; pool fallback,"[""ntoskrnl/xb/mm/api.c:35"", ""ntoskrnl/xb/mm/sysva.c:63"", ""ntoskrnl/xb/mm/sysva.c:100""]",Wrapper attempts the demand-mapped system aperture then falls back to tagged NP pool on NULL. The hole scan redundantly reads absent PDEs per page; candidate skips proven-free spans without changing first-fit or mandatory zeroed backing. Per-page PFN lock transitions are not removed without a latency study.,"[""system_va_absent_pde_skip""]","Low to medium: page-count and PDE-boundary arithmetic; empty small requests already perform few checks, and backing-page zeroing can dominate.","Run the actual baseline and candidate kernel implementation through the exported ordinal in the same release compiler/xemu 128-MiB configuration and immutable guest ISO; at least seven paired trials, alternating order; retain all samples, median and variation. Check exact outputs/state and operation counters first; claim timing improvement only beyond observed variation. No measurements were executed in this read-only audit. Use 1/16/1024/1025/4096-page requests and holes crossing PDE boundaries, fully present fragmentation, and absent spans after occupied regions. Compare exact VA and zero-filled bytes, pool fallback and failure unwind. Count PDE/PTE reads and lock duration. An all-absent 4096-page search performs 4096 baseline PDE occupancy reads versus four PDE-span reads in the proposal; backing work is unchanged."
168,MmClaimGpuInstanceMemory,function,memory_rtl,no_change,NxkPageSupplyTakeSpecific / TakeRunRelocate / Return,"[""ntoskrnl/xb/mm/contig.c:849"", ""ntoskrnl/xb/mm/pagesupply.c:473""]","Query sentinel reads claim state; mutation rounds/clamps at most 16 instance-memory pages, reserving newly claimed PFNs with relocation or returning shrinking pages. Physical GPU window and padding are fixed; no avoidable bulk work beyond required per-page ownership moves. Existing failure reporting/claim semantics must not be replaced with success. XbDbg trace is absent in release; DBG=1 diagnostics add work.",,"Preserve mapping, pins, persistence, page supply, IRQL/lock order, failure unwind and TLB visibility.",
169,MmCreateKernelStack,function,memory_rtl,candidate,ExAllocatePoolWithTag -> NxPoolPagesAlloc,"[""ntoskrnl/xb/mm/api.c:211"", ""ntoskrnl/xb/mm/poolpages.c:146""]","Rounds nonzero stack bytes, allocates tagged pool backing, performs two atomic page counters and returns top-of-stack. Shared pool-window search candidate may reduce allocation scanning; retain stack shape and counter ownership, and do not use movable-stack relocation assumptions.","[""pool_page_scan""]",Low to medium: scan boundary mistakes can change returned VA or false-fail allocation; fast empty-window cases may see no benefit.,"Run the actual baseline and candidate kernel implementation through the exported ordinal in the same release compiler/xemu 128-MiB configuration and immutable guest ISO; at least seven paired trials, alternating order; retain all samples, median and variation. Check exact outputs/state and operation counters first; claim timing improvement only beyond observed variation. No measurements were executed in this read-only audit. Allocate actual pool runs of 1/2/4/16/256/1024 pages; construct dense, alternating, free-prefix-before-blocker and full-window patterns; compare chosen VA/failure and freed-page accounting. Count tested bits/bitmap loads, candidate probes, PFN operations and lock duration. A 4096-page map with occupied every 256th page and Count=256 gives an illustrative source-model 493696 bit checks versus 4096 with conflict skipping; this is a counted algorithm model, not a measured kernel speedup."
170,MmDeleteKernelStack,function,memory_rtl,no_change,ExFreePoolWithTag -> NxPoolPagesFree,"[""ntoskrnl/xb/mm/api.c:240"", ""ntoskrnl/xb/mm/pool.c:341""]","Validates base/limit ordering, rounds their difference, frees the derived tagged base and atomically subtracts two page counters. Required allocation lifetime and per-page unmap/TLB work dominate; adapter is constant-sized. Checked pool frees also record last-freer attribution, unlike release.",,"Preserve mapping, pins, persistence, page supply, IRQL/lock order, failure unwind and TLB visibility.",
171,MmFreeContiguousMemory,function,memory_rtl,no_change,NxpHeapFree -> pin check / persistence clear / supply return; NxkMmFreeRestored,"[""ntoskrnl/xb/mm/contig.c:722"", ""ntoskrnl/xb/mm/contig.c:409"", ""ntoskrnl/xb/mm/persistence.c:147""]","Finds a live tracking entry under NxContigLock, checks every page for pins, then clears persistence and returns the run; pinned free is intentionally inert and tracking survives. Fallback handles restored warm-reset runs. Scans are concrete but adding an index would change concurrency/lifetime metadata without demonstrated frequency.",,"Preserve mapping, pins, persistence, page supply, IRQL/lock order, failure unwind and TLB visibility.",
172,MmFreeSystemMemory,function,memory_rtl,no_change,NxkSysVaFree / ExFreePoolWithTag fallback,"[""ntoskrnl/xb/mm/api.c:54"", ""ntoskrnl/xb/mm/sysva.c:183""]","NULL returns zero; aperture free walks caller-sized PTEs, skips already-free entries, clears mapping, returns each frame and reloads CR3. Fallback frees tagged pool and returns rounded page count. Zero-size/no-mapping flush avoidance needs separate proof and timing; required visibility invalidation is preserved.",,"Preserve mapping, pins, persistence, page supply, IRQL/lock order, failure unwind and TLB visibility.",
173,MmGetPhysicalAddress,function,memory_rtl,no_change,Static aliases / nxmm MmGetPhysicalAddress in xb/mm/fault.c,"[""ntoskrnl/xb/mm/iospace.c:55"", ""ntoskrnl/xb/mm/fault.c:72""]",Range checks return masked KSEG0 RAM PA or identity WC/MMIO PA; all other VAs use active nxmm page-table walker in fault.c. Static shortcuts are already constant-time; caching translations could go stale under relocation/unmap.,,"Preserve mapping, pins, persistence, page supply, IRQL/lock order, failure unwind and TLB visibility.",
174,MmIsAddressValid,function,memory_rtl,no_change,Static windows / ARM3 MmIsAddressValid,"[""ntoskrnl/xb/mm/iospace.c:32"", ""ntoskrnl/mm/ARM3/mmsup.c:174""]","Three range tests shortcut static windows, then walk PTEs for pool/title mappings. No redundant allocation or scan. System-VA aperture shortcut is broad relative to demand mapping and should be treated as an existing correctness concern, not extended by optimization.",,"Preserve mapping, pins, persistence, page supply, IRQL/lock order, failure unwind and TLB visibility.",
175,MmLockUnlockBufferPages,function,memory_rtl,candidate,NxkPageSupplyBeginPinBatch / RecordPin / Pin,"[""ntoskrnl/xb/mm/api.c:76"", ""ntoskrnl/xb/mm/pagesupply.c:290"", ""ntoskrnl/xb/mm/pagesupply.c:295""]","Validates zero/overflow then holds the PFN lock across full-buffer preflight and apply. Preflight accounts for aliases atomically, but BeginPinBatch clears RAM-sized scratch even for one page; touched-PFN cleanup can remove that unrelated cost while retaining two-pass ownership checks. A fixed-page-budget bulk reset on large prefixes avoids an additional large rejection cleanup translation pass; sparse cleanup is not a universal speedup.","[""pin_batch_sparse_cleanup""]","Medium: stale scratch after any rejection violates the next preflight; prove zero-on-entry/exit in all branches. Sparse rejection adds at most the fixed page-budget of extra translations. Large-prefix bulk fallback retains one baseline-sized clear and avoids the extra cleanup walk, but moving the clear and adding mode branches still require timing; no universal speedup is claimed.","Run the actual baseline and candidate kernel implementation through the exported ordinal in the same release compiler/xemu 128-MiB configuration and immutable guest ISO; at least seven paired trials, alternating order; retain all samples, median and variation. Check exact outputs/state and operation counters first; claim timing improvement only beyond observed variation. No measurements were executed in this read-only audit. Use 0/1/2/16/256/4096-page requests; unaligned ends; overflow; invalid first/middle/last page; repeated aliases to one PFN; nested lock/unlock and exact/over-count unlock; sticky overflow and deferred-free unlock. Count batch bytes cleared, translations and PFN-lock duration; expect successful small calls to clear only touched slots (two bytes per clear rather than full RAM-sized scratch); report worst-case rejection overhead too. Compare small sparse and large bulk modes around 32/64/65/128 pages and early/mid/late rejection in a 4096-page request. Large rejected prefixes should perform one full reset and zero cleanup translations; ensure aliased 4096-page prefixes also fall back. Compare lock-held cycles, not only bytes, and tune or reject the 64-page illustrative budget based on crossover. Source checks provide no measured optimum."
176,MmLockUnlockPhysicalPage,function,memory_rtl,no_change,NxkPageSupplyPin,"[""ntoskrnl/xb/mm/api.c:101"", ""ntoskrnl/xb/mm/pagesupply.c:271""]","One PFN-lock pair and O(1) nested count validation/update; invalid/free PFNs are inert, overflow sticky, final unlock may satisfy pending return. Every operation is needed to maintain physical pin lifetime; no fast unlocked path.",,"Preserve mapping, pins, persistence, page supply, IRQL/lock order, failure unwind and TLB visibility.",
177,MmMapIoSpace,function,memory_rtl,no_change,Static PSE RAM/WC/MMIO aliases,"[""ntoskrnl/xb/mm/iospace.c:127"", ""ntoskrnl/include/xb-debug.h:14""]",Zero-length and range branches choose an existing static alias; there is no allocation or mapping loop. Preserve cacheability choice and diagnostic behavior; comments about 64-MiB holes are not a request to alter mappings. XbDbg diagnostics compile away in release and execute in checked builds.,,"Preserve mapping, pins, persistence, page supply, IRQL/lock order, failure unwind and TLB visibility.",
178,MmPersistContiguousMemory,function,memory_rtl,no_change,NxkMmSetPersistentPages / NxkMmQueryRestored,"[""ntoskrnl/xb/mm/contig.c:756"", ""ntoskrnl/xb/mm/persistence.c:108""]","Actual active routine validates a subrange against live or restored allocation, marks whole covering pages and rejects reserved collisions. It is not a no-op despite stale assigned map comment. Linear tracking/run walks support required persistence ownership; warm-reset checksums and publication barriers are outside safe speed shortcuts.",,"Preserve mapping, pins, persistence, page supply, IRQL/lock order, failure unwind and TLB visibility.",
179,MmQueryAddressProtect,function,memory_rtl,no_change,NxVmOwnsAddress -> NxVmQueryAddressProtect,"[""ntoskrnl/xb/mm/api.c:115"", ""ntoskrnl/xb/mm/vm.c:727""]","One range test; owned title addresses read a PTE under NxvMutex and decode protection, static addresses return READWRITE. O(1) query; caching would hide mutable protect state.",,"Preserve mapping, pins, persistence, page supply, IRQL/lock order, failure unwind and TLB visibility.",
180,MmQueryAllocationSize,function,memory_rtl,no_change,NxContigTable / NxkMmQueryRestored,"[""ntoskrnl/xb/mm/contig.c:733"", ""ntoskrnl/xb/mm/persistence.c:130""]","Returns original requested size by exact alias lookup under lock, then maximal restored-run size if no live record. Table scan has no proven hotness; approximate rounded size or unchecked cached state would change semantics.",,"Preserve mapping, pins, persistence, page supply, IRQL/lock order, failure unwind and TLB visibility.",
181,MmQueryStatistics,function,memory_rtl,no_change,NxVm counters / FscGetCacheSize / NxPoolPagesCommitted / NxVmCommittedPagesInRange,"[""ntoskrnl/xb/mm/api.c:152"", ""ntoskrnl/xb/mm/vm.c:862""]","Validates exact 0x24-byte length, reads counters with disjoint cache/stack/pool subtraction, and walks image PTEs to count committed image pages. Already skips absent PDEs. Image pages are mutable; adding an unchecked cached image count would be wrong. No measured reason to add maintained range accounting.",,"Preserve mapping, pins, persistence, page supply, IRQL/lock order, failure unwind and TLB visibility.",
182,MmSetAddressProtect,function,memory_rtl,no_change,NxVmSetAddressProtect,"[""ntoskrnl/xb/mm/iospace.c:77"", ""ntoskrnl/xb/mm/vm.c:744""]",Actual active title-VA path updates mapped accessible PTEs under NxvMutex and invalidates each changed VA; static windows are intentionally inert. It is not globally a no-op despite stale assigned comment. Required protection/cacheability and invalidation semantics must remain.,,"Preserve mapping, pins, persistence, page supply, IRQL/lock order, failure unwind and TLB visibility.",
183,MmUnmapIoSpace,function,memory_rtl,stub,Static window no-op,"[""ntoskrnl/xb/mm/iospace.c:158""]","No-op because mappings are preexisting static PSE windows; no cost to remove. This is an intentional no-op, not a general dynamic-MM unmap implementation.",,"Preserve mapping, pins, persistence, page supply, IRQL/lock order, failure unwind and TLB visibility.",
184,NtAllocateVirtualMemory,function,memory_rtl,no_change,NxVmAllocateVirtualMemory / NxvCommitRange,"[""ntoskrnl/xb/xbe.c:60"", ""ntoskrnl/xb/mm/vm.c:371"", ""ntoskrnl/xb/mm/vm.c:284""]","Active adapter directly selects nxvm, not ARM3 virtual.c. Reservation list searches and insertion are linear; commits eagerly allocate/zero pages and record owners, with fresh-marker cleanup pass and rollback. Per-page work realizes allocation semantics; maintain existing errors/contents and do not apply demand-zero or remove rollback markers as optimization.",,"Preserve mapping, pins, persistence, page supply, IRQL/lock order, failure unwind and TLB visibility.",
185,NtCancelTimer,function,scheduler_objects,no_change,NtCancelTimer -> Executive timer state / APC association and native KTIMER,"[""ntoskrnl/ex/timer.c:252"", ""ntoskrnl/ex/timer.c:518""]","References timer then removes APC association, active-thread timer linkage, DPC/APC/timer insertion and wake-list entries with balanced dereference counts. Cancellation ownership forbids eliding these paths.",,"Preserve existing ABI, errors, lifetime and synchronization; no source change recommended.",
186,NtClearEvent,function,scheduler_objects,no_change,NtClearEvent -> Native typed event handle reference / KEVENT state,"[""ntoskrnl/ex/event.c:65"", ""ntoskrnl/ex/event.c:321"", ""ntoskrnl/ob/obref.c:494""]","One typed handle reference, signal clear and dereference. Reference pins object against close; converting to a bare handle cache would add unsafe lifetime assumptions.",,"Preserve existing ABI, errors, lifetime and synchronization; no source change recommended.",
187,NtClose,function,scheduler_objects,no_change,NtClose -> Native handle-table close/duplicate lifecycle,"[""ntoskrnl/ob/obhandle.c:3459"", ""ntoskrnl/ob/obhandle.c:1762"", ""ntoskrnl/ob/obhandle.c:696""]","Minimal wrapper to ObpCloseHandle; shared close validates/locks entry, evicts pulse cache, invokes close/delete/reference ownership. Per-handle lifecycle work is required.",,"Preserve existing ABI, errors, lifetime and synchronization; no source change recommended.",
188,NtCreateDirectoryObject,function,scheduler_objects,candidate,XeNtCreateDirectoryObject -> Xbox counted ANSI OA translation / native object manager,"[""ntoskrnl/xb/xbe.c:2073"", ""ntoskrnl/xb/xbe.c:1205"", ""ntoskrnl/ob/obdir.c:779""]",Xbox OA translation plus native directory creation/insertion with full access. The shared prefix translation has a temporary ANSI allocation candidate; native namespace ownership must remain.,oa-prefix-scratch,"medium-high; allocator-failure path equivalence is unresolved. This is provisional, below simpler candidates.","Measure actual named create/open exports and ObInsertObject with prefix lengths 0/1/2/255/256/257/65531/65535, drive and pseudo-root -3/-4, empty/null OAs, existing-name OPENIF and collisions. Instrument aOxN scratch alloc/free and Unicode allocations/copy bytes; only selected small prefix case should remove one temporary pair and no Unicode allocation. Compare statuses/handles/root sharing, OOM at both allocation sites, concurrent named opens and stack high-water. After implementation, execute actual baseline/candidate export paths with identical compiler, xemu configuration, immutable inputs and guest ISO; alternate order for at least seven paired trials, retain all samples and report median/variation. Claim timing improvement only beyond observed variation; otherwise report verified work reduction."
189,NtCreateEvent,function,scheduler_objects,candidate,XeNtCreateEvent -> Xbox counted ANSI OA translation / native object manager,"[""ntoskrnl/xb/xbe.c:1554"", ""ntoskrnl/xb/xbe.c:1205"", ""ntoskrnl/ex/event.c:96""]",OA translation/native create then an additional object reference solely to install the DPC pulse cache. This creation-time reference is deliberate: cached pulses avoid pageable Ob at DPC. Shared prefix allocation candidate is separate from cache lifetime.,oa-prefix-scratch,"medium-high; allocator-failure path equivalence is unresolved. This is provisional, below simpler candidates.","Measure actual named create/open exports and ObInsertObject with prefix lengths 0/1/2/255/256/257/65531/65535, drive and pseudo-root -3/-4, empty/null OAs, existing-name OPENIF and collisions. Instrument aOxN scratch alloc/free and Unicode allocations/copy bytes; only selected small prefix case should remove one temporary pair and no Unicode allocation. Compare statuses/handles/root sharing, OOM at both allocation sites, concurrent named opens and stack high-water. After implementation, execute actual baseline/candidate export paths with identical compiler, xemu configuration, immutable inputs and guest ISO; alternate order for at least seven paired trials, retain all samples and report median/variation. Claim timing improvement only beyond observed variation; otherwise report verified work reduction."
190,NtCreateFile,function,io_hal_crypto,no_change,XeNtCreateFile -> XeTranslateOa -> native file service -> IopCreateFile,"[""ntoskrnl/xb/xboxkrnl.exe.def:197"", ""ntoskrnl/xb/ordinals.map:245"", ""ntoskrnl/xb/xbe.c:1627"", ""ntoskrnl/xb/xbe.c:1205"", ""ntoskrnl/io/iomgr/file.c:3890"", ""sdk/lib/rtl/unicode.c:91"", ""ntoskrnl/xb/strace.h:32"", ""ntoskrnl/io/iomgr/file.c:2665""]","Counted ANSI conversion; drive/pseudo-root prefix builds an ANSI allocation/copy then Unicode allocation, then namespace/share/FSD work. Fusion appears attractive but USHORT overflow and first-allocation fallback alter errors/root interpretation; no unchecked one-allocation path recommended.",,"Preserve -3/-4 pseudo handles, roots/counts, create Options distinction, cleanup and exact failure branches.",
191,NtCreateIoCompletion,function,scheduler_objects,candidate,XeNtCreateIoCompletion -> Xbox counted ANSI OA translation / native object manager,"[""ntoskrnl/xb/xbe.c:2674"", ""ntoskrnl/xb/xbe.c:1205"", ""ntoskrnl/io/iomgr/iocomp.c:253""]",OA translation then native completion queue object create with caller access/concurrency. Shared prefixed-name scratch allocation is avoidable; native queue allocation is required.,oa-prefix-scratch,"medium-high; allocator-failure path equivalence is unresolved. This is provisional, below simpler candidates.","Measure actual named create/open exports and ObInsertObject with prefix lengths 0/1/2/255/256/257/65531/65535, drive and pseudo-root -3/-4, empty/null OAs, existing-name OPENIF and collisions. Instrument aOxN scratch alloc/free and Unicode allocations/copy bytes; only selected small prefix case should remove one temporary pair and no Unicode allocation. Compare statuses/handles/root sharing, OOM at both allocation sites, concurrent named opens and stack high-water. After implementation, execute actual baseline/candidate export paths with identical compiler, xemu configuration, immutable inputs and guest ISO; alternate order for at least seven paired trials, retain all samples and report median/variation. Claim timing improvement only beyond observed variation; otherwise report verified work reduction."
192,NtCreateMutant,function,scheduler_objects,candidate,XeNtCreateMutant -> Xbox counted ANSI OA translation / native object manager,"[""ntoskrnl/xb/xbe.c:2316"", ""ntoskrnl/xb/xbe.c:1205"", ""ntoskrnl/ob/oblife.c:1118""]","OA translation, object allocation/initial owner setup and namespace/handle insertion; failed create stays failed without anonymous retry. Shared translation scratch is candidate; preserve named sharing and ownership.",oa-prefix-scratch,"medium-high; allocator-failure path equivalence is unresolved. This is provisional, below simpler candidates.","Measure actual named create/open exports and ObInsertObject with prefix lengths 0/1/2/255/256/257/65531/65535, drive and pseudo-root -3/-4, empty/null OAs, existing-name OPENIF and collisions. Instrument aOxN scratch alloc/free and Unicode allocations/copy bytes; only selected small prefix case should remove one temporary pair and no Unicode allocation. Compare statuses/handles/root sharing, OOM at both allocation sites, concurrent named opens and stack high-water. After implementation, execute actual baseline/candidate export paths with identical compiler, xemu configuration, immutable inputs and guest ISO; alternate order for at least seven paired trials, retain all samples and report median/variation. Claim timing improvement only beyond observed variation; otherwise report verified work reduction."
193,NtCreateSemaphore,function,scheduler_objects,candidate,XeNtCreateSemaphore -> Xbox counted ANSI OA translation / native object manager,"[""ntoskrnl/xb/xbe.c:2385"", ""ntoskrnl/xb/xbe.c:1205"", ""ntoskrnl/ob/oblife.c:1118""]","Validates counts and builds/inserts a real semaphore after OA translation. Shared prefixed-name scratch can be reduced; moving validation before OA would change existing side effects, so do not count as free optimization.",oa-prefix-scratch,"medium-high; allocator-failure path equivalence is unresolved. This is provisional, below simpler candidates.","Measure actual named create/open exports and ObInsertObject with prefix lengths 0/1/2/255/256/257/65531/65535, drive and pseudo-root -3/-4, empty/null OAs, existing-name OPENIF and collisions. Instrument aOxN scratch alloc/free and Unicode allocations/copy bytes; only selected small prefix case should remove one temporary pair and no Unicode allocation. Compare statuses/handles/root sharing, OOM at both allocation sites, concurrent named opens and stack high-water. After implementation, execute actual baseline/candidate export paths with identical compiler, xemu configuration, immutable inputs and guest ISO; alternate order for at least seven paired trials, retain all samples and report median/variation. Claim timing improvement only beyond observed variation; otherwise report verified work reduction."
194,NtCreateTimer,function,scheduler_objects,candidate,XeNtCreateTimer -> Xbox counted ANSI OA translation / native object manager,"[""ntoskrnl/xb/xbe.c:2616"", ""ntoskrnl/xb/xbe.c:1205"", ""ntoskrnl/ex/timer.c:372""]",OA translation then native executive timer creation/initialization. Shared prefixed-name allocation candidate applies; APC/timer state remains native.,oa-prefix-scratch,"medium-high; allocator-failure path equivalence is unresolved. This is provisional, below simpler candidates.","Measure actual named create/open exports and ObInsertObject with prefix lengths 0/1/2/255/256/257/65531/65535, drive and pseudo-root -3/-4, empty/null OAs, existing-name OPENIF and collisions. Instrument aOxN scratch alloc/free and Unicode allocations/copy bytes; only selected small prefix case should remove one temporary pair and no Unicode allocation. Compare statuses/handles/root sharing, OOM at both allocation sites, concurrent named opens and stack high-water. After implementation, execute actual baseline/candidate export paths with identical compiler, xemu configuration, immutable inputs and guest ISO; alternate order for at least seven paired trials, retain all samples and report median/variation. Claim timing improvement only beyond observed variation; otherwise report verified work reduction."
195,NtDeleteFile,function,io_hal_crypto,no_change,XeNtDeleteFile -> XeTranslateOa -> NtDeleteFile/ObOpenObjectByName -> IopParseDevice(DeleteOnly),"[""ntoskrnl/xb/xboxkrnl.exe.def:202"", ""ntoskrnl/xb/ordinals.map:251"", ""ntoskrnl/xb/xbe.c:1689"", ""ntoskrnl/xb/xbe.c:1205"", ""ntoskrnl/io/iomgr/file.c:4319"", ""sdk/lib/rtl/unicode.c:91"", ""ntoskrnl/xb/strace.h:32""]","Counted ANSI conversion; drive/pseudo-root prefix builds an ANSI allocation/copy then Unicode allocation, then namespace/share/FSD work. Fusion appears attractive but USHORT overflow and first-allocation fallback alter errors/root interpretation; no unchecked one-allocation path recommended. Delete native backend builds a dummy-file OPEN_PACKET with DELETE_ON_CLOSE, calls namespace parse and returns parse/FSD final status.",,"Preserve -3/-4 pseudo handles, roots/counts, create Options distinction, cleanup and exact failure branches.",
196,NtDeviceIoControlFile,function,io_hal_crypto,no_change,NtDeviceIoControlFile -> IopDeviceFsIoControl(TRUE),"[""ntoskrnl/xb/xboxkrnl.exe.def:203"", ""ntoskrnl/xb/ordinals.map:252"", ""ntoskrnl/io/iomgr/iofunc.c:1447"", ""ntoskrnl/io/iomgr/iofunc.c:197""]",Thin wrapper into shared handle/event/access/lock/IRP/method-buffer path. Required pending ownership; no redundant wrapper allocation.,,"Preserve method/access, event/APC/completion port and cancellation lifetimes.",
197,NtDuplicateObject,function,scheduler_objects,no_change,XeNtDuplicateObject -> Native handle-table close/duplicate lifecycle,"[""ntoskrnl/xb/xbe.c:2064"", ""ntoskrnl/ob/obhandle.c:1762"", ""ntoskrnl/ob/obhandle.c:696""]",Thin Xbox wrapper calls native duplication for current-process source/target with SAME_ACCESS forced. Native handle allocation/count/close-source ownership cannot be removed.,,"Preserve existing ABI, errors, lifetime and synchronization; no source change recommended.",
198,NtFlushBuffersFile,function,io_hal_crypto,no_change,NtFlushBuffersFile -> FLUSH IRP/shared request,"[""ntoskrnl/xb/xboxkrnl.exe.def:205"", ""ntoskrnl/xb/ordinals.map:254"", ""ntoskrnl/io/iomgr/iofunc.c:1504"", ""ntoskrnl/io/iomgr/iofunc.c:119""]","References file, checks write/append access, locks sync file or allocates local event, allocates/dispatches IRP and waits/finalizes. Dirty-flag cache cannot represent all FSD durability state.",,"Preserve access errors, durability/FSD flush and completion lifetime.",
199,NtFreeVirtualMemory,function,memory_rtl,no_change,NxVmFreeVirtualMemory / NxvDecommitRange,"[""ntoskrnl/xb/xbe.c:63"", ""ntoskrnl/xb/mm/vm.c:526""]","Direct nxvm adapter. Finds a reservation and handles release/split or decommit; frees committed frames, invalidates TLBs and adjusts accounting, skipping missing PT spans. Split-node allocation failure after decommit is an existing observable edge; performance work must not silently change it.",,"Preserve mapping, pins, persistence, page supply, IRQL/lock order, failure unwind and TLB visibility.",
200,NtFsControlFile,function,io_hal_crypto,no_change,XeNtFsControlFile -> native FsControl/shared control(FALSE),"[""ntoskrnl/xb/xboxkrnl.exe.def:207"", ""ntoskrnl/xb/ordinals.map:256"", ""ntoskrnl/xb/xbe.c:1667"", ""ntoskrnl/io/iomgr/iofunc.c:1477"", ""ntoskrnl/io/iomgr/iofunc.c:197"", ""ntoskrnl/xb/strace.h:32""]","Forwards ten arguments; release trace elided, shared control handles IRP/method buffers. No material release adapter overhead.",,Preserve FSD result/IOSB. XbStraceDbg is elided in both matched builds without XB_STRACE; transport cost applies only when both XB_STRACE and DBG enable it.,
201,NtOpenDirectoryObject,function,scheduler_objects,candidate,XeNtOpenDirectoryObject -> Xbox counted ANSI OA translation / native object manager,"[""ntoskrnl/xb/xbe.c:2085"", ""ntoskrnl/xb/xbe.c:1205"", ""ntoskrnl/ob/obdir.c:393""]",OA translation/native open with DIRECTORY_QUERY|TRAVERSE. Shared prefix scratch candidate; lookup must see mutable namespace and exact errors.,oa-prefix-scratch,"medium-high; allocator-failure path equivalence is unresolved. This is provisional, below simpler candidates.","Measure actual named create/open exports and ObInsertObject with prefix lengths 0/1/2/255/256/257/65531/65535, drive and pseudo-root -3/-4, empty/null OAs, existing-name OPENIF and collisions. Instrument aOxN scratch alloc/free and Unicode allocations/copy bytes; only selected small prefix case should remove one temporary pair and no Unicode allocation. Compare statuses/handles/root sharing, OOM at both allocation sites, concurrent named opens and stack high-water. After implementation, execute actual baseline/candidate export paths with identical compiler, xemu configuration, immutable inputs and guest ISO; alternate order for at least seven paired trials, retain all samples and report median/variation. Claim timing improvement only beyond observed variation; otherwise report verified work reduction."
202,NtOpenFile,function,io_hal_crypto,no_change,XeNtOpenFile -> XeTranslateOa -> native file service -> IopCreateFile,"[""ntoskrnl/xb/xboxkrnl.exe.def:209"", ""ntoskrnl/xb/ordinals.map:258"", ""ntoskrnl/xb/xbe.c:1645"", ""ntoskrnl/xb/xbe.c:1205"", ""ntoskrnl/io/iomgr/file.c:4114"", ""sdk/lib/rtl/unicode.c:91"", ""ntoskrnl/xb/strace.h:32"", ""ntoskrnl/io/iomgr/file.c:2665""]","Counted ANSI conversion; drive/pseudo-root prefix builds an ANSI allocation/copy then Unicode allocation, then namespace/share/FSD work. Fusion appears attractive but USHORT overflow and first-allocation fallback alter errors/root interpretation; no unchecked one-allocation path recommended.",,"Preserve -3/-4 pseudo handles, roots/counts, create Options distinction, cleanup and exact failure branches.",
203,NtOpenSymbolicLinkObject,function,scheduler_objects,candidate,XeNtOpenSymbolicLinkObject -> Xbox counted ANSI OA translation / native object manager,"[""ntoskrnl/xb/xbe.c:2097"", ""ntoskrnl/xb/xbe.c:1205"", ""ntoskrnl/ob/oblink.c:841""]",OA translation/native symbolic-link open with query access. Shared prefix scratch candidate; resolve current namespace rather than caching targets.,oa-prefix-scratch,"medium-high; allocator-failure path equivalence is unresolved. This is provisional, below simpler candidates.","Measure actual named create/open exports and ObInsertObject with prefix lengths 0/1/2/255/256/257/65531/65535, drive and pseudo-root -3/-4, empty/null OAs, existing-name OPENIF and collisions. Instrument aOxN scratch alloc/free and Unicode allocations/copy bytes; only selected small prefix case should remove one temporary pair and no Unicode allocation. Compare statuses/handles/root sharing, OOM at both allocation sites, concurrent named opens and stack high-water. After implementation, execute actual baseline/candidate export paths with identical compiler, xemu configuration, immutable inputs and guest ISO; alternate order for at least seven paired trials, retain all samples and report median/variation. Claim timing improvement only beyond observed variation; otherwise report verified work reduction."
204,NtProtectVirtualMemory,function,memory_rtl,no_change,NxVmProtectVirtualMemory,"[""ntoskrnl/xb/xbe.c:1426"", ""ntoskrnl/xb/mm/vm.c:786""]","Direct nxvm adapter. Whole range is validated before changes, then PTEs are rewritten/invalidate under mutex and outputs updated; two passes preserve failure atomicity and NOACCESS transitions. Skipping validation or TLB operations is unsafe.",,"Preserve mapping, pins, persistence, page supply, IRQL/lock order, failure unwind and TLB visibility.",
205,NtPulseEvent,function,scheduler_objects,no_change,XeNtPulseEvent -> Xbox 64-slot DPC pulse cache / native event fallback,"[""ntoskrnl/xb/xbe.c:1587"", ""ntoskrnl/xb/xbe.c:1537"", ""ntoskrnl/xb/xbe.c:1517"", ""ntoskrnl/ob/obhandle.c:1782"", ""ntoskrnl/ke/eventobj.c:69""]",Scans up to 64 event cache slots then calls DPC-safe KePulseEvent or typed native fallback. Bounded scan could be indexed but existing lock-free pointer lifetime/close-reuse deserves correctness review before caching changes; no candidate ranked here.,,"Preserve existing ABI, errors, lifetime and synchronization; no source change recommended.",
206,NtQueueApcThread,function,scheduler_objects,no_change,NtQueueApcThread -> NtQueueApcThreadEx user APC allocation/delivery,"[""ntoskrnl/ps/state.c:653"", ""ntoskrnl/ps/state.c:554"", ""ntoskrnl/ke/apc.c:302"", ""ntoskrnl/ke/apc.c:814""]","Thin entry into NtQueueApcThreadEx; handle reference and fresh quota-tagged KAPC allocation precede user APC insert. Delivery and termination use different free ownership, so do not blindly share title-shadow cache.",,"Preserve existing ABI, errors, lifetime and synchronization; no source change recommended.",
207,NtQueryDirectoryFile,function,io_hal_crypto,no_change,XeNtQueryDirectoryFile -> single-entry FSD query/ANSI fold,"[""ntoskrnl/xb/xboxkrnl.exe.def:214"", ""ntoskrnl/xb/ordinals.map:263"", ""ntoskrnl/xb/xbe.c:2180"", ""ntoskrnl/io/iomgr/iofunc.c:2040""]","Optional mask allocation; native single entry; in-place completed directory-name fold avoids second output buffer. Pending plain calls wait, explicit async/other classes currently retain UTF-16. No caching mutable enumeration state.",,"Known async/class ANSI gap; preserve restart, pending ownership, mask cleanup and IOSB length.",
208,NtQueryDirectoryObject,function,scheduler_objects,no_change,XeNtQueryDirectoryObject -> NT directory enumeration + Xbox ANSI repack,"[""ntoskrnl/xb/xbe.c:2118"", ""ntoskrnl/ob/obdir.c:490""]","Wrapper allocates Length bytes scratch; native NtQueryDirectoryObject additionally allocates sizeof(OBJECT_DIRECTORY_INFORMATION)+Length, zeroes scratch, scans 37 hash buckets from enumeration context and copies Unicode names/type names before Xbox repack folds ANSI names. Two allocations/full result copies are visible, but eliminating one requires an internal supplied-scratch or formatter API with buffer/continuation/error equivalence. Current two-stage capture protects mutable namespace and incompatible layouts; no bounded simple rewrite ranked without targeted enumeration evidence.",,"Preserve existing ABI, errors, lifetime and synchronization; no source change recommended.",
209,NtQueryEvent,function,scheduler_objects,no_change,XeNtQueryEvent -> Native typed event handle reference / KEVENT state,"[""ntoskrnl/xb/xbe.c:2580"", ""ntoskrnl/ex/event.c:321"", ""ntoskrnl/ob/obref.c:494""]",Fixed-class/size adapter into typed event reference/query/dereference. No duplicate allocation; fresh state is required.,,"Preserve existing ABI, errors, lifetime and synchronization; no source change recommended.",
210,NtQueryFullAttributesFile,function,io_hal_crypto,no_change,XeNtQueryFullAttributesFile -> XeTranslateOa -> NtQueryFullAttributesFile/IopQueryAttributesFile -> IopParseDevice(QueryOnly),"[""ntoskrnl/xb/xboxkrnl.exe.def:217"", ""ntoskrnl/xb/ordinals.map:266"", ""ntoskrnl/xb/xbe.c:1678"", ""ntoskrnl/xb/xbe.c:1205"", ""ntoskrnl/io/iomgr/file.c:4152"", ""sdk/lib/rtl/unicode.c:91"", ""ntoskrnl/io/iomgr/file.c:2446""]","Counted ANSI conversion; drive/pseudo-root prefix builds an ANSI allocation/copy then Unicode allocation, then namespace/share/FSD work. Fusion appears attractive but USHORT overflow and first-allocation fallback alter errors/root interpretation; no unchecked one-allocation path recommended. Attribute backend already uses dummy-file QueryOnly OPEN_PACKET and writes caller output directly under SARCH_XBOX, avoiding handle/output-copy overhead.",,"Preserve -3/-4 pseudo handles, roots/counts, create Options distinction, cleanup and exact failure branches.",
211,NtQueryInformationFile,function,io_hal_crypto,no_change,NtQueryInformationFile -> position/FastIo/FSD,"[""ntoskrnl/xb/xboxkrnl.exe.def:218"", ""ntoskrnl/xb/ordinals.map:267"", ""ntoskrnl/io/iomgr/iofunc.c:2353"", ""ntoskrnl/io/iomgr/iofunc.c:2473"", ""ntoskrnl/io/iomgr/iofunc.c:2520""]",Already local synchronous position and optional basic/standard FastIo; remaining classes allocate IRP and sync/local event. Further field shortcuts bypass driver callbacks. SARCH_XBOX excludes desktop probes.,,"Preserve access tables, FastIo false fallback, offsets and pending cleanup.",
212,NtQueryIoCompletion,function,scheduler_objects,no_change,XeNtQueryIoCompletion -> Native completion KQUEUE / packet lookasides,"[""ntoskrnl/xb/xbe.c:2689"", ""ntoskrnl/io/iomgr/iocomp.c:147"", ""ntoskrnl/io/iomgr/iocomp.c:63"", ""ntoskrnl/ke/queue.c:238"", ""ntoskrnl/io/iomgr/iocomp.c:382""]",Fixed-class/size adapter into native completion queue count query. Handle reference pins queue; no redundant copying.,,"Preserve existing ABI, errors, lifetime and synchronization; no source change recommended.",
213,NtQueryMutant,function,scheduler_objects,no_change,XeNtQueryMutant -> Native handle pin / mutant and semaphore state,"[""ntoskrnl/xb/xbe.c:2587"", ""ntoskrnl/ob/obref.c:494"", ""ntoskrnl/ke/mutex.c:98"", ""ntoskrnl/ke/semphobj.c:54"", ""ntoskrnl/ex/mutant.c:224""]",Fixed-class/size adapter into typed mutant state/ownership query. Constant result writes and reference lifetime required.,,"Preserve existing ABI, errors, lifetime and synchronization; no source change recommended.",
214,NtQuerySemaphore,function,scheduler_objects,no_change,XeNtQuerySemaphore -> Native handle pin / mutant and semaphore state,"[""ntoskrnl/xb/xbe.c:2595"", ""ntoskrnl/ob/obref.c:494"", ""ntoskrnl/ke/mutex.c:98"", ""ntoskrnl/ke/semphobj.c:54"", ""ntoskrnl/ex/sem.c:229""]",Fixed-class/size adapter into native semaphore count/limit query. Fresh snapshot and typed reference cannot be cached.,,"Preserve existing ABI, errors, lifetime and synchronization; no source change recommended.",
215,NtQuerySymbolicLinkObject,function,scheduler_objects,no_change,XeNtQuerySymbolicLinkObject -> NT link query + allocation-free ANSI conversion,"[""ntoskrnl/xb/xbe.c:2043"", ""ntoskrnl/ob/oblink.c:913""]","Uses a 128-WCHAR stack buffer, native symbolic-link query then ANSI conversion into caller buffer. Already avoids pool scratch allocation; fixed size limitation is correctness/coverage matter, not a speed claim.",,"Preserve existing ABI, errors, lifetime and synchronization; no source change recommended.",
216,NtQueryTimer,function,scheduler_objects,no_change,XeNtQueryTimer -> Executive timer state / APC association and native KTIMER,"[""ntoskrnl/xb/xbe.c:2648"", ""ntoskrnl/ex/timer.c:252"", ""ntoskrnl/ex/timer.c:518""]",Fixed-class/size adapter into timer state/remaining-time query. Live interrupt-time subtraction and typed reference are required.,,"Preserve existing ABI, errors, lifetime and synchronization; no source change recommended.",
217,NtQueryVirtualMemory,function,memory_rtl,candidate,NxVmQueryVirtualMemory / NxvFindRegion,"[""ntoskrnl/xb/xbe.c:1440"", ""ntoskrnl/xb/mm/vm.c:643""]",Direct nxvm adapter; free-address MBI query repeats the sorted-list search and reserved absent-PDE runs perform avoidable per-page occupancy reads. Candidate retains exact MBI segmentation and mutex ownership without caching mutable state.,"[""vm_query_scan""]",Low to medium: incorrectly conflating NOACCESS with uncommitted pages or overrunning region edges changes MBI segmentation.,"Run the actual baseline and candidate kernel implementation through the exported ordinal in the same release compiler/xemu 128-MiB configuration and immutable guest ISO; at least seven paired trials, alternating order; retain all samples, median and variation. Check exact outputs/state and operation counters first; claim timing improvement only beyond observed variation. No measurements were executed in this read-only audit. Build 0/1/16/256 reservations and query before/between/within/after them. Include 1/1024/4096-page uncommitted regions, mixed commits/protections/cache flags, missing PDEs, NOACCESS, invalid MBI/top addresses, and mutations between calls. Compare full MBI bytes/status and count reservation visits plus PDE/PTE probes. Fully absent 4096-page reservation changes roughly 4096 occupancy probes to four PDE spans; a free query before the last of N regions can remove one repeated N-scale list walk."
218,NtQueryVolumeInformationFile,function,io_hal_crypto,no_change,NtQueryVolumeInformationFile -> device fast path/FSD,"[""ntoskrnl/xb/xboxkrnl.exe.def:225"", ""ntoskrnl/xb/ordinals.map:274"", ""ntoskrnl/io/iomgr/iofunc.c:4283"", ""ntoskrnl/io/iomgr/iofunc.c:4373""]",Already answers eligible device-information locally including mount flag; other classes dispatch IRP. Caching size/attributes hides writes/remounts.,,"Preserve class/access/direct-open rules, mutable device/mount state and lifetime.",
219,NtReadFile,function,io_hal_crypto,no_change,XeNtReadFile -> native FastIo/FSD -> active Cc cache/noncache,"[""ntoskrnl/xb/xboxkrnl.exe.def:226"", ""ntoskrnl/xb/ordinals.map:275"", ""ntoskrnl/xb/xbe.c:1702"", ""ntoskrnl/io/iomgr/iofunc.c:2799"", ""ntoskrnl/io/iomgr/iofunc.c:119"", ""drivers/filesystems/vfatfs/rw.c:605"", ""ntoskrnl/xb/strace.h:32""]","NULL-key adapter, release trace elided. Native refs/event/offset/lock/FastIo and buffered/direct/neither IRP already use deferred completion; FAT cached read calls active CcCopyRead. Ref/pin elimination breaks lifetime.",,"Preserve offsets, empty requests, buffer/events/APC/cancel and shared active NXK_MM_CACHE backend.",
220,NtReadFileScatter,function,io_hal_crypto,no_change,XeNtReadFileScatter -> XbScatterGather/single IRP,"[""ntoskrnl/xb/xboxkrnl.exe.def:227"", ""ntoskrnl/xb/ordinals.map:276"", ""ntoskrnl/xb/scattergather.c:180"", ""ntoskrnl/xb/scattergather.c:62"", ""ntoskrnl/xb/scattergather.c:40"", ""ntoskrnl/io/iomgr/iofunc.c:119""]","Stale map says per-page I/O; active path validates/pins each segment PFN, allocates descriptor and aligned Length+PAGE_SIZE bounce, one IRP/MDL. Read copies only completed non-error bytes to captured pages. O(Length) copy/memory is real, but generic zero-copy needs noncontiguous-MDL/UserBuffer/driver proof.",,"Preserve 4-byte segments, page rounding/validation/overflow, pins, append/offset lock, cancellation and one independent completion.",
221,NtReleaseMutant,function,scheduler_objects,no_change,XeNtReleaseMutant -> Native handle pin / mutant and semaphore state,"[""ntoskrnl/xb/xbe.c:2347"", ""ntoskrnl/ob/obref.c:494"", ""ntoskrnl/ke/mutex.c:98"", ""ntoskrnl/ke/semphobj.c:54""]","One generic handle reference plus owner precheck and native release, avoiding unhandled native exception. Existing code dereferences before reading SignalState on the nonowner path; lifetime/type correctness must be reviewed before optimization.",,"Existing correctness/behavior limitation identified; optimization must not mask it. Preserve existing ABI, errors, lifetime and synchronization; no source change recommended.",
222,NtReleaseSemaphore,function,scheduler_objects,no_change,NtReleaseSemaphore -> Native handle pin / mutant and semaphore state,"[""ntoskrnl/ex/sem.c:302"", ""ntoskrnl/ob/obref.c:494"", ""ntoskrnl/ke/mutex.c:98"", ""ntoskrnl/ke/semphobj.c:54""]","Validates positive count, references typed semaphore and maps overflow exception back to status with balanced dereference. Errors and limits are required, no repeated lookup.",,"Preserve existing ABI, errors, lifetime and synchronization; no source change recommended.",
223,NtRemoveIoCompletion,function,scheduler_objects,no_change,NtRemoveIoCompletion -> Native completion KQUEUE / packet lookasides,"[""ntoskrnl/io/iomgr/iocomp.c:445"", ""ntoskrnl/io/iomgr/iocomp.c:147"", ""ntoskrnl/io/iomgr/iocomp.c:63"", ""ntoskrnl/ke/queue.c:238""]","References completion queue, blocks/removes packet and frees either underlying IRP or mini-packet appropriately; mini-packets already use lookaside caches. Packet contents copied before free, ownership distinctions mandatory.",,"Preserve existing ABI, errors, lifetime and synchronization; no source change recommended.",
224,NtResumeThread,function,scheduler_objects,no_change,NtResumeThread -> Native typed thread reference + Ps/Ke suspend-resume,"[""ntoskrnl/ps/state.c:296"", ""ntoskrnl/ob/obref.c:494"", ""ntoskrnl/ke/thrdobj.c:388"", ""ntoskrnl/ke/thrdobj.c:601""]","Active Xbox branch references thread, resumes once, dereferences and writes prior count without user probe/writeback SEH. Already specialized for ring-zero titles.",,"Preserve existing ABI, errors, lifetime and synchronization; no source change recommended.",
225,NtSetEvent,function,scheduler_objects,no_change,NtSetEvent -> Native typed event handle reference / KEVENT state,"[""ntoskrnl/ex/event.c:469"", ""ntoskrnl/ex/event.c:321"", ""ntoskrnl/ob/obref.c:494""]",One typed event reference followed by KeSetEvent and balanced dereference/output SEH. Core already has signaled-notification fast return; unchecked handle caching unsafe.,,"Preserve existing ABI, errors, lifetime and synchronization; no source change recommended.",
226,NtSetInformationFile,function,io_hal_crypto,no_change,XeNtSetInformationFile -> rename conversion/native set,"[""ntoskrnl/xb/xboxkrnl.exe.def:233"", ""ntoskrnl/xb/ordinals.map:281"", ""ntoskrnl/xb/xbe.c:1994"", ""sdk/lib/rtl/unicode.c:91"", ""ntoskrnl/io/iomgr/iofunc.c:3197""]","Nonrename forwards. Rename allocates Unicode then native inline record, copies name and frees after call. Fusion could remove allocation/copy but distinct NO_MEMORY versus INSUFFICIENT_RESOURCES stages and capture lifetime need proof; defer.",,"Preserve target/root/ReplaceIfExists, invalid lengths, native pending capture and both allocation failure statuses.",
227,NtSetIoCompletion,function,scheduler_objects,no_change,NtSetIoCompletion -> Native completion KQUEUE / packet lookasides,"[""ntoskrnl/io/iomgr/iocomp.c:569"", ""ntoskrnl/io/iomgr/iocomp.c:147"", ""ntoskrnl/io/iomgr/iocomp.c:63"", ""ntoskrnl/ke/queue.c:238""]","One typed queue reference then IoSetIoCompletion, which already tries two existing packet lookasides before pool; enqueues and dereferences. Avoids fresh pool on warm cache, no new duplicate cache needed.",,"Preserve existing ABI, errors, lifetime and synchronization; no source change recommended.",
228,NtSetSystemTime,function,scheduler_objects,no_change,"NtSetSystemTime -> local-time conversion, HAL RTC and KeSetSystemTime","[""ntoskrnl/ex/time.c:463"", ""ntoskrnl/ke/clock.c:31""]","Privilege check, time conversion/RTC update, KeSetSystemTime and previous-time output are functional work; Xbox skips registry time-zone and power notifications. NULL input explicitly returns NOT_IMPLEMENTED, do not invent successful behavior.",,"Preserve existing ABI, errors, lifetime and synchronization; no source change recommended.",
229,NtSetTimerEx,function,scheduler_objects,no_change,XeNtSetTimerEx -> Executive timer state / APC association and native KTIMER,"[""ntoskrnl/xb/xbe.c:2637"", ""ntoskrnl/ex/timer.c:252"", ""ntoskrnl/ex/timer.c:518"", ""ntoskrnl/ex/timer.c:583""]","ABI adapter accepts but ignores ApcMode and uses native NtSetTimer for period checks, cancellation/reassociation and timer setup. Mode divergence is existing limitation; no safe performance rewrite in ownership-heavy setter.",,"Existing correctness/behavior limitation identified; optimization must not mask it. Preserve existing ABI, errors, lifetime and synchronization; no source change recommended.",
230,NtSignalAndWaitForSingleObjectEx,function,scheduler_objects,no_change,NtSignalAndWaitForSingleObjectEx -> Xbox explicit wait mode + referenced native waitables,"[""ntoskrnl/xb/xbe.c:1781"", ""ntoskrnl/ob/obwait.c:465"", ""ntoskrnl/ob/obwait.c:510"", ""ntoskrnl/ob/obwait.c:574"", ""ntoskrnl/ke/wait.c:615""]","Thin wrapper into mode-aware backend references both handles and uses Wait=TRUE signal followed by wait to preserve atomicity, including semaphore/mutant exceptions. Splitting signal/wait for speed is invalid.",,"Preserve existing ABI, errors, lifetime and synchronization; no source change recommended.",
231,NtSuspendThread,function,scheduler_objects,no_change,NtSuspendThread -> Native typed thread reference + Ps/Ke suspend-resume,"[""ntoskrnl/ps/state.c:380"", ""ntoskrnl/ob/obref.c:494"", ""ntoskrnl/ke/thrdobj.c:388"", ""ntoskrnl/ke/thrdobj.c:601""]",References typed thread and delegates to PsSuspendThread with error translation and output handling. Suspension count/termination exclusion must remain; no concrete redundant backend step.,,"Preserve existing ABI, errors, lifetime and synchronization; no source change recommended.",
232,NtUserIoApcDispatcher,function,scheduler_objects,no_change,"NtUserIoApcDispatcher -> DOS status conversion, title completion callback and pending-user-APC marker","[""ntoskrnl/xb/xbe.c:1059""]","Maps completion NTSTATUS to DOS error/byte count, calls requested callback then marks user APC pending. Null callback/IOSB returns immediately. This ordering is observable and required for alertable waits.",,"Preserve existing ABI, errors, lifetime and synchronization; no source change recommended.",
233,NtWaitForSingleObject,function,scheduler_objects,no_change,NtWaitForSingleObject -> Native handle wait + dispatcher,"[""ntoskrnl/ob/obwait.c:375"", ""ntoskrnl/ob/obref.c:494"", ""ntoskrnl/ke/wait.c:441""]","Typed-independent handle reference computes type DefaultObject, waits and dereferences. Native PreviousMode handling and mutant exception translation must remain; no unchecked handle cache.",,"Preserve existing ABI, errors, lifetime and synchronization; no source change recommended.",
234,NtWaitForSingleObjectEx,function,scheduler_objects,no_change,NtWaitForSingleObjectEx -> Xbox explicit wait mode + referenced native waitables,"[""ntoskrnl/xb/xbe.c:1726"", ""ntoskrnl/ob/obwait.c:465"", ""ntoskrnl/ob/obwait.c:510"", ""ntoskrnl/ob/obwait.c:574"", ""ntoskrnl/ke/wait.c:615""]",Minimal explicit-mode wrapper into NxkWaitForSingleObjectMode; one kernel-mode handle reference plus default waitable resolution pins lifetime across KeWait. UserMode alertability must survive.,,"Preserve existing ABI, errors, lifetime and synchronization; no source change recommended.",
235,NtWaitForMultipleObjectsEx,function,scheduler_objects,no_change,NtWaitForMultipleObjectsEx -> Xbox explicit wait mode + referenced native waitables,"[""ntoskrnl/xb/xbe.c:1733"", ""ntoskrnl/ob/obwait.c:465"", ""ntoskrnl/ob/obwait.c:510"", ""ntoskrnl/ob/obwait.c:574"", ""ntoskrnl/ke/wait.c:615""]","Mode-aware backend references Count handles and computes waitables, unwinds partial failures then dereferences all. Existing bug: accepts 1..64 yet passes NULL WaitBlockArray; core bugchecks above THREAD_WAIT_OBJECTS=3. Correctness fix required separately, not an optimization candidate.",,"Existing correctness/behavior limitation identified; optimization must not mask it. Preserve existing ABI, errors, lifetime and synchronization; no source change recommended.",
236,NtWriteFile,function,io_hal_crypto,no_change,XeNtWriteFile -> native FastIo/FSD -> cache/write-through,"[""ntoskrnl/xb/xboxkrnl.exe.def:243"", ""ntoskrnl/xb/ordinals.map:291"", ""ntoskrnl/xb/xbe.c:1715"", ""ntoskrnl/io/iomgr/iofunc.c:3888"", ""ntoskrnl/io/iomgr/iofunc.c:119"", ""drivers/filesystems/vfatfs/rw.c:1118""]",NULL-key adapter. Native writable refs/append-current offsets/events/FastIo plus IRP buffers/MDLs; FAT cached writes use active CcCopyWrite with configured write-through. Eliding writes/flushes is invalid.,,"Preserve append locking, access/share, pins/buffer lifetime and NXK_FATX_WRITE_THROUGH durability.",
237,NtWriteFileGather,function,io_hal_crypto,no_change,XeNtWriteFileGather -> XbScatterGather/single IRP,"[""ntoskrnl/xb/xboxkrnl.exe.def:244"", ""ntoskrnl/xb/ordinals.map:292"", ""ntoskrnl/xb/scattergather.c:183"", ""ntoskrnl/xb/scattergather.c:62"", ""ntoskrnl/xb/scattergather.c:40"", ""ntoskrnl/io/iomgr/iofunc.c:119""]","Stale map says per-page I/O; active path validates/pins each segment PFN, allocates descriptor and aligned Length+PAGE_SIZE bounce, one IRP/MDL. Write snapshots Length bytes to bounce before dispatch. O(Length) copy/memory is real, but generic zero-copy needs noncontiguous-MDL/UserBuffer/driver proof.",,"Preserve 4-byte segments, page rounding/validation/overflow, pins, append/offset lock, cancellation and one independent completion.",
238,NtYieldExecution,function,scheduler_objects,no_change,NtYieldExecution -> NtYieldExecution,"[""ntoskrnl/ke/thrdschd.c:887""]","Already returns STATUS_NO_YIELD_PERFORMED before IRQL raise when no ready summary. Otherwise selects a ready thread, recalculates quantum/priority and context switches; necessary scheduling work.",,"Preserve existing ABI, errors, lifetime and synchronization; no source change recommended.",
239,ObCreateObject,function,scheduler_objects,candidate,XeObCreateObject -> Xbox title callback allocation / XobRememberType,"[""ntoskrnl/xb/obcreate.c:311"", ""ntoskrnl/xb/obcreate.c:113"", ""ntoskrnl/xb/obcreate.c:173"", ""ntoskrnl/ob/obref.c:494"", ""ntoskrnl/xb/obcreate.c:137""]","Title callback allocates header/name/body and XobRememberType then allocates a registry node even if type already known, scans and frees duplicate. Rechecking the monotonic registry before allocating removes repeat alloc/free without altering object callbacks.",known-title-type-allocation,"low-medium; unknown types pay an extra bounded scan, and concurrency still requires second check.","Guest custom type with counting allocate/free/delete procedures: create/dereference 1 and 10000 objects with same type, then 1/8/64 distinct types and two threads racing first registration. Instrument only TObX pool allocations/frees and registry comparisons. Expect repeat known-type registry alloc/free to fall from one pair per create to zero; first unknown registration remains one node. Include callback OOM and registry-allocation failure injection, invalid/missing procedures, named/unnamed bodies 0/4/4096, alignment/overflow characterization. After implementation, execute actual baseline/candidate export paths with identical compiler, xemu configuration, immutable inputs and guest ISO; alternate order for at least seven paired trials, retain all samples and report median/variation. Claim timing improvement only beyond observed variation; otherwise report verified work reduction."
240,ObDirectoryObjectType,data,scheduler_objects,data,XeObDirectoryObjectType -> Xbox public object-type data / native type mapping,"[""ntoskrnl/xb/object-types.c:29""]","28-byte Xbox OBJECT_TYPE storage with NULL procedure pointers and type PoolTag, mapped to native type internally; data-only ABI, no callable work.",,"Preserve ordinal address, size/layout, storage lifetime and mutable publication; no optimization proposed.",
241,ObInsertObject,function,scheduler_objects,candidate,XeObInsertObject -> Xbox counted ANSI OA translation / native object manager,"[""ntoskrnl/xb/obcreate.c:383"", ""ntoskrnl/xb/xbe.c:1205"", ""ntoskrnl/ob/obhandle.c:2986""]","Allocates one NT shim, inserts namespace/handle, applies pointer bias and balanced references; collision/openif chooses existing object. Required shim isolates incompatible layouts, not removable payload copying.",oa-prefix-scratch,"medium-high; allocator-failure path equivalence is unresolved. This is provisional, below simpler candidates.","Measure actual named create/open exports and ObInsertObject with prefix lengths 0/1/2/255/256/257/65531/65535, drive and pseudo-root -3/-4, empty/null OAs, existing-name OPENIF and collisions. Instrument aOxN scratch alloc/free and Unicode allocations/copy bytes; only selected small prefix case should remove one temporary pair and no Unicode allocation. Compare statuses/handles/root sharing, OOM at both allocation sites, concurrent named opens and stack high-water. After implementation, execute actual baseline/candidate export paths with identical compiler, xemu configuration, immutable inputs and guest ISO; alternate order for at least seven paired trials, retain all samples and report median/variation. Claim timing improvement only beyond observed variation; otherwise report verified work reduction."
242,ObMakeTemporaryObject,function,scheduler_objects,no_change,XeObMakeTemporaryObject -> Xbox title-object registry/shim + native object references,"[""ntoskrnl/xb/xbe.c:1907"", ""ntoskrnl/xb/obcreate.c:113"", ""ntoskrnl/xb/obcreate.c:173"", ""ntoskrnl/ob/obref.c:494""]","Branches on title-object classification; title temporary flag is a bit clear, native path handles namespace/reference deletion. Known-type scan is bounded by registered types and protects header interpretation.",,"Preserve existing ABI, errors, lifetime and synchronization; no source change recommended.",
243,ObOpenObjectByName,function,scheduler_objects,candidate,XeObOpenObjectByName -> Xbox counted ANSI OA translation / native object manager,"[""ntoskrnl/xb/xbe.c:1915"", ""ntoskrnl/xb/xbe.c:1205"", ""ntoskrnl/ob/obhandle.c:2573""]","Translates OA, maps title type to shim/internal type then native open. Shared prefix scratch candidate; native type/name/handle guards cannot be skipped.",oa-prefix-scratch,"medium-high; allocator-failure path equivalence is unresolved. This is provisional, below simpler candidates.","Measure actual named create/open exports and ObInsertObject with prefix lengths 0/1/2/255/256/257/65531/65535, drive and pseudo-root -3/-4, empty/null OAs, existing-name OPENIF and collisions. Instrument aOxN scratch alloc/free and Unicode allocations/copy bytes; only selected small prefix case should remove one temporary pair and no Unicode allocation. Compare statuses/handles/root sharing, OOM at both allocation sites, concurrent named opens and stack high-water. After implementation, execute actual baseline/candidate export paths with identical compiler, xemu configuration, immutable inputs and guest ISO; alternate order for at least seven paired trials, retain all samples and report median/variation. Claim timing improvement only beyond observed variation; otherwise report verified work reduction."
244,ObOpenObjectByPointer,function,scheduler_objects,no_change,XeObOpenObjectByPointer -> Xbox title-object registry/shim + native object references,"[""ntoskrnl/xb/xbe.c:1869"", ""ntoskrnl/xb/obcreate.c:113"", ""ntoskrnl/xb/obcreate.c:173"", ""ntoskrnl/ob/obref.c:494""]","Classifies object through title-type registry; title branch creates shim handle, native branch explicitly enforces requested type before native open. Failure clears handle; no safe bare-header bypass.",,"Preserve existing ABI, errors, lifetime and synchronization; no source change recommended.",
245,ObpObjectHandleTable,data,scheduler_objects,data,ObpObjectHandleTable -> Data storage (no executable export),"[""ntoskrnl/xb/sizeddata.c:59""]",48-byte aligned zeroed public table placeholder; actual handles use native table of different layout. Missing content must not be presented as a working table or performance success.,,"Preserve ordinal address, size/layout, storage lifetime and mutable publication; no optimization proposed.",
246,ObReferenceObjectByHandle,function,scheduler_objects,candidate,XeObReferenceObjectByHandle -> Xbox shim classification / native handle reference,"[""ntoskrnl/xb/xbe.c:1811"", ""ntoskrnl/xb/obcreate.c:113"", ""ntoskrnl/xb/obcreate.c:173"", ""ntoskrnl/ob/obref.c:494"", ""ntoskrnl/xb/obcreate.c:465"", ""ntoskrnl/xb/obcreate.c:478""]","Once any title type exists, ordinary handles first incur a failing shim-typed ObReferenceObjectByHandle then a second native typed lookup. A single untyped referenced-object lookup followed by explicit shim/type dispatch can eliminate duplicate handle locking, but must preserve special handles and unusual mismatch statuses.",single-shim-handle-reference,medium; typed/pseudo-handle status behavior is subtle and must be matched explicitly.,"Create a custom type to activate branch, then repeat 10000 references/dereferences for ordinary event/thread/directory, custom shim and invalid handle with NULL/matching/wrong/custom requested types. Instrument ObReferenceObjectByHandle and ExMapHandleToPointer/lock counts; ordinary positive handles should drop two lookups to one. Also test -1/-2 and kernel handles, repeated close/reuse from two threads, body/shim delete counters and no-custom-object baseline. After implementation, execute actual baseline/candidate export paths with identical compiler, xemu configuration, immutable inputs and guest ISO; alternate order for at least seven paired trials, retain all samples and report median/variation. Claim timing improvement only beyond observed variation; otherwise report verified work reduction."
247,ObReferenceObjectByName,function,scheduler_objects,candidate,XeObReferenceObjectByName -> Xbox counted ANSI OA translation / native object manager,"[""ntoskrnl/xb/xbe.c:1938"", ""ntoskrnl/xb/xbe.c:1205"", ""ntoskrnl/ob/obref.c:409""]","Shared OA name rewrite and native name reference, then shim unwrap/type enforcement. Prefix scratch candidate applies; namespace capture and explicit type checks are essential.",oa-prefix-scratch,"medium-high; allocator-failure path equivalence is unresolved. This is provisional, below simpler candidates.","Measure actual named create/open exports and ObInsertObject with prefix lengths 0/1/2/255/256/257/65531/65535, drive and pseudo-root -3/-4, empty/null OAs, existing-name OPENIF and collisions. Instrument aOxN scratch alloc/free and Unicode allocations/copy bytes; only selected small prefix case should remove one temporary pair and no Unicode allocation. Compare statuses/handles/root sharing, OOM at both allocation sites, concurrent named opens and stack high-water. After implementation, execute actual baseline/candidate export paths with identical compiler, xemu configuration, immutable inputs and guest ISO; alternate order for at least seven paired trials, retain all samples and report median/variation. Claim timing improvement only beyond observed variation; otherwise report verified work reduction."
248,ObReferenceObjectByPointer,function,scheduler_objects,no_change,XeObReferenceObjectByPointer -> Xbox title-object registry/shim + native object references,"[""ntoskrnl/xb/xbe.c:1848"", ""ntoskrnl/xb/obcreate.c:113"", ""ntoskrnl/xb/obcreate.c:173"", ""ntoskrnl/ob/obref.c:494""]",Title registry classification plus requested type guard and reference increment; native type checked explicitly before native pointer reference. Scan is necessary with incompatible headers; no unchecked classification cache.,,"Preserve existing ABI, errors, lifetime and synchronization; no source change recommended.",
249,ObSymbolicLinkObjectType,data,scheduler_objects,data,XeObSymbolicLinkObjectType -> Xbox public object-type data / native type mapping,"[""ntoskrnl/xb/object-types.c:30""]","28-byte Xbox OBJECT_TYPE storage with NULL procedure pointers and type PoolTag, mapped to native type internally; data-only ABI, no callable work.",,"Preserve ordinal address, size/layout, storage lifetime and mutable publication; no optimization proposed.",
250,ObfDereferenceObject,function,scheduler_objects,no_change,XeObfDereferenceObject -> Xbox title-object registry/shim + native object references,"[""ntoskrnl/xb/xbe.c:1899"", ""ntoskrnl/xb/obcreate.c:113"", ""ntoskrnl/xb/obcreate.c:173"", ""ntoskrnl/ob/obref.c:494""]",Known-title-type scan classifies header; title uses atomic decrement plus delete/free callbacks at zero; native delegates to reaper-aware dereference. Delete ownership/order cannot be weakened.,,"Preserve existing ABI, errors, lifetime and synchronization; no source change recommended.",
251,ObfReferenceObject,function,scheduler_objects,no_change,XeObfReferenceObject -> Xbox title-object registry/shim + native object references,"[""ntoskrnl/xb/xbe.c:1891"", ""ntoskrnl/xb/obcreate.c:113"", ""ntoskrnl/xb/obcreate.c:173"", ""ntoskrnl/ob/obref.c:494""]","Known-title-type scan chooses title or native atomic increment. Overhead grows with number of distinct custom types, typically small; no safe intrusive tagging because headers are public/incompatible.",,"Preserve existing ABI, errors, lifetime and synchronization; no source change recommended.",
252,PhyGetLinkState,function,scheduler_objects,no_change,"NxPhyGetLinkState -> Xbox PHY MII I/O, try-lock, cached link flags","[""hal/halx86/xbox/phy.c:390""]",Mode=false/nonzero cached state already avoids MII I/O; forced poll or zero cache attempts try-lock and refresh. Mutable link/hardware accesses and busy fallback are required.,,"Preserve existing ABI, errors, lifetime and synchronization; no source change recommended.",
253,PhyInitialize,function,scheduler_objects,no_change,"NxPhyInitialize -> Xbox PHY MII I/O, try-lock, cached link flags","[""hal/halx86/xbox/phy.c:275""]","Try-lock plus optional reset, bounded 500us poll steps and link/autoneg reads. No-force initialized case refreshes instead of reset. Hardware deadlines must remain; reducing waits is not an optimization.",,"Preserve existing ABI, errors, lifetime and synchronization; no source change recommended.",
254,PsCreateSystemThread,function,scheduler_objects,no_change,XePsCreateSystemThread -> Native PspCreateThread + title startup/TLS,"[""ntoskrnl/xb/xbe.c:392"", ""ntoskrnl/ps/thread.c:189"", ""ntoskrnl/ps/thread.c:684"", ""ntoskrnl/xb/xbe.c:264""]","Thin ABI adaptation into PsCreateSystemThread using system process/default stack; creates a real ETHREAD and handle, optional ID copied. Allocation/scheduler startup are functional cost.",,"Preserve existing ABI, errors, lifetime and synchronization; no source change recommended.",
255,PsCreateSystemThreadEx,function,scheduler_objects,no_change,XePsCreateSystemThreadEx -> Native PspCreateThread + title startup/TLS,"[""ntoskrnl/xb/xbe.c:327"", ""ntoskrnl/ps/thread.c:189"", ""ntoskrnl/ps/thread.c:684"", ""ntoskrnl/xb/xbe.c:264""]",Allocates context plus optional aligned TLS then uses NxkPsCreateSystemThread for requested stack/suspended state and trampoline. Existing TLS allocation-failure/leak limitations require correctness work; do not shortcut initialization or requested stack.,,"Existing correctness/behavior limitation identified; optimization must not mask it. Preserve existing ABI, errors, lifetime and synchronization; no source change recommended.",
256,PsQueryStatistics,function,scheduler_objects,no_change,XePsQueryStatistics -> XePsQueryStatistics,"[""ntoskrnl/xb/psstats.c:23"", ""ntoskrnl/ob/obhandle.c:59""]","Checks exact structure Length then reads process ActiveThreads and handle counter. Constant reads, no thread/handle-table enumeration.",,"Preserve existing ABI, errors, lifetime and synchronization; no source change recommended.",
257,PsSetCreateThreadNotifyRoutine,function,scheduler_objects,no_change,PsSetCreateThreadNotifyRoutine -> ExAllocateCallBack / atomic callback registry,"[""ntoskrnl/ps/psnotify.c:260""]",Allocates lifetime-protected callback block and scans fixed PSP_MAX_CREATE_THREAD_NOTIFY slots using atomic callback insertion. Registration is occasional; callback ownership prevents replacing with unchecked raw pointers.,,"Preserve existing ABI, errors, lifetime and synchronization; no source change recommended.",
258,PsTerminateSystemThread,function,scheduler_objects,no_change,PsTerminateSystemThread -> Native system-thread termination and APC/reaper teardown,"[""ntoskrnl/ps/kill.c:1220"", ""ntoskrnl/ps/kill.c:1049""]","Checks SystemThread then delegates termination: APC rundown, timers, waiters, callback notifications and deferred reaper own teardown. Async destruction is required; no synchronous free shortcut.",,"Preserve existing ABI, errors, lifetime and synchronization; no source change recommended.",
259,PsThreadObjectType,data,scheduler_objects,data,XePsThreadObjectType -> Xbox public object-type data / native type mapping,"[""ntoskrnl/xb/object-types.c:21""]","28-byte Xbox OBJECT_TYPE storage with NULL procedure pointers and type PoolTag, mapped to native type internally; data-only ABI, no callable work.",,"Preserve ordinal address, size/layout, storage lifetime and mutable publication; no optimization proposed.",
260,RtlAnsiStringToUnicodeString,function,memory_rtl,no_change,unicode.c -> Xbox NLS / RTL memory / RtlpAllocateMemory as applicable,"[""sdk/lib/rtl/unicode.c:91"", ""ntoskrnl/xb/nls-stubs.c:148"", ""ntoskrnl/rtl/libsupp.c:108""]","O(1) single-byte size formula, optional one pool allocation, bounded Latin-1 widening pass and terminator; exact length/overflow and allocation failures are required.",,"Preserve calling convention, exact return/error/length behavior, alignment, zero-length and buffer ownership; no FPU/SSE assumptions.",
261,RtlAppendStringToString,function,memory_rtl,no_change,unicode.c -> Xbox NLS / RTL memory / RtlpAllocateMemory as applicable,"[""sdk/lib/rtl/unicode.c:179""]",Zero-length source leaves destination untouched; checks capacity then overlap-safe moves exactly Source.Length and updates length. Required bytes already use shared memory mover.,,"Preserve calling convention, exact return/error/length behavior, alignment, zero-length and buffer ownership; no FPU/SSE assumptions.",
262,RtlAppendUnicodeStringToString,function,memory_rtl,no_change,unicode.c -> Xbox NLS / RTL memory / RtlpAllocateMemory as applicable,"[""sdk/lib/rtl/unicode.c:211""]","Checks counted source/capacity, uses overlap-safe move, then adds terminator only when room remains. No preliminary strlen or allocation to remove.",,"Preserve calling convention, exact return/error/length behavior, alignment, zero-length and buffer ownership; no FPU/SSE assumptions.",
263,RtlAppendUnicodeToString,function,memory_rtl,no_change,unicode.c -> Xbox NLS / RTL memory / RtlpAllocateMemory as applicable,"[""sdk/lib/rtl/unicode.c:2410""]",Uncounted source requires a length scan via RtlInitUnicodeString before checked overlap-safe append and optional terminator. Streaming append would mutate before discovering too-small destination; retain failure behavior.,,"Preserve calling convention, exact return/error/length behavior, alignment, zero-length and buffer ownership; no FPU/SSE assumptions.",
264,RtlAssert,function,memory_rtl,no_change,DbgPrint / DbgBreakPoint,"[""ntoskrnl/xb/rtlassert.c:18"", ""ntoskrnl/xb/kd-release-stubs.c:20""]","Formats caller-supplied assertion/file/line then performs DbgBreakPoint; output and breakpoint are the behavior, so failure-path formatting is not removable. DBG=0 uses the release KD route that drops output; DBG=1 links the real debugger/output path. The diagnostic call and unconditional breakpoint remain in both.",,Preserve exception/context/handler and shutdown unwind behavior.,
265,RtlCaptureContext,function,memory_rtl,no_change,Inline i386 Xbox-context assembly,"[""ntoskrnl/xb/xbe.c:1754""]","Stores twelve control/integer/segment fields at Xbox offsets and returns stdcall; leaves ContextFlags and floating area untouched. Already a bounded register-store leaf; generic NT capture, FXSAVE or clearing context would change ABI-visible state.",,Preserve exception/context/handler and shutdown unwind behavior.,
266,RtlCaptureStackBackTrace,function,memory_rtl,no_change,RtlWalkFrameChain in ntoskrnl/rtl/libsupp.c,"[""sdk/lib/rtl/exception.c:133"", ""ntoskrnl/rtl/libsupp.c:373""]","Caps requested+skipped frames below 128, walks safely once, copies/hash-adds requested PCs; allocates fixed stack scratch and clears 128 bytes on success. Removing local clear may be compiler-dead or expose diagnostic stack state; narrower helpers would duplicate safety logic for unmeasured diagnostic hotness.",,Preserve exception/context/handler and shutdown unwind behavior.,
267,RtlCharToInteger,function,memory_rtl,no_change,unicode.c -> Xbox NLS / RTL memory / RtlpAllocateMemory as applicable,"[""sdk/lib/rtl/unicode.c:261""]","Single scan of whitespace/sign/prefix/digits, finite base validation and wrapping ULONG accumulation. No allocation or duplicate pass; base-10 specialization is unsupported by workload data.",,"Preserve calling convention, exact return/error/length behavior, alignment, zero-length and buffer ownership; no FPU/SSE assumptions.",
268,RtlCompareMemory,function,memory_rtl,no_change,"Active i386 rtlmem.s assembly, not portable rtl/mem.c","[""sdk/lib/rtl/i386/rtlmem.s:24""]","i386 assembly compares dwords with REP CMPSD, byte tail and mismatch-byte refinement; returns matching-prefix length, not memcmp ordering. Already bulk and exact-bounded.",,"Preserve calling convention, exact return/error/length behavior, alignment, zero-length and buffer ownership; no FPU/SSE assumptions.",
269,RtlCompareMemoryUlong,function,memory_rtl,no_change,"Active i386 rtlmem.s assembly, not portable rtl/mem.c","[""sdk/lib/rtl/i386/rtlmem.s:79""]","REP SCASD compares Length>>2 words and returns full matched-byte count, ignoring tail bytes. No allocation or redundant pass; preserve alignment/fault and zero-length behavior.",,"Preserve calling convention, exact return/error/length behavior, alignment, zero-length and buffer ownership; no FPU/SSE assumptions.",
270,RtlCompareString,function,memory_rtl,no_change,unicode.c -> Xbox NLS / RTL memory / RtlpAllocateMemory as applicable,"[""sdk/lib/rtl/unicode.c:352""]","One early-exit pass over minimum counted length, with ASCII RtlUpperChar calls when insensitive, then exact signed-character difference/length tie-break. memcmp may change magnitude/signedness; no unproven rewrite.",,"Preserve calling convention, exact return/error/length behavior, alignment, zero-length and buffer ownership; no FPU/SSE assumptions.",
271,RtlCompareUnicodeString,function,memory_rtl,candidate,unicode.c -> Xbox NLS / RTL memory / RtlpAllocateMemory as applicable,"[""sdk/lib/rtl/unicode.c:2198"", ""ntoskrnl/xb/nls-stubs.c:77""]","One early-exit WCHAR pass, optionally calling shared RtlpUpcaseUnicodeChar twice per position; current length difference and odd-length semantics remain. Shared ASCII-tail fast path can remove trie walks for five codepoints.","[""unicode_ascii_tail""]",Low if exhaustive equivalence passes; workload prevalence of these five codepoints is unknown and may make the improvement immaterial.,"Run the actual baseline and candidate kernel implementation through the exported ordinal in the same release compiler/xemu 128-MiB configuration and immutable guest ISO; at least seven paired trials, alternating order; retain all samples, median and variation. Check exact outputs/state and operation counters first; claim timing improvement only beyond observed variation. No measurements were executed in this read-only audit. Exhaustive WCHAR equivalence first, then actual exported compare/upcase calls on 0/1/32/256/4096 characters with ordinary letters, braces/pipes/tilde/DEL, Latin-1 and non-ASCII text. Count trie reads: three to zero per newly fast-pathed codepoint; letters are unchanged and the extra branch could cost non-ASCII cases. Reject if representative regression outweighs the narrow benefit."
272,RtlCopyString,function,memory_rtl,no_change,unicode.c -> Xbox NLS / RTL memory / RtlpAllocateMemory as applicable,"[""sdk/lib/rtl/unicode.c:2230""]","NULL source clears length; otherwise copies min(capacity,length) in a forward byte loop with no terminator. Scalar cost is concrete, but memcpy/memmove substitution can alter observable overlapping-copy behavior; no bounded safe benefit established.",,"Preserve calling convention, exact return/error/length behavior, alignment, zero-length and buffer ownership; no FPU/SSE assumptions.",
273,RtlCopyUnicodeString,function,memory_rtl,no_change,unicode.c -> Xbox NLS / RTL memory / RtlpAllocateMemory as applicable,"[""sdk/lib/rtl/unicode.c:2271""]",NULL source clears length; otherwise one bounded RtlCopyMemory and optional terminator. Already bulk-copy backend; length/odd-capacity and overlap assumptions must not be expanded.,,"Preserve calling convention, exact return/error/length behavior, alignment, zero-length and buffer ownership; no FPU/SSE assumptions.",
274,RtlCreateUnicodeString,function,memory_rtl,no_change,unicode.c -> Xbox NLS / RTL memory / RtlpAllocateMemory as applicable,"[""sdk/lib/rtl/unicode.c:2306"", ""ntoskrnl/rtl/libsupp.c:108""]","Uncounted wcslen plus size check, one pool allocation and copy including terminator. Avoiding scan or allocating guessed capacity trades correctness/memory for unmeasured speed.",,"Preserve calling convention, exact return/error/length behavior, alignment, zero-length and buffer ownership; no FPU/SSE assumptions.",
275,RtlDowncaseUnicodeChar,function,memory_rtl,no_change,Xbox NLS replacement; generic sdk/lib/rtl/nls.c removed,"[""ntoskrnl/xb/nls-stubs.c:124"", ""ntoskrnl/xb/nls-stubs.c:103""]",One forwarding leaf to ASCII fast paths or three-level immutable Unicode case trie; existing downcase already returns other ASCII directly.,,"Preserve calling convention, exact return/error/length behavior, alignment, zero-length and buffer ownership; no FPU/SSE assumptions.",
276,RtlDowncaseUnicodeString,function,memory_rtl,no_change,unicode.c -> Xbox NLS / RTL memory / RtlpAllocateMemory as applicable,"[""sdk/lib/rtl/unicode.c:2358"", ""ntoskrnl/xb/nls-stubs.c:103"", ""ntoskrnl/rtl/libsupp.c:108""]","Optional allocation or capacity validation, then one WCHAR pass. Inline A..Z fast path already handles ordinary ASCII and shared downcase skips remaining ASCII; retain case trie and in-place support.",,"Preserve calling convention, exact return/error/length behavior, alignment, zero-length and buffer ownership; no FPU/SSE assumptions.",
277,RtlEnterCriticalSection,function,memory_rtl,no_change,XBE_CS ownership CAS / KeEnterCriticalRegion / KeLeaveCriticalRegion,"[""ntoskrnl/xb/xbe.c:3058""]","Recursive owning-thread fast path; otherwise loops locked CAS until acquire, with no pause/wait. Contended spin can consume scheduler quanta on one CPU; replacing it with an event/yield path requires a separate ownership/APC/fairness design and measured contention, not a bounded leaf optimization.",,"Ownership, atomic ordering, recursive nesting and kernel APC policy; contention remains unmeasured.",
278,RtlEnterCriticalSectionAndRegion,function,memory_rtl,no_change,XBE_CS ownership CAS / KeEnterCriticalRegion / KeLeaveCriticalRegion,"[""ntoskrnl/xb/xbe.c:3091""]",Balances one KeEnterCriticalRegion per entry then recursive critical-section acquire; shares contended CAS spin cost. Do not alter kernel APC-disable nesting or handoff ownership to reduce spinning.,,"Ownership, atomic ordering, recursive nesting and kernel APC policy; contention remains unmeasured.",
279,RtlEqualString,function,memory_rtl,no_change,unicode.c -> Xbox NLS / RTL memory / RtlpAllocateMemory as applicable,"[""sdk/lib/rtl/unicode.c:388""]",Length mismatch exits immediately; equal lengths call the single early-exit comparator. No extra buffers; signed difference is consumed only as equality.,,"Preserve calling convention, exact return/error/length behavior, alignment, zero-length and buffer ownership; no FPU/SSE assumptions.",
280,RtlEqualUnicodeString,function,memory_rtl,candidate,unicode.c -> Xbox NLS / RTL memory / RtlpAllocateMemory as applicable,"[""sdk/lib/rtl/unicode.c:405"", ""ntoskrnl/xb/nls-stubs.c:77""]","Length mismatch is O(1), otherwise shared Unicode comparator; inherits the narrow ASCII-tail case-table opportunity without changing equality or lengths.","[""unicode_ascii_tail""]",Low if exhaustive equivalence passes; workload prevalence of these five codepoints is unknown and may make the improvement immaterial.,"Run the actual baseline and candidate kernel implementation through the exported ordinal in the same release compiler/xemu 128-MiB configuration and immutable guest ISO; at least seven paired trials, alternating order; retain all samples, median and variation. Check exact outputs/state and operation counters first; claim timing improvement only beyond observed variation. No measurements were executed in this read-only audit. Exhaustive WCHAR equivalence first, then actual exported compare/upcase calls on 0/1/32/256/4096 characters with ordinary letters, braces/pipes/tilde/DEL, Latin-1 and non-ASCII text. Count trie reads: three to zero per newly fast-pathed codepoint; letters are unchanged and the extra branch could cost non-ASCII cases. Reject if representative regression outweighs the narrow benefit."
281,RtlExtendedIntegerMultiply,function,memory_rtl,no_change,Integer arithmetic/compiler support,"[""sdk/lib/rtl/largeint.c:114""]",One 64x32 signed multiply; compiler emits integer arithmetic. No scan/allocation or safe reason to rewrite.,,"Preserve calling convention, exact return/error/length behavior, alignment, zero-length and buffer ownership; no FPU/SSE assumptions.",
282,RtlExtendedLargeIntegerDivide,function,memory_rtl,no_change,Integer arithmetic/compiler support,"[""sdk/lib/rtl/largeint.c:131""]","Signed 64-bit divide plus optional remainder; compiler may combine quotient/remainder helper, so two source operators do not prove two expensive divides. Preserve signedness, optional store and divide-by-zero behavior.",,"Preserve calling convention, exact return/error/length behavior, alignment, zero-length and buffer ownership; no FPU/SSE assumptions.",
283,RtlExtendedMagicDivide,function,memory_rtl,no_change,Integer arithmetic/compiler support,"[""sdk/lib/rtl/largeint.c:176""]","Computes high product with four 32-bit limb products/carries and signed magnitude restoration then shift; already replaces constant division. Keep full high-product/carry/negative behavior, no FPU/SSE substitute.",,"Preserve calling convention, exact return/error/length behavior, alignment, zero-length and buffer ownership; no FPU/SSE assumptions.",
284,RtlFillMemory,function,memory_rtl,no_change,"Active i386 rtlmem.s assembly, not portable rtl/mem.c","[""sdk/lib/rtl/i386/rtlmem.s:101""]","Constructs repeated byte pattern, REP STOSD then at most three byte stores; already bulk without FPU/SSE context assumptions.",,"Preserve calling convention, exact return/error/length behavior, alignment, zero-length and buffer ownership; no FPU/SSE assumptions.",
285,RtlFillMemoryUlong,function,memory_rtl,no_change,"Active i386 rtlmem.s assembly, not portable rtl/mem.c","[""sdk/lib/rtl/i386/rtlmem.s:137""]",One REP STOSD over Length>>2 dwords; remainder is intentionally ignored. Already minimum structural work.,,"Preserve calling convention, exact return/error/length behavior, alignment, zero-length and buffer ownership; no FPU/SSE assumptions.",
286,RtlFreeAnsiString,function,memory_rtl,no_change,unicode.c -> Xbox NLS / RTL memory / RtlpAllocateMemory as applicable,"[""sdk/lib/rtl/unicode.c:419"", ""ntoskrnl/rtl/libsupp.c:120""]","Conditional one RtlpFreeStringMemory call, then zeroes the small descriptor. Required pool lifetime and descriptor reset; NULL buffer remains untouched.",,"Preserve calling convention, exact return/error/length behavior, alignment, zero-length and buffer ownership; no FPU/SSE assumptions.",
287,RtlFreeUnicodeString,function,memory_rtl,no_change,unicode.c -> Xbox NLS / RTL memory / RtlpAllocateMemory as applicable,"[""sdk/lib/rtl/unicode.c:447"", ""ntoskrnl/rtl/libsupp.c:120""]","Conditional one string-pool free and descriptor zero; tag-dispatch backend uses ExFreePool for string tags, allowing legitimate caller-owned pool buffers. No redundant heavy work.",,"Preserve calling convention, exact return/error/length behavior, alignment, zero-length and buffer ownership; no FPU/SSE assumptions.",
288,RtlGetCallersAddress,function,memory_rtl,no_change,RtlCaptureStackBackTrace -> RtlWalkFrameChain,"[""sdk/lib/rtl/i386/except.c:23"", ""sdk/lib/rtl/exception.c:133""]",Captures at most two caller PCs after skipping frames and stores NULL for missing entries; shared trace performs bounded checked frame walk. Replacing it with unchecked EBP dereferences loses malformed-chain/stack-limit handling.,,Preserve exception/context/handler and shutdown unwind behavior.,
289,RtlInitAnsiString,function,memory_rtl,no_change,unicode.c -> Xbox NLS / RTL memory / RtlpAllocateMemory as applicable,"[""sdk/lib/rtl/unicode.c:573""]","One strlen scan, clamps to MAXUSHORT-1 and initializes three descriptor fields; NULL is constant-time. Bounded-length scan could change faults on oversized strings, so do not silently substitute.",,"Preserve calling convention, exact return/error/length behavior, alignment, zero-length and buffer ownership; no FPU/SSE assumptions.",
290,RtlInitUnicodeString,function,memory_rtl,no_change,unicode.c -> Xbox NLS / RTL memory / RtlpAllocateMemory as applicable,"[""sdk/lib/rtl/unicode.c:641""]","One wcslen scan and even maximum clamp, initializes descriptor fields with borrowed buffer; no allocation or duplicate copy.",,"Preserve calling convention, exact return/error/length behavior, alignment, zero-length and buffer ownership; no FPU/SSE assumptions.",
291,RtlInitializeCriticalSection,function,memory_rtl,no_change,XBE_CS ownership CAS / KeEnterCriticalRegion / KeLeaveCriticalRegion,"[""ntoskrnl/xb/xbe.c:3049""]","Zeroes a 28-byte Xbox-shaped structure, sets size/self-linked wait list and LockCount=-1. Constant work; preserve statically initialized interoperability.",,"Ownership, atomic ordering, recursive nesting and kernel APC policy; contention remains unmeasured.",
292,RtlIntegerToChar,function,memory_rtl,no_change,unicode.c -> Xbox NLS / RTL memory / RtlpAllocateMemory as applicable,"[""sdk/lib/rtl/unicode.c:704""]","At most 32 radix iterations into a 33-byte stack buffer, then capacity/null checks and one bounded copy. Variable division may be compiler-combined; no evidence of duplicate hardware division or hotness.",,"Preserve calling convention, exact return/error/length behavior, alignment, zero-length and buffer ownership; no FPU/SSE assumptions.",
293,RtlIntegerToUnicodeString,function,memory_rtl,no_change,unicode.c -> Xbox NLS / RTL memory / RtlpAllocateMemory as applicable,"[""sdk/lib/rtl/unicode.c:826""]","Formats to 33-byte ANSI scratch, strlen up to 32 bytes, then existing nonallocating widening conversion. Avoiding this small scan would need shared formatter/API adaptation for low expected benefit; retain error and descriptor side effects.",,"Preserve calling convention, exact return/error/length behavior, alignment, zero-length and buffer ownership; no FPU/SSE assumptions.",
294,RtlLeaveCriticalSection,function,memory_rtl,no_change,XBE_CS ownership CAS / KeEnterCriticalRegion / KeLeaveCriticalRegion,"[""ntoskrnl/xb/xbe.c:3068""]",One recursion decrement and atomic owner release only on last exit. Memory-ordering release is required; no plain store replacement.,,"Ownership, atomic ordering, recursive nesting and kernel APC policy; contention remains unmeasured.",
295,RtlLeaveCriticalSectionAndRegion,function,memory_rtl,no_change,XBE_CS ownership CAS / KeEnterCriticalRegion / KeLeaveCriticalRegion,"[""ntoskrnl/xb/xbe.c:3096""]",Releases one recursive critical section and one critical region per exit; APC re-enable may deliver work. Wrapper is already minimum; preserve balanced nesting.,,"Ownership, atomic ordering, recursive nesting and kernel APC policy; contention remains unmeasured.",
296,RtlLowerChar,function,memory_rtl,no_change,Xbox NLS replacement; generic sdk/lib/rtl/nls.c removed,"[""ntoskrnl/xb/nls-stubs.c:138""]",Two ASCII range comparisons and constant subtraction/addition; non-ASCII CHARs preserved. No heavy backend.,,"Preserve calling convention, exact return/error/length behavior, alignment, zero-length and buffer ownership; no FPU/SSE assumptions.",
297,RtlMapGenericMask,function,memory_rtl,no_change,Generic mapping leaf,"[""sdk/lib/rtl/access.c:50""]",Four bit tests OR documented generic mapping fields then strip generic flags. Constant work; mapping order and security mask semantics are not removable overhead.,,"Preserve calling convention, exact return/error/length behavior, alignment, zero-length and buffer ownership; no FPU/SSE assumptions.",
298,RtlMoveMemory,function,memory_rtl,no_change,"Active i386 rtlmem.s assembly, not portable rtl/mem.c","[""sdk/lib/rtl/i386/rtlmem.s:212""]","Chooses forward/backward overlap-safe copy, aligns destination for >=16 bytes, REP MOVSD plus byte remainder; clears DF before return on backward path. Existing scalar/bulk split is concrete; no safe SSE/FPU contract or evidence for retuning.",,"Preserve calling convention, exact return/error/length behavior, alignment, zero-length and buffer ownership; no FPU/SSE assumptions.",
299,RtlMultiByteToUnicodeN,function,memory_rtl,no_change,Xbox NLS replacement; generic sdk/lib/rtl/nls.c removed,"[""ntoskrnl/xb/nls-stubs.c:148""]","Bounds count by destination WCHAR capacity, then one Latin-1 zero-extension pass and optional result length; every copied character is needed.",,"Preserve calling convention, exact return/error/length behavior, alignment, zero-length and buffer ownership; no FPU/SSE assumptions.",
300,RtlMultiByteToUnicodeSize,function,memory_rtl,no_change,Xbox NLS replacement; generic sdk/lib/rtl/nls.c removed,"[""ntoskrnl/xb/nls-stubs.c:166""]",O(1) MbSize*2 and one output store; does not inspect input. Preserve arithmetic/ABI behavior.,,"Preserve calling convention, exact return/error/length behavior, alignment, zero-length and buffer ownership; no FPU/SSE assumptions.",
301,RtlNtStatusToDosError,function,memory_rtl,no_change,RtlNtStatusToDosErrorNoTeb / sorted 20-range table,"[""sdk/lib/rtl/error.c:96"", ""sdk/lib/rtl/error.c:51""]","Updates thread LastStatusValue when TEB exists, then handles pass-through/special cases and scans at most 20 sorted mapping ranges. Bounded small immutable lookup; binary-search/cache adds branches/space without demonstrated hotness and must preserve TEB side effect and unmapped diagnostic.",,"Preserve calling convention, exact return/error/length behavior, alignment, zero-length and buffer ownership; no FPU/SSE assumptions.",
302,RtlRaiseException,function,memory_rtl,no_change,NT context capture -> RtlDispatchException / ZwContinue / ZwRaiseException,"[""sdk/lib/rtl/i386/except_asm.s:265"", ""sdk/lib/rtl/i386/except.c:95"", ""ntoskrnl/rtl/libsupp.c:80""]","i386 assembly captures NT context/registers, sets exception address, dispatches/debugger-routes, then continues or raises through Zw paths. Xbox handler boundary converts the context in i386/except.c. Required exception-control behavior and shutdown unwind cannot be skipped. RtlpCheckForActiveDebugger returns FALSE for kernel mode in both builds; underlying exception debugger handling still differs with KD availability.",,Preserve exception/context/handler and shutdown unwind behavior.,
303,RtlRaiseStatus,function,memory_rtl,no_change,NT context capture -> RtlDispatchException / ZwContinue / ZwRaiseException,"[""sdk/lib/rtl/i386/except_asm.s:339"", ""sdk/lib/rtl/i386/except.c:95"", ""ntoskrnl/rtl/libsupp.c:80""]","i386 assembly constructs a noncontinuable exception record and full control/integer context, routes debugger/dispatch then raises. Fatal/exception semantics are actual work; returning success is invalid. RtlpCheckForActiveDebugger returns FALSE for kernel mode in both builds; underlying exception debugger handling still differs with KD availability.",,Preserve exception/context/handler and shutdown unwind behavior.,
304,RtlTimeFieldsToTime,function,memory_rtl,no_change,Calendar validation / DaysSinceEpoch,"[""sdk/lib/rtl/time.c:180""]","Validates all calendar fields, computes epoch days with at most eleven month additions then 64-bit tick arithmetic. Bounded conversion; preserve 1601 epoch, leap-year rules and invalid outputs, no timer/deadline approximation.",,"Preserve calling convention, exact return/error/length behavior, alignment, zero-length and buffer ownership; no FPU/SSE assumptions.",
305,RtlTimeToTimeFields,function,memory_rtl,no_change,64-bit tick division / calendar decomposition,"[""sdk/lib/rtl/time.c:112""]","Integer quotient/remainder splits ticks into days/time, estimates year and corrects it, then scans at most twelve months. No allocations; changing negative/overflow calendar semantics or claiming duplicate compiler division from source is unjustified.",,"Preserve calling convention, exact return/error/length behavior, alignment, zero-length and buffer ownership; no FPU/SSE assumptions.",
306,RtlTryEnterCriticalSection,function,memory_rtl,no_change,XBE_CS ownership CAS / KeEnterCriticalRegion / KeLeaveCriticalRegion,"[""ntoskrnl/xb/xbe.c:3074""]","Owning-thread recursion shortcut, otherwise one locked CAS and count initialization; returns exact success/failure. No spin loop or allocation.",,"Ownership, atomic ordering, recursive nesting and kernel APC policy; contention remains unmeasured.",
307,RtlUlongByteSwap,function,memory_rtl,no_change,FASTCALL integer leaf,"[""ntoskrnl/xb/rtlbyteswap.c:20""]",Fixed shifts/ORs reverse bytes of the integer in registers. Compiler can select BSWAP/rotate where appropriate; no memory/locking cost and no reason for hand assembly without emitted-code measurements.,,"Preserve calling convention, exact return/error/length behavior, alignment, zero-length and buffer ownership; no FPU/SSE assumptions.",
308,RtlUnicodeStringToAnsiString,function,memory_rtl,no_change,unicode.c -> Xbox NLS / RTL memory / RtlpAllocateMemory as applicable,"[""sdk/lib/rtl/unicode.c:1113"", ""ntoskrnl/xb/nls-stubs.c:176"", ""ntoskrnl/rtl/libsupp.c:108""]","O(1) SBCS sizing, optional allocation or exact truncation/status handling, one narrowing/substitution pass and terminator. Latin-1 roundtrip and >0xFF question-mark mapping are actual active policy.",,"Preserve calling convention, exact return/error/length behavior, alignment, zero-length and buffer ownership; no FPU/SSE assumptions.",
309,RtlUnicodeStringToInteger,function,memory_rtl,no_change,unicode.c -> Xbox NLS / RTL memory / RtlpAllocateMemory as applicable,"[""sdk/lib/rtl/unicode.c:982""]",Counted WCHAR scan for whitespace/sign/base prefix/digits; integer accumulates modulo ULONG. No temporary allocation or length scan; preserve short input and base/status edge cases.,,"Preserve calling convention, exact return/error/length behavior, alignment, zero-length and buffer ownership; no FPU/SSE assumptions.",
310,RtlUnicodeToMultiByteN,function,memory_rtl,no_change,Xbox NLS replacement; generic sdk/lib/rtl/nls.c removed,"[""ntoskrnl/xb/nls-stubs.c:176""]","One bounded WCHAR-to-byte pass, mapping <=0xFF directly and greater codepoints to question mark; exact result length maintained. Wider/SIMD conversion is unsupported by kernel state contract.",,"Preserve calling convention, exact return/error/length behavior, alignment, zero-length and buffer ownership; no FPU/SSE assumptions.",
311,RtlUnicodeToMultiByteSize,function,memory_rtl,no_change,Xbox NLS replacement; generic sdk/lib/rtl/nls.c removed,"[""ntoskrnl/xb/nls-stubs.c:197""]","O(1) UnicodeSize/2 and one output write, preserving odd-size truncation. Already minimal.",,"Preserve calling convention, exact return/error/length behavior, alignment, zero-length and buffer ownership; no FPU/SSE assumptions.",
312,RtlUnwind,function,memory_rtl,no_change,SEH registration chain / RtlpCallHandler / ZwContinue,"[""sdk/lib/rtl/i386/except.c:329"", ""sdk/lib/rtl/i386/except.c:95""]","Walks and validates unwind registration frames, invokes unwind handlers and handles collision/invalid targets. Xbox conversion preserves handler-written registers. Per-frame callbacks and stack safety checks are observable; no shortcut or cached handler state.",,Preserve exception/context/handler and shutdown unwind behavior.,
313,RtlUpcaseUnicodeChar,function,memory_rtl,candidate,Xbox NLS replacement; generic sdk/lib/rtl/nls.c removed,"[""ntoskrnl/xb/nls-stubs.c:97""]",Thin forwarding leaf to RtlpUpcaseUnicodeChar; five ASCII values 0x7B..0x7F unnecessarily reach lazy-init/trie. Candidate finishes ASCII fast path only with exhaustive equivalence.,"[""unicode_ascii_tail""]",Low if exhaustive equivalence passes; workload prevalence of these five codepoints is unknown and may make the improvement immaterial.,"Run the actual baseline and candidate kernel implementation through the exported ordinal in the same release compiler/xemu 128-MiB configuration and immutable guest ISO; at least seven paired trials, alternating order; retain all samples, median and variation. Check exact outputs/state and operation counters first; claim timing improvement only beyond observed variation. No measurements were executed in this read-only audit. Exhaustive WCHAR equivalence first, then actual exported compare/upcase calls on 0/1/32/256/4096 characters with ordinary letters, braces/pipes/tilde/DEL, Latin-1 and non-ASCII text. Count trie reads: three to zero per newly fast-pathed codepoint; letters are unchanged and the extra branch could cost non-ASCII cases. Reject if representative regression outweighs the narrow benefit."
314,RtlUpcaseUnicodeString,function,memory_rtl,candidate,unicode.c -> Xbox NLS / RTL memory / RtlpAllocateMemory as applicable,"[""sdk/lib/rtl/unicode.c:1917"", ""ntoskrnl/xb/nls-stubs.c:77"", ""ntoskrnl/rtl/libsupp.c:108""]","Optional allocation or capacity validation then one shared case-map pass, preserving in-place behavior and nonterminated output. ASCII-tail helper opportunity applies without changing bulk-wrapper rules.","[""unicode_ascii_tail""]",Low if exhaustive equivalence passes; workload prevalence of these five codepoints is unknown and may make the improvement immaterial.,"Run the actual baseline and candidate kernel implementation through the exported ordinal in the same release compiler/xemu 128-MiB configuration and immutable guest ISO; at least seven paired trials, alternating order; retain all samples, median and variation. Check exact outputs/state and operation counters first; claim timing improvement only beyond observed variation. No measurements were executed in this read-only audit. Exhaustive WCHAR equivalence first, then actual exported compare/upcase calls on 0/1/32/256/4096 characters with ordinary letters, braces/pipes/tilde/DEL, Latin-1 and non-ASCII text. Count trie reads: three to zero per newly fast-pathed codepoint; letters are unchanged and the extra branch could cost non-ASCII cases. Reject if representative regression outweighs the narrow benefit."
315,RtlUpcaseUnicodeToMultiByteN,function,memory_rtl,candidate,Xbox NLS replacement; generic sdk/lib/rtl/nls.c removed,"[""ntoskrnl/xb/nls-stubs.c:229""]","One bounded pass applies the shared Unicode case trie then Latin-1 narrowing/substitution; helper ASCII-tail candidate applies, but variable Unicode mappings must remain.","[""unicode_ascii_tail""]",Low if exhaustive equivalence passes; workload prevalence of these five codepoints is unknown and may make the improvement immaterial.,"Run the actual baseline and candidate kernel implementation through the exported ordinal in the same release compiler/xemu 128-MiB configuration and immutable guest ISO; at least seven paired trials, alternating order; retain all samples, median and variation. Check exact outputs/state and operation counters first; claim timing improvement only beyond observed variation. No measurements were executed in this read-only audit. Exhaustive WCHAR equivalence first, then actual exported compare/upcase calls on 0/1/32/256/4096 characters with ordinary letters, braces/pipes/tilde/DEL, Latin-1 and non-ASCII text. Count trie reads: three to zero per newly fast-pathed codepoint; letters are unchanged and the extra branch could cost non-ASCII cases. Reject if representative regression outweighs the narrow benefit."
316,RtlUpperChar,function,memory_rtl,no_change,Xbox NLS replacement; generic sdk/lib/rtl/nls.c removed,"[""ntoskrnl/xb/nls-stubs.c:130""]",Constant-size ASCII a..z range test and subtraction; non-ASCII CHARs preserved. No trie or allocation here.,,"Preserve calling convention, exact return/error/length behavior, alignment, zero-length and buffer ownership; no FPU/SSE assumptions.",
317,RtlUpperString,function,memory_rtl,no_change,unicode.c -> Xbox NLS / RTL memory / RtlpAllocateMemory as applicable,"[""sdk/lib/rtl/unicode.c:2478""]","Copies/cases min(source length,destination capacity) in one pass using constant-time ASCII RtlUpperChar; no allocation or redundant strlen.",,"Preserve calling convention, exact return/error/length behavior, alignment, zero-length and buffer ownership; no FPU/SSE assumptions.",
318,RtlUshortByteSwap,function,memory_rtl,no_change,FASTCALL integer leaf,"[""ntoskrnl/xb/rtlbyteswap.c:14""]",Fixed shifts/ORs reverse bytes of the integer in registers. Compiler can select BSWAP/rotate where appropriate; no memory/locking cost and no reason for hand assembly without emitted-code measurements.,,"Preserve calling convention, exact return/error/length behavior, alignment, zero-length and buffer ownership; no FPU/SSE assumptions.",
319,RtlWalkFrameChain,function,memory_rtl,no_change,RtlpCaptureStackLimits / SEH-protected EBP chain,"[""ntoskrnl/rtl/libsupp.c:373""]","Count-bounded checked EBP walk validates stack bounds, monotonic chain and PC restrictions; Xbox disables the desktop user-PC gate. Current reads/SEH protect malformed chains; caller count does not license unchecked frame loads.",,Preserve exception/context/handler and shutdown unwind behavior.,
320,RtlZeroMemory,function,memory_rtl,no_change,"Active i386 rtlmem.s assembly, not portable rtl/mem.c","[""sdk/lib/rtl/i386/rtlmem.s:180""]","XOR zero pattern, REP STOSD plus at most three bytes; no helper allocation or duplicate memory pass. Best saving is callers avoiding irrelevant bytes, as in pin-batch candidate.",,"Preserve calling convention, exact return/error/length behavior, alignment, zero-length and buffer ownership; no FPU/SSE assumptions.",
321,XboxEEPROMKey,data,io_hal_crypto,data,XboxEEPROMKey,"[""ntoskrnl/xb/xboxkrnl.exe.def:328"", ""ntoskrnl/xb/ordinals.map:390"", ""ntoskrnl/xb/sizeddata.c:49""]","Aligned 16-byte zero key storage; no key introduced. Direct storage access, no per-export call/scan/allocation.",,Preserve size/alignment/layout/address/content and mutable consumers.,
322,XboxHardwareInfo,data,io_hal_crypto,data,XboxHardwareInfo,"[""ntoskrnl/xb/xboxkrnl.exe.def:329"", ""ntoskrnl/xb/ordinals.map:391"", ""hal/halx86/xbox/hal.c:118""]","8-byte hardware flags/revisions/reserved struct. Direct storage access, no per-export call/scan/allocation.",,Preserve size/alignment/layout/address/content and mutable consumers.,
323,XboxHDKey,data,io_hal_crypto,data,XboxHDKey,"[""ntoskrnl/xb/xboxkrnl.exe.def:330"", ""ntoskrnl/xb/ordinals.map:392"", ""ntoskrnl/xb/eeprom.c:191"", ""ntoskrnl/xb/eeprom.c:221""]","16-byte HDD-key initialized after successful sealed EEPROM validation. Direct storage access, no per-export call/scan/allocation.",,Preserve size/alignment/layout/address/content and mutable consumers.,
324,XboxKrnlVersion,data,io_hal_crypto,data,XboxKrnlVersion,"[""ntoskrnl/xb/xboxkrnl.exe.def:331"", ""ntoskrnl/xb/ordinals.map:393"", ""hal/halx86/xbox/hal.c:140""]","8-byte version struct. Direct storage access, no per-export call/scan/allocation.",,Preserve size/alignment/layout/address/content and mutable consumers.,
325,XboxSignatureKey,data,io_hal_crypto,data,XboxSignatureKey,"[""ntoskrnl/xb/xboxkrnl.exe.def:332"", ""ntoskrnl/xb/ordinals.map:394"", ""ntoskrnl/xb/titlekeys.c:44""]","16-byte per-title signature key; derived at load. Direct storage access, no per-export call/scan/allocation.",,Preserve size/alignment/layout/address/content and mutable consumers.,
326,XeImageFileName,data,io_hal_crypto,data,XeImageFileName,"[""ntoskrnl/xb/xboxkrnl.exe.def:333"", ""ntoskrnl/xb/ordinals.map:395"", ""ntoskrnl/xb/xbe.c:3024""]","8-byte ANSI_STRING image filename. Direct storage access, no per-export call/scan/allocation.",,Preserve size/alignment/layout/address/content and mutable consumers.,
327,XeLoadSection,function,io_hal_crypto,no_change,XeLoadSection -> mutex/VM commit/read/zero,"[""ntoskrnl/xb/xboxkrnl.exe.def:334"", ""ntoskrnl/xb/ordinals.map:410"", ""ntoskrnl/xb/xbe.c:713"", ""ntoskrnl/xb/xbe.c:651""]","Repeated load is locked refcount increment. First load commits, reads raw section, zero-fills virtual tail and bumps boundary counters. Preload/cache changes contents/errors/lifetime.",,Preserve neighboring shared pages/refcounts; current section digest verification absent.,
328,XeUnloadSection,function,io_hal_crypto,no_change,XeUnloadSection -> mutex/VM decommit,"[""ntoskrnl/xb/xboxkrnl.exe.def:335"", ""ntoskrnl/xb/ordinals.map:411"", ""ntoskrnl/xb/xbe.c:730"", ""ntoskrnl/xb/xbe.c:704""]","Locked refcount decrement; last reference separately handles shared head/tail and interior, up to three ranges. Coalescing needs proven eligible adjacency and workload frequency.",,Preserve shared-page counters/neighbor contents and invalid-zero-ref behavior.,
329,READ_PORT_BUFFER_UCHAR,function,io_hal_crypto,no_change,READ_PORT_BUFFER_UCHAR -> x86 port-string intrinsic,"[""ntoskrnl/xb/xboxkrnl.exe.def:336"", ""ntoskrnl/xb/ordinals.map:402"", ""hal/halx86/generic/portio.c:24""]",Low-16-bit port and exactly Count byte/word/dword elements via native string I/O. Already bulk hardware operation; no memory-copy substitute.,,Preserve width/count=0/order and every volatile transaction.,
330,READ_PORT_BUFFER_USHORT,function,io_hal_crypto,no_change,READ_PORT_BUFFER_USHORT -> x86 port-string intrinsic,"[""ntoskrnl/xb/xboxkrnl.exe.def:337"", ""ntoskrnl/xb/ordinals.map:403"", ""hal/halx86/generic/portio.c:33""]",Low-16-bit port and exactly Count byte/word/dword elements via native string I/O. Already bulk hardware operation; no memory-copy substitute.,,Preserve width/count=0/order and every volatile transaction.,
331,READ_PORT_BUFFER_ULONG,function,io_hal_crypto,no_change,READ_PORT_BUFFER_ULONG -> x86 port-string intrinsic,"[""ntoskrnl/xb/xboxkrnl.exe.def:338"", ""ntoskrnl/xb/ordinals.map:404"", ""hal/halx86/generic/portio.c:42""]",Low-16-bit port and exactly Count byte/word/dword elements via native string I/O. Already bulk hardware operation; no memory-copy substitute.,,Preserve width/count=0/order and every volatile transaction.,
332,WRITE_PORT_BUFFER_UCHAR,function,io_hal_crypto,no_change,WRITE_PORT_BUFFER_UCHAR -> x86 port-string intrinsic,"[""ntoskrnl/xb/xboxkrnl.exe.def:339"", ""ntoskrnl/xb/ordinals.map:405"", ""hal/halx86/generic/portio.c:72""]",Low-16-bit port and exactly Count byte/word/dword elements via native string I/O. Already bulk hardware operation; no memory-copy substitute.,,Preserve width/count=0/order and every volatile transaction.,
333,WRITE_PORT_BUFFER_USHORT,function,io_hal_crypto,no_change,WRITE_PORT_BUFFER_USHORT -> x86 port-string intrinsic,"[""ntoskrnl/xb/xboxkrnl.exe.def:340"", ""ntoskrnl/xb/ordinals.map:406"", ""hal/halx86/generic/portio.c:81""]",Low-16-bit port and exactly Count byte/word/dword elements via native string I/O. Already bulk hardware operation; no memory-copy substitute.,,Preserve width/count=0/order and every volatile transaction.,
334,WRITE_PORT_BUFFER_ULONG,function,io_hal_crypto,no_change,WRITE_PORT_BUFFER_ULONG -> x86 port-string intrinsic,"[""ntoskrnl/xb/xboxkrnl.exe.def:341"", ""ntoskrnl/xb/ordinals.map:407"", ""hal/halx86/generic/portio.c:90""]",Low-16-bit port and exactly Count byte/word/dword elements via native string I/O. Already bulk hardware operation; no memory-copy substitute.,,Preserve width/count=0/order and every volatile transaction.,
335,XcSHAInit,function,io_hal_crypto,no_change,XcVector.SHAInit -> XcpSHAInit/A_SHAInit,"[""ntoskrnl/xb/xboxkrnl.exe.def:342"", ""ntoskrnl/xb/ordinals.map:412"", ""ntoskrnl/xb/crypto.c:1220"", ""ntoskrnl/xb/crypto.c:109"", ""sdk/lib/cryptlib/sha1.c:122""]","Mutable vector dispatch, state/count initialization and28-byte Xbox context copy; reserved/buffer untouched. Tiny leaf, no demonstrated profitable change.",,"Preserve ABI, caller bytes and crypto-vector override.",
336,XcSHAUpdate,function,io_hal_crypto,candidate,XcVector -> Xbox SHA context adapter -> A_SHA core,"[""ntoskrnl/xb/xboxkrnl.exe.def:343"", ""ntoskrnl/xb/ordinals.map:413"", ""ntoskrnl/xb/crypto.c:1223"", ""ntoskrnl/xb/crypto.c:119"", ""ntoskrnl/xb/crypto.c:41"", ""sdk/lib/cryptlib/sha1.c:148""]",Required dispatch; state/count plus64-byte buffer load. Update stores only current buffered prefix; final resets/stores whole buffer. Input load only needs live prefix.,sha_live_prefix,Low-to-medium: bounded copy; local uninitialized scratch tail must not be read.,"{""status"": ""proposed_not_run"", ""structural_bound"": ""Loads64 buffer bytes; only r=Count[1]&63 live. Remove64-r (1..64) bytes per update/final; load92 ->28+r bytes."", ""recipe"": ""Actual XcSHA contexts with canaries, every prior remainder0..63; lengths0,1,55,56,63,64,65,4096,1MiB, split/random updates, offsets0..3 and count carry. Compare whole context after every call, digest/reset and baseline supported input/context/digest aliases. Count load bytes92 versus28+r and identical compression calls; time small versus bulk separately."", ""timing_protocol"": ""Proposed, not run. Actual changed implementation, identical compiler/defines, guest ISO/inputs and xemu128-MiB; at least seven paired alternating-order baseline/candidate trials. Retain every sample; report median and variation. Claim time gain only above variation, otherwise verified work counts. No Docker/build/binary execution in audit.""}"
337,XcSHAFinal,function,io_hal_crypto,candidate,XcVector -> Xbox SHA context adapter -> A_SHA core,"[""ntoskrnl/xb/xboxkrnl.exe.def:344"", ""ntoskrnl/xb/ordinals.map:414"", ""ntoskrnl/xb/crypto.c:1226"", ""ntoskrnl/xb/crypto.c:131"", ""ntoskrnl/xb/crypto.c:41"", ""sdk/lib/cryptlib/sha1.c:148""]",Required dispatch; state/count plus64-byte buffer load. Update stores only current buffered prefix; final resets/stores whole buffer. Input load only needs live prefix.,sha_live_prefix,Low-to-medium: bounded copy; local uninitialized scratch tail must not be read.,"{""status"": ""proposed_not_run"", ""structural_bound"": ""Loads64 buffer bytes; only r=Count[1]&63 live. Remove64-r (1..64) bytes per update/final; load92 ->28+r bytes."", ""recipe"": ""Actual XcSHA contexts with canaries, every prior remainder0..63; lengths0,1,55,56,63,64,65,4096,1MiB, split/random updates, offsets0..3 and count carry. Compare whole context after every call, digest/reset and baseline supported input/context/digest aliases. Count load bytes92 versus28+r and identical compression calls; time small versus bulk separately."", ""timing_protocol"": ""Proposed, not run. Actual changed implementation, identical compiler/defines, guest ISO/inputs and xemu128-MiB; at least seven paired alternating-order baseline/candidate trials. Retain every sample; report median and variation. Claim time gain only above variation, otherwise verified work counts. No Docker/build/binary execution in audit.""}"
338,XcRC4Key,function,io_hal_crypto,no_change,XcVector.RC4Key -> XcpRC4Key/rc4_init,"[""ntoskrnl/xb/xboxkrnl.exe.def:345"", ""ntoskrnl/xb/ordinals.map:415"", ""ntoskrnl/xb/crypto.c:1229"", ""ntoskrnl/xb/crypto.c:144"", ""sdk/lib/cryptlib/rc4.c:25""]",256 initialization and256 key-schedule swaps define state. No rekey cache can assume key/context immutable.,,"Preserve state layout, key order and existing zero-key-length behavior.",
339,XcRC4Crypt,function,io_hal_crypto,no_change,XcVector.RC4Crypt -> XcpRC4Crypt/rc4_crypt,"[""ntoskrnl/xb/xboxkrnl.exe.def:346"", ""ntoskrnl/xb/ordinals.map:416"", ""ntoskrnl/xb/crypto.c:1232"", ""ntoskrnl/xb/crypto.c:152"", ""sdk/lib/cryptlib/rc4.c:47""]",Core already keeps x/y locally and writes back once. Per-byte swaps/XOR are stream generation; no demonstrated bounded redundancy.,,"Preserve stream continuity, in-place bytes, Len0 stores and vector override.",
340,XcHMAC,function,io_hal_crypto,candidate,XcVector.HMAC -> XcpHMAC/A_SHA core,"[""ntoskrnl/xb/xboxkrnl.exe.def:347"", ""ntoskrnl/xb/ordinals.map:417"", ""ntoskrnl/xb/crypto.c:1235"", ""ntoskrnl/xb/crypto.c:160"", ""ntoskrnl/xb/crypto.c:183""]",Pads with key truncation64 and two message segments; outer pad copied to temp solely concatenation. No allocation; extra64-byte copy.,hmac_outer_split,Low semantic risk; net time uncertain. Accept only work/stack reduction with no representative regression.,"{""status"": ""proposed_not_run"", ""structural_bound"": ""Explicit64-byte pad2 copy to temp84 solely concatenates inner digest. Splitting removes64 copy bytes/temp stack bytes but adds one SHAUpdate call."", ""recipe"": ""Actual XcHMAC/NxkHmacSha1 keys0,1,16,63,64,65,128 and segment lengths0,1,55,56,63,64,65,4096 with split equivalence. Compare baseline/public SHA construction with existing truncation, out aliases key/message, unaligned and zero-NULL inputs/custom vector. Count removed64-copy and unchanged compression; time short/long to reject regression from extra call."", ""timing_protocol"": ""Proposed, not run. Actual changed implementation, identical compiler/defines, guest ISO/inputs and xemu128-MiB; at least seven paired alternating-order baseline/candidate trials. Retain every sample; report median and variation. Claim time gain only above variation, otherwise verified work counts. No Docker/build/binary execution in audit.""}"
341,XcPKEncPublic,function,io_hal_crypto,candidate,XcVector -> default RSA/ModExp -> XcpModExp,"[""ntoskrnl/xb/xboxkrnl.exe.def:348"", ""ntoskrnl/xb/ordinals.map:418"", ""ntoskrnl/xb/crypto.c:1239"", ""ntoskrnl/xb/crypto.c:478"", ""ntoskrnl/xb/crypto.c:341"", ""ntoskrnl/xb/crypto.c:419""]","Pool-copies wide input/exponent/modulus, validates extra top words and Base<Modulus, exponentiates then zero-pads output. Each nonzero exponentiation computes unused final Val square/copy.",modexp_last_square,"Low-to-medium: local liveness change, shared RSA/signature impact. No workload frequency or throughput evidence.","{""status"": ""proposed_not_run"", ""structural_bound"": ""For every ExpBits>0, final Val square and4N-byte copy are never read. Odd path removes one BnMontMul with2N*N 64-bit word products plusN low-word Factor multiplications, carry/reduction/zeroing. Even path removes one BnMulMod withN*N 64-bit products and64N bit-reduction steps. Private CRT reaches two exponentiations."", ""recipe"": ""Actual XcModExp Words1,2,32,64,512; exponents0,1,2,3,65537,dense/high-bit; odd/even/zero/modulus1, Base>=modulus and Result aliases. Baseline byte comparison plus independent public big-integer oracle where baseline defined; preserve modulus1 baseline edge if it differs mathematically. Count exactly one square and4N-byte copy removed for nonzero exponent. Exercise public/private blobs, both PKCS#1 prefixes, malformed/out-of-range blobs and invalid padding with unchanged output/return; custom-vector test. Include Words0 and513, allocation-failure injection and unchanged caller output on rejected requests."", ""timing_protocol"": ""Proposed, not run. Actual changed implementation, identical compiler/defines, guest ISO/inputs and xemu128-MiB; at least seven paired alternating-order baseline/candidate trials. Retain every sample; report median and variation. Claim time gain only above variation, otherwise verified work counts. No Docker/build/binary execution in audit.""}"
342,XcPKDecPrivate,function,io_hal_crypto,candidate,XcVector -> default RSA/ModExp -> XcpModExp,"[""ntoskrnl/xb/xboxkrnl.exe.def:349"", ""ntoskrnl/xb/ordinals.map:419"", ""ntoskrnl/xb/crypto.c:1242"", ""ntoskrnl/xb/crypto.c:600"", ""ntoskrnl/xb/crypto.c:341"", ""ntoskrnl/xb/crypto.c:419""]","Pool-copies five CRT parameters/wide input, validates primes, does two half-width exponentiations and combine arithmetic. Each nonzero exponentiation computes unused final Val square/copy.",modexp_last_square,"Low-to-medium: local liveness change, shared RSA/signature impact. No workload frequency or throughput evidence.","{""status"": ""proposed_not_run"", ""structural_bound"": ""For every ExpBits>0, final Val square and4N-byte copy are never read. Odd path removes one BnMontMul with2N*N 64-bit word products plusN low-word Factor multiplications, carry/reduction/zeroing. Even path removes one BnMulMod withN*N 64-bit products and64N bit-reduction steps. Private CRT reaches two exponentiations."", ""recipe"": ""Actual XcModExp Words1,2,32,64,512; exponents0,1,2,3,65537,dense/high-bit; odd/even/zero/modulus1, Base>=modulus and Result aliases. Baseline byte comparison plus independent public big-integer oracle where baseline defined; preserve modulus1 baseline edge if it differs mathematically. Count exactly one square and4N-byte copy removed for nonzero exponent. Exercise public/private blobs, both PKCS#1 prefixes, malformed/out-of-range blobs and invalid padding with unchanged output/return; custom-vector test. Include Words0 and513, allocation-failure injection and unchanged caller output on rejected requests."", ""timing_protocol"": ""Proposed, not run. Actual changed implementation, identical compiler/defines, guest ISO/inputs and xemu128-MiB; at least seven paired alternating-order baseline/candidate trials. Retain every sample; report median and variation. Claim time gain only above variation, otherwise verified work counts. No Docker/build/binary execution in audit.""}"
343,XcPKGetKeyLen,function,io_hal_crypto,no_change,XcVector.PKGetKeyLen -> XcpPKGetKeyLen,"[""ntoskrnl/xb/xboxkrnl.exe.def:350"", ""ntoskrnl/xb/ordinals.map:420"", ""ntoskrnl/xb/crypto.c:1245"", ""ntoskrnl/xb/crypto.c:525""]",Required vector indirect then verbatim blob-length field load. Adding validation changes behavior; minimal.,,"Preserve ABI, caller bytes and crypto-vector override.",
344,XcVerifyPKCS1Signature,function,io_hal_crypto,candidate,XcVector -> default RSA/ModExp -> XcpModExp,"[""ntoskrnl/xb/xboxkrnl.exe.def:351"", ""ntoskrnl/xb/ordinals.map:421"", ""ntoskrnl/xb/crypto.c:1248"", ""ntoskrnl/xb/crypto.c:688"", ""ntoskrnl/xb/crypto.c:341"", ""ntoskrnl/xb/crypto.c:419""]","Pool-copies signature/exponent/modulus, exponentiates then checks reversed digest, two allowed prefixes and every padding byte. Each nonzero exponentiation computes unused final Val square/copy.",modexp_last_square,"Low-to-medium: local liveness change, shared RSA/signature impact. No workload frequency or throughput evidence.","{""status"": ""proposed_not_run"", ""structural_bound"": ""For every ExpBits>0, final Val square and4N-byte copy are never read. Odd path removes one BnMontMul with2N*N 64-bit word products plusN low-word Factor multiplications, carry/reduction/zeroing. Even path removes one BnMulMod withN*N 64-bit products and64N bit-reduction steps. Private CRT reaches two exponentiations."", ""recipe"": ""Actual XcModExp Words1,2,32,64,512; exponents0,1,2,3,65537,dense/high-bit; odd/even/zero/modulus1, Base>=modulus and Result aliases. Baseline byte comparison plus independent public big-integer oracle where baseline defined; preserve modulus1 baseline edge if it differs mathematically. Count exactly one square and4N-byte copy removed for nonzero exponent. Exercise public/private blobs, both PKCS#1 prefixes, malformed/out-of-range blobs and invalid padding with unchanged output/return; custom-vector test. Include Words0 and513, allocation-failure injection and unchanged caller output on rejected requests."", ""timing_protocol"": ""Proposed, not run. Actual changed implementation, identical compiler/defines, guest ISO/inputs and xemu128-MiB; at least seven paired alternating-order baseline/candidate trials. Retain every sample; report median and variation. Claim time gain only above variation, otherwise verified work counts. No Docker/build/binary execution in audit.""}"
345,XcModExp,function,io_hal_crypto,candidate,XcVector -> default RSA/ModExp -> XcpModExp,"[""ntoskrnl/xb/xboxkrnl.exe.def:352"", ""ntoskrnl/xb/ordinals.map:422"", ""ntoskrnl/xb/crypto.c:1252"", ""ntoskrnl/xb/crypto.c:341"", ""ntoskrnl/xb/crypto.c:341"", ""ntoskrnl/xb/crypto.c:419""]","Bounds/zero-modulus checks,5N+2-word scratch, base reduction/Montgomery conversion and odd/even exponentiation. Each nonzero exponentiation computes unused final Val square/copy.",modexp_last_square,"Low-to-medium: local liveness change, shared RSA/signature impact. No workload frequency or throughput evidence.","{""status"": ""proposed_not_run"", ""structural_bound"": ""For every ExpBits>0, final Val square and4N-byte copy are never read. Odd path removes one BnMontMul with2N*N 64-bit word products plusN low-word Factor multiplications, carry/reduction/zeroing. Even path removes one BnMulMod withN*N 64-bit products and64N bit-reduction steps. Private CRT reaches two exponentiations."", ""recipe"": ""Actual XcModExp Words1,2,32,64,512; exponents0,1,2,3,65537,dense/high-bit; odd/even/zero/modulus1, Base>=modulus and Result aliases. Baseline byte comparison plus independent public big-integer oracle where baseline defined; preserve modulus1 baseline edge if it differs mathematically. Count exactly one square and4N-byte copy removed for nonzero exponent. Exercise public/private blobs, both PKCS#1 prefixes, malformed/out-of-range blobs and invalid padding with unchanged output/return; custom-vector test. Include Words0 and513, allocation-failure injection and unchanged caller output on rejected requests."", ""timing_protocol"": ""Proposed, not run. Actual changed implementation, identical compiler/defines, guest ISO/inputs and xemu128-MiB; at least seven paired alternating-order baseline/candidate trials. Retain every sample; report median and variation. Claim time gain only above variation, otherwise verified work counts. No Docker/build/binary execution in audit.""}"
346,XcDESKeyParity,function,io_hal_crypto,no_change,XcVector.DESKeyParity -> XcpDESKeyParity,"[""ntoskrnl/xb/xboxkrnl.exe.def:353"", ""ntoskrnl/xb/ordinals.map:423"", ""ntoskrnl/xb/crypto.c:1257"", ""ntoskrnl/xb/crypto.c:1058""]","Per byte masks low bit, folds parity via three XOR/shifts and stores odd parity; upper seven bits intact. O(KeyLen) output is already efficient.",,"Preserve ABI, caller bytes and crypto-vector override.",
347,XcKeyTable,function,io_hal_crypto,no_change,XcVector.KeyTable -> XcpKeyTable/DesSchedule/DesStoreRound,"[""ntoskrnl/xb/xboxkrnl.exe.def:354"", ""ntoskrnl/xb/ordinals.map:424"", ""ntoskrnl/xb/crypto.c:1260"", ""ntoskrnl/xb/crypto.c:1075"", ""ntoskrnl/xb/crypto.c:936""]",One/three fixed16-round schedules PC1/rotations/PC2 and ABI packing. Broad schedule replacement adds layout/code risk without measured need.,,Preserve opaque ABI-fixed128/384-byte table and nonzero cipher triple policy.,
348,XcBlockCrypt,function,io_hal_crypto,candidate,XcVector -> XcpBlockCrypt/CBC -> DesLoadKey/DesCryptBlock,"[""ntoskrnl/xb/xboxkrnl.exe.def:355"", ""ntoskrnl/xb/ordinals.map:425"", ""ntoskrnl/xb/crypto.c:1263"", ""ntoskrnl/xb/crypto.c:1100"", ""ntoskrnl/xb/crypto.c:907"", ""ntoskrnl/xb/crypto.c:967""]",Single block decodes one/three tables then one/three DES passes. Decoder reverses six-bit values in six-iteration inner loop.,des_decode_reverse,Medium: schedule ABI; compiler strength reduction/table footprint may erase time benefit. DesBlock dominates bulk CBC.,"{""status"": ""proposed_not_run"", ""structural_bound"": ""Each decoded DES schedule loops16*8*6=768 bit iterations, triple2304. CBC already decodes once per request."", ""recipe"": ""Actual BlockCrypt/CBC DES/nonzero cipher, encrypt/decrypt, lengths0..15,64,4096, in/out-of-place offsets0..3; mutate packed tables for all round/S-box values0..63. Compare ciphertext/plaintext/feedback/untouched tails baseline and public DES/triple known-answer vectors. Count768/2304 ->128/384 lookups; time single versus bulk and record text/rodata (+64-byte table before linker effects). Cipher values0,1,2,MAXULONG and Op0,1,2 must retain default policy."", ""timing_protocol"": ""Proposed, not run. Actual changed implementation, identical compiler/defines, guest ISO/inputs and xemu128-MiB; at least seven paired alternating-order baseline/candidate trials. Retain every sample; report median and variation. Claim time gain only above variation, otherwise verified work counts. No Docker/build/binary execution in audit.""}"
349,XcBlockCryptCBC,function,io_hal_crypto,candidate,XcVector -> XcpBlockCrypt/CBC -> DesLoadKey/DesCryptBlock,"[""ntoskrnl/xb/xboxkrnl.exe.def:356"", ""ntoskrnl/xb/ordinals.map:426"", ""ntoskrnl/xb/crypto.c:1267"", ""ntoskrnl/xb/crypto.c:1112"", ""ntoskrnl/xb/crypto.c:907"", ""ntoskrnl/xb/crypto.c:967""]","CBC Len<8 returns; decodes once/request, complete blocks/feedback and untouched partial tail. Decoder reverses six-bit values in six-iteration inner loop.",des_decode_reverse,Medium: schedule ABI; compiler strength reduction/table footprint may erase time benefit. DesBlock dominates bulk CBC.,"{""status"": ""proposed_not_run"", ""structural_bound"": ""Each decoded DES schedule loops16*8*6=768 bit iterations, triple2304. CBC already decodes once per request."", ""recipe"": ""Actual BlockCrypt/CBC DES/nonzero cipher, encrypt/decrypt, lengths0..15,64,4096, in/out-of-place offsets0..3; mutate packed tables for all round/S-box values0..63. Compare ciphertext/plaintext/feedback/untouched tails baseline and public DES/triple known-answer vectors. Count768/2304 ->128/384 lookups; time single versus bulk and record text/rodata (+64-byte table before linker effects). Cipher values0,1,2,MAXULONG and Op0,1,2 must retain default policy."", ""timing_protocol"": ""Proposed, not run. Actual changed implementation, identical compiler/defines, guest ISO/inputs and xemu128-MiB; at least seven paired alternating-order baseline/candidate trials. Retain every sample; report median and variation. Claim time gain only above variation, otherwise verified work counts. No Docker/build/binary execution in audit.""}"
350,XcCryptService,function,io_hal_crypto,stub,XcVector.CryptService -> default XcpCryptService,"[""ntoskrnl/xb/xboxkrnl.exe.def:357"", ""ntoskrnl/xb/ordinals.map:427"", ""ntoskrnl/xb/crypto.c:1272"", ""ntoskrnl/xb/crypto.c:1091""]",Export dispatches mutable vector; default ignores Op/Args and returns0. Explicit default no-op; constant wrapper replacement breaks installed callbacks.,,Preserve override dispatch/return; default service remains no-op.,
351,XcUpdateCrypto,function,io_hal_crypto,no_change,XcUpdateCrypto -> XcRomVector/XcVector,"[""ntoskrnl/xb/xboxkrnl.exe.def:358"", ""ntoskrnl/xb/ordinals.map:428"", ""ntoskrnl/xb/crypto.c:1201"", ""ntoskrnl/xb/crypto.c:1197""]",Optional64-byte ROM copy and fixed16-pointer loop replaces nonnull slots only. Small constant work; no cache may hide function-pointer updates.,,"Preserve NULL-slot retention, ROM not prior-table output and slot order.",
352,RtlRip,function,memory_rtl,no_change,DbgPrint / DbgBreakPoint,"[""ntoskrnl/xb/rtlassert.c:31"", ""ntoskrnl/xb/kd-release-stubs.c:20""]","Formats API/expression/message then breaks; identical diagnostic/breakpoint semantics must remain, and no hot-path speed claim is justified. DBG=0 uses the release KD route that drops output; DBG=1 links the real debugger/output path. The diagnostic call and unconditional breakpoint remain in both.",,Preserve exception/context/handler and shutdown unwind behavior.,
353,XboxLANKey,data,io_hal_crypto,data,XboxLANKey,"[""ntoskrnl/xb/xboxkrnl.exe.def:360"", ""ntoskrnl/xb/ordinals.map:398"", ""ntoskrnl/xb/titlekeys.c:43""]","16-byte per-title LAN key; derived at load. Direct storage access, no per-export call/scan/allocation.",,Preserve size/alignment/layout/address/content and mutable consumers.,
354,XboxAlternateSignatureKeys,data,io_hal_crypto,data,XboxAlternateSignatureKeys,"[""ntoskrnl/xb/xboxkrnl.exe.def:361"", ""ntoskrnl/xb/ordinals.map:399"", ""ntoskrnl/xb/titlekeys.c:45""]","256-byte alternate-signature key array; derived at load. Direct storage access, no per-export call/scan/allocation.",,Preserve size/alignment/layout/address/content and mutable consumers.,
355,XePublicKeyData,data,io_hal_crypto,data,XePublicKeyData,"[""ntoskrnl/xb/xboxkrnl.exe.def:362"", ""ntoskrnl/xb/ordinals.map:434"", ""ntoskrnl/xb/sizeddata.c:35""]","Aligned 284-byte zero public-key storage; missing content remains explicit. Direct storage access, no per-export call/scan/allocation.",,Preserve size/alignment/layout/address/content and mutable consumers.,
356,HalBootSMCVideoMode,data,io_hal_crypto,data,HalBootSMCVideoMode,"[""ntoskrnl/xb/xboxkrnl.exe.def:363"", ""ntoskrnl/xb/ordinals.map:435"", ""hal/halx86/xbox/hal.c:126""]","4-byte boot AV mode initialized 1. Direct storage access, no per-export call/scan/allocation.",,Preserve size/alignment/layout/address/content and mutable consumers.,
357,IdexChannelObject,data,io_hal_crypto,data,IdexChannelObject,"[""ntoskrnl/xb/xboxkrnl.exe.def:364"", ""ntoskrnl/xb/ordinals.map:436"", ""ntoskrnl/xb/ide.c:9"", ""ntoskrnl/xb/ide.c:84"", ""sdk/include/reactos/xb-ide.h:36""]","Live 264-byte NX_IDE_CHANNEL initialized callbacks/queue/timer, bridging native IRQ. Stale map says zeroed storage. Direct storage access, no per-export call/scan/allocation.",,Preserve size/alignment/layout/address/content and mutable consumers.,
358,HalIsResetOrShutdownPending,function,io_hal_crypto,no_change,HalIsResetOrShutdownPending state flag,"[""ntoskrnl/xb/xboxkrnl.exe.def:365"", ""ntoskrnl/xb/ordinals.map:437"", ""hal/halx86/xbox/hal.c:93""]",One mutable pending boolean load. No allocation/scan; minimal.,,Do not invent ISR/reboot behavior in a cost optimization.,
359,IoMarkIrpMustComplete,function,io_hal_crypto,stub,IoMarkIrpMustComplete no-op,"[""ntoskrnl/xb/xboxkrnl.exe.def:366"", ""ntoskrnl/xb/ordinals.map:438"", ""ntoskrnl/xb/xbe.c:1043""]",Ignores IRP; no marking/enforcement exists and no work to optimize.,,Missing must-complete behavior must remain explicit.,
360,HalInitiateShutdown,function,io_hal_crypto,no_change,HalInitiateShutdown state flag,"[""ntoskrnl/xb/xboxkrnl.exe.def:367"", ""ntoskrnl/xb/ordinals.map:439"", ""hal/halx86/xbox/hal.c:95""]",One pending boolean store. No allocation/scan; minimal.,,Do not invent ISR/reboot behavior in a cost optimization.,
361,RtlSnprintf,function,memory_rtl,no_change,_vsnprintf -> _sxprintf.c -> streamout,"[""ntoskrnl/xb/rtlprintf.c:25"", ""sdk/lib/crt/printf/_vsnprintf.c:10"", ""sdk/lib/crt/printf/streamout.c:326""]","Minimal cdecl adapter supplies va_list and bounded or size_t(-1) capacity to the same runtime formatter. Actual format parsing, widths/precision/type conversions and return/truncation are required; no evidence for a format-specific cache or separate formatter.",,"Preserve calling convention, exact return/error/length behavior, alignment, zero-length and buffer ownership; no FPU/SSE assumptions.",
362,RtlSprintf,function,memory_rtl,no_change,_vsnprintf -> _sxprintf.c -> streamout,"[""ntoskrnl/xb/rtlprintf.c:37"", ""sdk/lib/crt/printf/_vsnprintf.c:10"", ""sdk/lib/crt/printf/streamout.c:326""]","Minimal cdecl adapter supplies va_list and bounded or size_t(-1) capacity to the same runtime formatter. Actual format parsing, widths/precision/type conversions and return/truncation are required; no evidence for a format-specific cache or separate formatter.",,"Preserve calling convention, exact return/error/length behavior, alignment, zero-length and buffer ownership; no FPU/SSE assumptions.",
363,RtlVsnprintf,function,memory_rtl,no_change,_vsnprintf -> _sxprintf.c -> streamout,"[""ntoskrnl/xb/rtlprintf.c:13"", ""sdk/lib/crt/printf/_vsnprintf.c:10"", ""sdk/lib/crt/printf/streamout.c:326""]","Minimal cdecl adapter supplies va_list and bounded or size_t(-1) capacity to the same runtime formatter. Actual format parsing, widths/precision/type conversions and return/truncation are required; no evidence for a format-specific cache or separate formatter.",,"Preserve calling convention, exact return/error/length behavior, alignment, zero-length and buffer ownership; no FPU/SSE assumptions.",
364,RtlVsprintf,function,memory_rtl,no_change,_vsnprintf -> _sxprintf.c -> streamout,"[""ntoskrnl/xb/rtlprintf.c:19"", ""sdk/lib/crt/printf/_vsnprintf.c:10"", ""sdk/lib/crt/printf/streamout.c:326""]","Minimal cdecl adapter supplies va_list and bounded or size_t(-1) capacity to the same runtime formatter. Actual format parsing, widths/precision/type conversions and return/truncation are required; no evidence for a format-specific cache or separate formatter.",,"Preserve calling convention, exact return/error/length behavior, alignment, zero-length and buffer ownership; no FPU/SSE assumptions.",
365,HalEnableSecureTrayEject,function,io_hal_crypto,no_change,HalEnableSecureTrayEject state flag,"[""ntoskrnl/xb/xboxkrnl.exe.def:372"", ""ntoskrnl/xb/ordinals.map:440"", ""hal/halx86/xbox/hal.c:86""]",One secure-eject boolean store; no ISR consumes it yet. No allocation/scan; minimal.,,Do not invent ISR/reboot behavior in a cost optimization.,
366,HalWriteSMCScratchRegister,function,io_hal_crypto,no_change,HalWriteSMCScratchRegister -> HalpXboxSmBusTransfer,"[""ntoskrnl/xb/xboxkrnl.exe.def:373"", ""ntoskrnl/xb/ordinals.map:441"", ""ntoskrnl/xb/xbe.c:2432"", ""hal/halx86/xbox/smbus.c:40""]",Scratch adapter truncates low byte and sends one SMC register write. Shared backend bounds idle to 65536 polls and each of 50 attempts to 131072 completion polls plus retry stall. Required device access/retry behavior is not optimizable by skipping reads.,,"Preserve port widths/order, status bits, bounded polls/retries/stalls and live errors.",
374,MmDbgAllocateMemory,function,memory_rtl,stub,Generated XbExpStub_374 -> XbExpBugCheck -> KeBugCheckEx,"[""ntoskrnl/xb/gen-exports.py:189"", ""ntoskrnl/xb/xboxkrnl.exe.def:374"", ""ntoskrnl/CMakeLists.txt:28"", ""ntoskrnl/xb/gen-exports.py:134""]","No ordinal mapping exists: build generator emits a correct-arity fatal stub using bugcheck 0xE0000002 and this ordinal. ARM3 mmdbg.c is compiled but defines MmDbgCopyMemory, not this Xbox API. Missing behavior cannot be reclassified as a performance optimization or replaced with success.",,Missing implementation; caller is terminated by the existing fatal scaffold.,
375,MmDbgFreeMemory,function,memory_rtl,stub,Generated XbExpStub_375 -> XbExpBugCheck -> KeBugCheckEx,"[""ntoskrnl/xb/gen-exports.py:189"", ""ntoskrnl/xb/xboxkrnl.exe.def:375"", ""ntoskrnl/CMakeLists.txt:28"", ""ntoskrnl/xb/gen-exports.py:134""]","No ordinal mapping exists: build generator emits a correct-arity fatal stub using bugcheck 0xE0000002 and this ordinal. ARM3 mmdbg.c is compiled but defines MmDbgCopyMemory, not this Xbox API. Missing behavior cannot be reclassified as a performance optimization or replaced with success.",,Missing implementation; caller is terminated by the existing fatal scaffold.,
376,MmDbgQueryAvailablePages,function,memory_rtl,stub,Generated XbExpStub_376 -> XbExpBugCheck -> KeBugCheckEx,"[""ntoskrnl/xb/gen-exports.py:189"", ""ntoskrnl/xb/xboxkrnl.exe.def:376"", ""ntoskrnl/CMakeLists.txt:28"", ""ntoskrnl/xb/gen-exports.py:134""]","No ordinal mapping exists: build generator emits a correct-arity fatal stub using bugcheck 0xE0000002 and this ordinal. ARM3 mmdbg.c is compiled but defines MmDbgCopyMemory, not this Xbox API. Missing behavior cannot be reclassified as a performance optimization or replaced with success.",,Missing implementation; caller is terminated by the existing fatal scaffold.,
377,MmDbgReleaseAddress,function,memory_rtl,stub,Generated XbExpStub_377 -> XbExpBugCheck -> KeBugCheckEx,"[""ntoskrnl/xb/gen-exports.py:189"", ""ntoskrnl/xb/xboxkrnl.exe.def:377"", ""ntoskrnl/CMakeLists.txt:28"", ""ntoskrnl/xb/gen-exports.py:134""]","No ordinal mapping exists: build generator emits a correct-arity fatal stub using bugcheck 0xE0000002 and this ordinal. ARM3 mmdbg.c is compiled but defines MmDbgCopyMemory, not this Xbox API. Missing behavior cannot be reclassified as a performance optimization or replaced with success.",,Missing implementation; caller is terminated by the existing fatal scaffold.,
378,MmDbgWriteCheck,function,memory_rtl,stub,Generated XbExpStub_378 -> XbExpBugCheck -> KeBugCheckEx,"[""ntoskrnl/xb/gen-exports.py:189"", ""ntoskrnl/xb/xboxkrnl.exe.def:378"", ""ntoskrnl/CMakeLists.txt:28"", ""ntoskrnl/xb/gen-exports.py:134""]","No ordinal mapping exists: build generator emits a correct-arity fatal stub using bugcheck 0xE0000002 and this ordinal. ARM3 mmdbg.c is compiled but defines MmDbgCopyMemory, not this Xbox API. Missing behavior cannot be reclassified as a performance optimization or replaced with success.",,Missing implementation; caller is terminated by the existing fatal scaffold.,
