
LoaderMain entered
xz_dec_run csize=257544 dsize=645120...
PeLoad...
kernel_entry=0x840adf8e size=0xb8000 fail=0
PagingInit...
pi0
pi1
pi2
pi3
pi4
PagingEnable...
pe0
pe1
pe2
pe3
paging on; reading via VA
VA base=0x905a4d entry=0x57e58955 pcr=0 kuser=0
jumping to KiSystemStartup
(/ntoskrnl/kd64/kdinit.c:94) -----------------------------------------------------
(/ntoskrnl/kd64/kdinit.c:95) ReactOS 0.4.17-x86-dev (Build 20260831-v0.1.0-0-g1569e2e) (Commit 1569e2e89fb47cc72b9c704a8884f98200432bd4)
(/ntoskrnl/kd64/kdinit.c:96) 1 System Processor [124 MB Memory]
(/ntoskrnl/kd64/kdinit.c:100) Command Line: /MININT /INRAM /DEBUG /DEBUGPORT=COM1 /BAUDRATE=115200
(/ntoskrnl/kd64/kdinit.c:101) ARC Paths: multi(0)disk(0)rdisk(0)partition(1) \ multi(0)disk(0)rdisk(0)partition(1) \nxkrnl\
(/ntoskrnl/ke/i386/cpu.c:469) Supported CPU features: KF_RDTSC KF_CR4 KF_CMOV KF_GLOBAL_PAGE KF_LARGE_PAGE KF_MTRR KF_CMPXCHG8B KF_MMX KF_WORKING_PTE KF_PAT KF_FXSR KF_FAST_SYSCALL KF_XMMI X86_FEATURE_PAE
(/ntoskrnl/ke/i386/cpu.c:761) Prefetch Cache: 32 bytes	L2 Cache: 131072 bytes	L2 Cache Line: 64 bytes	L2 Cache Associativity: 4
nxkrnl 0.1.0 (1569e2e8-dirty)
(/hal/halx86/xbox/pci.c:247) PCI configuration programmed to the retail layout
(/ntoskrnl/xb/mm/init.c:241) MAPDUMP type=20 base=00000 pages=     1  PA 00000000-00001000
(/ntoskrnl/xb/mm/init.c:241) MAPDUMP type= 2 base=00001 pages=    12  PA 00001000-0000d000
(/ntoskrnl/xb/mm/init.c:241) MAPDUMP type=20 base=0000d pages=     4  PA 0000d000-00011000
(/ntoskrnl/xb/mm/init.c:241) MAPDUMP type= 2 base=00011 pages=    31  PA 00011000-00030000
(/ntoskrnl/xb/mm/init.c:241) MAPDUMP type=20 base=00030 pages=    16  PA 00030000-00040000
(/ntoskrnl/xb/mm/init.c:241) MAPDUMP type= 7 base=00040 pages=     2  PA 00040000-00042000
(/ntoskrnl/xb/mm/init.c:241) MAPDUMP type= 2 base=00042 pages=   190  PA 00042000-00100000
(/ntoskrnl/xb/mm/init.c:241) MAPDUMP type= 2 base=00100 pages=   256  PA 00100000-00200000
(/ntoskrnl/xb/mm/init.c:241) MAPDUMP type= 2 base=00200 pages= 14848  PA 00200000-03c00000
(/ntoskrnl/xb/mm/init.c:241) MAPDUMP type= 6 base=03c00 pages=  1024  PA 03c00000-04000000
(/ntoskrnl/xb/mm/init.c:241) MAPDUMP type= 9 base=04000 pages=   184  PA 04000000-040b8000
(/ntoskrnl/xb/mm/init.c:241) MAPDUMP type= 2 base=040b8 pages= 15944  PA 040b8000-07f00000 <Mx>
(/ntoskrnl/xb/mm/init.c:241) MAPDUMP type=20 base=07f00 pages=    22  PA 07f00000-07f16000
(/ntoskrnl/xb/mm/init.c:241) MAPDUMP type= 2 base=07f16 pages=   234  PA 07f16000-08000000
(/ntoskrnl/xb/mm/init.c:197) nv2a split: reclaim PA 03c00000-03ff0000 (4032 KB) for title heap; keep PA 03ff0000-04000000 (64 KB) reserved for GPU
(/ntoskrnl/mm/ARM3/mminit.c:482) MxGetNextPage: 71 pages (284 KB) caller=840A9E09
(/ntoskrnl/mm/ARM3/i386/init.c:564) FREEPAGES after PFN init: MmAvailablePages=32441 (129764 KB) MmNumberOfPhysicalPages=32768
(/ntoskrnl/mm/ARM3/i386/init.c:570) VAMAP SysPte=84400000..86401000(+8192) PfnDb=B0000000 NpPool=B0121000..F0000000 exp=ED164000 SysCache=C1000000..00000000 PagedPool=E1000000..00000000 NpSize=200000 NpMax=309c000
(/ntoskrnl/mm/ARM3/mminit.c:1899) MiBuildPagedPool ENTER (PagedPoolStart=E1000000)
(/ntoskrnl/xb/mm/init.c:638) Xbox MMIO windows mapped (WC 0xF0000000-0xF8000000, UC MMIO 0xF8000000-0xFFC00000)
(/ntoskrnl/xb/mm/init.c:747) Xbox KSEG0 painted (0x80000000-0x84000000 WB)
(/ntoskrnl/xb/mm/sysva.c:51) system-VA aperture at 0xd0000000-0xd3ffffff (demand-mapped)
(/hal/halx86/xbox/pci.c:288) PCI memory-size programmed (xbox_ram = 128 MiB)
nxkrnl-video: BootVgaInitializationKernelNG enter
nxkrnl-video: BootVgaInitializationKernelNG done (encoder=0 av_mode=1 w=720 h=480)
(/ntoskrnl/ke/i386/patpge.c:107) IA32_PAT set to the Xbox configuration (WC at PA1/PA5)
(/ntoskrnl/ke/i386/mtrr.c:110) MTRRs set to the Xbox retail configuration
(/ntoskrnl/mm/mminit.c:135)           0x80000000 - 0x84400000	Boot Loaded Image
(/ntoskrnl/mm/mminit.c:140)           0x84400000 - 0x86401000	System PTE Space
(/ntoskrnl/mm/mminit.c:146)           0xB0000000 - 0xB0121000	PFN Database
(/ntoskrnl/mm/mminit.c:150)           0xB0121000 - 0xB0321000	ARM3 Non Paged Pool
(/ntoskrnl/mm/mminit.c:154)           0xB9400000 - 0xBB400000	System View Space
(/ntoskrnl/mm/mminit.c:158)           0xBB400000 - 0xC0000000	Session Space
(/ntoskrnl/mm/mminit.c:162)           0xC0000000 - 0xC03FFFFF	Page Tables
(/ntoskrnl/mm/mminit.c:165)           0xC0300000 - 0xC0300FFF	Page Directories
(/ntoskrnl/mm/mminit.c:168)           0xC0400000 - 0xC07FFFFF	Hyperspace
(/ntoskrnl/mm/mminit.c:171)           0xC1000000 - 0xE0FFFFFF	System Cache
(/ntoskrnl/mm/mminit.c:174)           0xE1000000 - 0xE7400000	ARM3 Paged Pool
(/ntoskrnl/mm/mminit.c:185)           0xED164000 - 0xF0000000	Non Paged Pool Expansion PTE Space
(/ntoskrnl/xb/mm/cache.c:1809) 4 x 16 KB blocks
Xbox HAL detected
registered (XDVDFS read-only)
BOOT DRIVERS LOADED
(/hal/halx86/legacy/bussupp.c:1490) No translator Interface: 5, Bus: 0, Handler: 00000000, BusAddress: 1f0!
(/hal/halx86/legacy/bussupp.c:1490) No translator Interface: 5, Bus: 0, Handler: 00000000, BusAddress: 3f6!
(/hal/halx86/legacy/bussupp.c:1490) No translator Interface: 5, Bus: 0, Handler: 00000000, BusAddress: 170!
(/hal/halx86/legacy/bussupp.c:1490) No translator Interface: 5, Bus: 0, Handler: 00000000, BusAddress: 376!
(/hal/halx86/legacy/bussupp.c:1490) No translator Interface: 5, Bus: 0, Handler: 00000000, BusAddress: ff60!
XBE loader starting
mounted CdRom volume rootSec=264 rootSize=1196 serial=37d51f00
opened \Device\CdRom0\default.xbe
XBE base=00010000 image=002fb020 headers=00000639 sections=6
section 0  va=00011000 vsize=00228000 raw=00001000 rsize=00227600
section 1  va=00239000 vsize=00055000 raw=00229000 rsize=00054504
section 2  va=0028e000 vsize=0007b000 raw=0027e000 rsize=0001545c
section 3  va=00309000 vsize=00001000 raw=00294000 rsize=00000454
section 4  va=0030a000 vsize=00001000 raw=00295000 rsize=0000000c
section 5  va=0030b000 vsize=00000020 raw=00296000 rsize=00000020
entry=00237ee0 kernel-thunks=0028d394 tls-dir=00247900
resolved 88 kernel thunk(s)
entry-thread TLS block=C104940C size=124 (raw=114 zero=0)
spawning XBE entry 00237ee0 on a dedicated thread (PeStackCommit=10000)
title thread up (tls=C104940C, start=840683DC, fs:[0x28]=0xc10335d4)
XBE entry thread returned
title thread returned
title thread up (tls=C104920C, start=00238230, fs:[0x28]=0xc10501d4)
AvSendTVEncoderOption: opt=6 param=00000000 result=003034D8
AvSendTVEncoderOption(GET_SETTINGS) -> 004e0104
AvSendTVEncoderOption: opt=9 param=00000001 result=00000000
AvSendTVEncoderOption: opt=11 param=00000005 result=00000000
AvSendTVEncoderOption: opt=14 param=00000001 result=00000000
AvSendTVEncoderOption: opt=9 param=00000000 result=00000000
MmClaimGpuInstanceMemory(req=0xffffffff) claim=0x0 pad=0x10000 -> 0x83ff0000
Opening log file at e:\xemu_perf_tests\results.txt
RUNNING_PROGRESS Suite initialize: BusyPfifo
RUNNING_PROGRESS Test: BusyPfifo::PFIFOSaturation
TEST_BEGIN BusyPfifo::PFIFOSaturation
WARMUP_BEGIN BusyPfifo::PFIFOSaturation iterations=2
WARMUP_END BusyPfifo::PFIFOSaturation
MEASURE_BEGIN BusyPfifo::PFIFOSaturation iterations=10 samples=10 multiplier=1 mode=enqueue
MEASURE_END BusyPfifo::PFIFOSaturation duration_us=14206831 completion_wait_us=0
CORRECTNESS_HASH BusyPfifo::PFIFOSaturation fnv1a64=c52d6cc9bc21c2a9
TEST_END BusyPfifo::PFIFOSaturation
RUNNING_PROGRESS Test: BusyPfifo::PgraphPatternPolling
TEST_BEGIN BusyPfifo::PgraphPatternPolling
WARMUP_BEGIN BusyPfifo::PgraphPatternPolling iterations=2
WARMUP_END BusyPfifo::PgraphPatternPolling
MEASURE_BEGIN BusyPfifo::PgraphPatternPolling iterations=1 samples=1 multiplier=1 mode=enqueue
MEASURE_END BusyPfifo::PgraphPatternPolling duration_us=55526698 completion_wait_us=0
CPU_WORK BusyPfifo::PgraphPatternPolling reads=25600000 methods=2918656 observed=768 invalid=0 regressions=0 checksum=be7bddde final=a5000300
CORRECTNESS_HASH BusyPfifo::PgraphPatternPolling fnv1a64=386d0f085e98c325
TEST_END BusyPfifo::PgraphPatternPolling
RUNNING_PROGRESS Suite teardown: BusyPfifo
RUNNING_PROGRESS Suite initialize: CpuFloatingPoint
RUNNING_PROGRESS Test: CpuFloatingPoint::SSEScalar
TEST_BEGIN CpuFloatingPoint::SSEScalar
WARMUP_BEGIN CpuFloatingPoint::SSEScalar iterations=2
WARMUP_END CpuFloatingPoint::SSEScalar
MEASURE_BEGIN CpuFloatingPoint::SSEScalar iterations=10 samples=10 multiplier=1 mode=enqueue
MEASURE_END CpuFloatingPoint::SSEScalar duration_us=79418691 completion_wait_us=0
CPU_WORK CpuFloatingPoint::SSEScalar operations=50331648 result=3f800000 mxcsr=00001f80
CORRECTNESS_HASH CpuFloatingPoint::SSEScalar fnv1a64=6962077c244da325
TEST_END CpuFloatingPoint::SSEScalar
RUNNING_PROGRESS Test: CpuFloatingPoint::X87Scalar
TEST_BEGIN CpuFloatingPoint::X87Scalar
WARMUP_BEGIN CpuFloatingPoint::X87Scalar iterations=2
WARMUP_END CpuFloatingPoint::X87Scalar
MEASURE_BEGIN CpuFloatingPoint::X87Scalar iterations=10 samples=10 multiplier=1 mode=enqueue
MEASURE_END CpuFloatingPoint::X87Scalar duration_us=91690302 completion_wait_us=0
CPU_WORK CpuFloatingPoint::X87Scalar operations=268435456 result=3f800000 status=4000
CORRECTNESS_HASH CpuFloatingPoint::X87Scalar fnv1a64=6962077c244da325
TEST_END CpuFloatingPoint::X87Scalar
RUNNING_PROGRESS Suite teardown: CpuFloatingPoint
RUNNING_PROGRESS Suite initialize: CpuTranslationBlocks
RUNNING_PROGRESS Test: CpuTranslationBlocks::DirectLoop
TEST_BEGIN CpuTranslationBlocks::DirectLoop
WARMUP_BEGIN CpuTranslationBlocks::DirectLoop iterations=2
WARMUP_END CpuTranslationBlocks::DirectLoop
MEASURE_BEGIN CpuTranslationBlocks::DirectLoop iterations=10 samples=10 multiplier=1 mode=enqueue
MEASURE_END CpuTranslationBlocks::DirectLoop duration_us=1103438 completion_wait_us=0
CPU_WORK CpuTranslationBlocks::DirectLoop operations=4000000 checksum=8cecf231
CORRECTNESS_HASH CpuTranslationBlocks::DirectLoop fnv1a64=bd1fc9bf0c318325
TEST_END CpuTranslationBlocks::DirectLoop
RUNNING_PROGRESS Test: CpuTranslationBlocks::IndirectDispatch
TEST_BEGIN CpuTranslationBlocks::IndirectDispatch
WARMUP_BEGIN CpuTranslationBlocks::IndirectDispatch iterations=2
WARMUP_END CpuTranslationBlocks::IndirectDispatch
MEASURE_BEGIN CpuTranslationBlocks::IndirectDispatch iterations=10 samples=10 multiplier=1 mode=enqueue
MEASURE_END CpuTranslationBlocks::IndirectDispatch duration_us=5408437 completion_wait_us=0
CPU_WORK CpuTranslationBlocks::IndirectDispatch operations=1000000 checksum=d561b779
CORRECTNESS_HASH CpuTranslationBlocks::IndirectDispatch fnv1a64=c0426cf669a02325
TEST_END CpuTranslationBlocks::IndirectDispatch
RUNNING_PROGRESS Test: CpuTranslationBlocks::IndirectDispatchStress
TEST_BEGIN CpuTranslationBlocks::IndirectDispatchStress
WARMUP_BEGIN CpuTranslationBlocks::IndirectDispatchStress iterations=2
WARMUP_END CpuTranslationBlocks::IndirectDispatchStress
MEASURE_BEGIN CpuTranslationBlocks::IndirectDispatchStress iterations=10 samples=10 multiplier=1 mode=enqueue
MEASURE_END CpuTranslationBlocks::IndirectDispatchStress duration_us=97171251 completion_wait_us=0
CPU_WORK CpuTranslationBlocks::IndirectDispatchStress operations=20000000 checksum=c4fdffcd
CORRECTNESS_HASH CpuTranslationBlocks::IndirectDispatchStress fnv1a64=fbd507cb0c622325
TEST_END CpuTranslationBlocks::IndirectDispatchStress
RUNNING_PROGRESS Suite teardown: CpuTranslationBlocks
RUNNING_PROGRESS Suite initialize: FillRate
RUNNING_PROGRESS Test: FillRate::FillRate-Solid
TEST_BEGIN FillRate::FillRate-Solid
WARMUP_BEGIN FillRate::FillRate-Solid iterations=2
WARMUP_END FillRate::FillRate-Solid
MEASURE_BEGIN FillRate::FillRate-Solid iterations=10 samples=10 multiplier=1 mode=enqueue
MEASURE_END FillRate::FillRate-Solid duration_us=155969 completion_wait_us=0
CORRECTNESS_HASH FillRate::FillRate-Solid fnv1a64=723a0da235efbe45
TEST_END FillRate::FillRate-Solid
RUNNING_PROGRESS Test: FillRate::FillRate-Textured
TEST_BEGIN FillRate::FillRate-Textured
WARMUP_BEGIN FillRate::FillRate-Textured iterations=2
WARMUP_END FillRate::FillRate-Textured
MEASURE_BEGIN FillRate::FillRate-Textured iterations=10 samples=10 multiplier=1 mode=enqueue
MEASURE_END FillRate::FillRate-Textured duration_us=246974 completion_wait_us=0
CORRECTNESS_HASH FillRate::FillRate-Textured fnv1a64=676d08f6309f0ea8
TEST_END FillRate::FillRate-Textured
RUNNING_PROGRESS Suite teardown: FillRate
RUNNING_PROGRESS Suite initialize: GameLoadComposite
title thread up (tls=C105140C, start=00041220, fs:[0x28]=0xc10335d4)
RUNNING_PROGRESS Test: GameLoadComposite::08-LongUnlockedScene
COMPOSITE_SCENE_STAGE name=08-LongUnlockedScene-01-CPU stage=8001 seed=d0a40002 state=d0a40005 warmup=2 multiplier=1 gpu_precondition_alpha_draws=8192
TEST_BEGIN GameLoadComposite::08-LongUnlockedScene-01-CPU
WARMUP_BEGIN GameLoadComposite::08-LongUnlockedScene-01-CPU iterations=2
WARMUP_END GameLoadComposite::08-LongUnlockedScene-01-CPU
MEASURE_BEGIN GameLoadComposite::08-LongUnlockedScene-01-CPU iterations=8 samples=8 multiplier=1 mode=enqueue
MEASURE_END GameLoadComposite::08-LongUnlockedScene-01-CPU duration_us=2133112 completion_wait_us=0
COMPOSITE_KAT_CANONICAL stage=cpu cpu=a3601189 x87=027f mxcsr=00001f80
COMPOSITE_SCENE_STAGE name=08-LongUnlockedScene-02-PFIFO stage=8002 seed=d0a40002 state=b779086f warmup=2 multiplier=1 gpu_precondition_alpha_draws=8192
TEST_BEGIN GameLoadComposite::08-LongUnlockedScene-02-PFIFO
WARMUP_BEGIN GameLoadComposite::08-LongUnlockedScene-02-PFIFO iterations=2
WARMUP_END GameLoadComposite::08-LongUnlockedScene-02-PFIFO
MEASURE_BEGIN GameLoadComposite::08-LongUnlockedScene-02-PFIFO iterations=8 samples=8 multiplier=1 mode=enqueue
MEASURE_END GameLoadComposite::08-LongUnlockedScene-02-PFIFO duration_us=605842 completion_wait_us=0
COMPOSITE_SCENE_GPU_PRECONDITION alpha_draws=8192
COMPOSITE_SCENE_STAGE name=08-LongUnlockedScene-03-AlphaOverdraw stage=8003 seed=d0a40002 state=9facdccf warmup=2 multiplier=1 gpu_precondition_alpha_draws=8192
TEST_BEGIN GameLoadComposite::08-LongUnlockedScene-03-AlphaOverdraw
WARMUP_BEGIN GameLoadComposite::08-LongUnlockedScene-03-AlphaOverdraw iterations=2
WARMUP_END GameLoadComposite::08-LongUnlockedScene-03-AlphaOverdraw
MEASURE_BEGIN GameLoadComposite::08-LongUnlockedScene-03-AlphaOverdraw iterations=8 samples=8 multiplier=1 mode=enqueue
MEASURE_END GameLoadComposite::08-LongUnlockedScene-03-AlphaOverdraw duration_us=3806829 completion_wait_us=0
COMPOSITE_SCENE_STAGE name=08-LongUnlockedScene-04-StreamingSurfaceReuse stage=8004 seed=d0a40002 state=471f322d warmup=2 multiplier=1 gpu_precondition_alpha_draws=8192
TEST_BEGIN GameLoadComposite::08-LongUnlockedScene-04-StreamingSurfaceReuse
WARMUP_BEGIN GameLoadComposite::08-LongUnlockedScene-04-StreamingSurfaceReuse iterations=2
WARMUP_END GameLoadComposite::08-LongUnlockedScene-04-StreamingSurfaceReuse
MEASURE_BEGIN GameLoadComposite::08-LongUnlockedScene-04-StreamingSurfaceReuse iterations=8 samples=8 multiplier=1 mode=enqueue
MEASURE_END GameLoadComposite::08-LongUnlockedScene-04-StreamingSurfaceReuse duration_us=635078 completion_wait_us=0
COMPOSITE_SCENE_STAGE name=08-LongUnlockedScene-05-Combined stage=8005 seed=d0a40002 state=9b8fb223 warmup=2 multiplier=1 gpu_precondition_alpha_draws=8192
TEST_BEGIN GameLoadComposite::08-LongUnlockedScene-05-Combined
WARMUP_BEGIN GameLoadComposite::08-LongUnlockedScene-05-Combined iterations=2
WARMUP_END GameLoadComposite::08-LongUnlockedScene-05-Combined
MEASURE_BEGIN GameLoadComposite::08-LongUnlockedScene-05-Combined iterations=8 samples=8 multiplier=1 mode=enqueue
MEASURE_END GameLoadComposite::08-LongUnlockedScene-05-Combined duration_us=7206354 completion_wait_us=0
COMPOSITE_KAT stage=combined cpu=aac924e0 loader=2c63685e
COMPOSITE_SCENE_STAGE name=08-LongUnlockedScene-06-FullSystem stage=8006 seed=d0a40002 state=8778363b warmup=2 multiplier=1 gpu_precondition_alpha_draws=8192
TEST_BEGIN GameLoadComposite::08-LongUnlockedScene-06-FullSystem
WARMUP_BEGIN GameLoadComposite::08-LongUnlockedScene-06-FullSystem iterations=2
WARMUP_END GameLoadComposite::08-LongUnlockedScene-06-FullSystem
MEASURE_BEGIN GameLoadComposite::08-LongUnlockedScene-06-FullSystem iterations=8 samples=8 multiplier=1 mode=enqueue
MEASURE_END GameLoadComposite::08-LongUnlockedScene-06-FullSystem duration_us=7401306 completion_wait_us=0
COMPOSITE_KAT stage=full_system cpu=7d16ba35 loader=2e10e673
CORRECTNESS_HASH GameLoadComposite::08-LongUnlockedScene fnv1a64=ef7e60fbd9d6a325 kind=group
TEST_END GameLoadComposite::08-LongUnlockedScene
RUNNING_PROGRESS Test: GameLoadComposite::09-CrossTitleHotpath
TEST_BEGIN GameLoadComposite::09-CrossTitleHotpath-01-QueuedVertexCpuWrites
WARMUP_BEGIN GameLoadComposite::09-CrossTitleHotpath-01-QueuedVertexCpuWrites iterations=2
WARMUP_END GameLoadComposite::09-CrossTitleHotpath-01-QueuedVertexCpuWrites
MEASURE_BEGIN GameLoadComposite::09-CrossTitleHotpath-01-QueuedVertexCpuWrites iterations=8 samples=8 multiplier=1 mode=enqueue
MEASURE_END GameLoadComposite::09-CrossTitleHotpath-01-QueuedVertexCpuWrites duration_us=7697130 completion_wait_us=0
COMPOSITE_WORK GameLoadComposite::09-CrossTitleHotpath-01-QueuedVertexCpuWrites preset=09-CrossTitleHotpath phase=01-QueuedVertexCpuWrites seed=43525401 iterations=8 cpu_indirect=0 cpu_fp=0 cpu_memory_bytes=0 decode_bytes=0 pfifo_methods=0 fence_reads=0 gpu_waits=0 draws=16384 primitives=16384 alpha_pixels=113246208 texture_bytes=0 vertex_bytes=2097152 surface_reuses=0 audio_voices=0 audio_buffers=0 audio_bytes=0 audio_mix_operations=0 work_checksum=3a3942a9 result_checksum=a5823fa6
TEST_BEGIN GameLoadComposite::09-CrossTitleHotpath-02-Pgr2SmallDraws
WARMUP_BEGIN GameLoadComposite::09-CrossTitleHotpath-02-Pgr2SmallDraws iterations=2
WARMUP_END GameLoadComposite::09-CrossTitleHotpath-02-Pgr2SmallDraws
MEASURE_BEGIN GameLoadComposite::09-CrossTitleHotpath-02-Pgr2SmallDraws iterations=8 samples=8 multiplier=1 mode=enqueue
MEASURE_END GameLoadComposite::09-CrossTitleHotpath-02-Pgr2SmallDraws duration_us=13386590 completion_wait_us=0
COMPOSITE_WORK GameLoadComposite::09-CrossTitleHotpath-02-Pgr2SmallDraws preset=09-CrossTitleHotpath phase=02-Pgr2SmallDraws seed=43525402 iterations=8 cpu_indirect=0 cpu_fp=0 cpu_memory_bytes=0 decode_bytes=0 pfifo_methods=98312 fence_reads=800000 gpu_waits=0 draws=32768 primitives=32768 alpha_pixels=226492416 texture_bytes=0 vertex_bytes=0 surface_reuses=0 audio_voices=0 audio_buffers=0 audio_bytes=0 audio_mix_operations=0 work_checksum=d1b5efa4 result_checksum=68395856
TEST_BEGIN GameLoadComposite::09-CrossTitleHotpath-03-TextureUpdateReuse
WARMUP_BEGIN GameLoadComposite::09-CrossTitleHotpath-03-TextureUpdateReuse iterations=2
WARMUP_END GameLoadComposite::09-CrossTitleHotpath-03-TextureUpdateReuse
MEASURE_BEGIN GameLoadComposite::09-CrossTitleHotpath-03-TextureUpdateReuse iterations=8 samples=8 multiplier=1 mode=enqueue
MEASURE_END GameLoadComposite::09-CrossTitleHotpath-03-TextureUpdateReuse duration_us=203523 completion_wait_us=0
COMPOSITE_WORK GameLoadComposite::09-CrossTitleHotpath-03-TextureUpdateReuse preset=09-CrossTitleHotpath phase=03-TextureUpdateReuse seed=43525403 iterations=8 cpu_indirect=0 cpu_fp=0 cpu_memory_bytes=0 decode_bytes=1048576 pfifo_methods=0 fence_reads=0 gpu_waits=0 draws=64 primitives=64 alpha_pixels=442368 texture_bytes=1048576 vertex_bytes=8192 surface_reuses=0 audio_voices=0 audio_buffers=0 audio_bytes=0 audio_mix_operations=0 work_checksum=a9cbd615 result_checksum=1e8bfc76
TEST_BEGIN GameLoadComposite::09-CrossTitleHotpath-04-SurfaceReuse
WARMUP_BEGIN GameLoadComposite::09-CrossTitleHotpath-04-SurfaceReuse iterations=2
WARMUP_END GameLoadComposite::09-CrossTitleHotpath-04-SurfaceReuse
MEASURE_BEGIN GameLoadComposite::09-CrossTitleHotpath-04-SurfaceReuse iterations=8 samples=8 multiplier=1 mode=enqueue
MEASURE_END GameLoadComposite::09-CrossTitleHotpath-04-SurfaceReuse duration_us=276858 completion_wait_us=0
COMPOSITE_WORK GameLoadComposite::09-CrossTitleHotpath-04-SurfaceReuse preset=09-CrossTitleHotpath phase=04-SurfaceReuse seed=43525404 iterations=8 cpu_indirect=0 cpu_fp=0 cpu_memory_bytes=0 decode_bytes=1048576 pfifo_methods=0 fence_reads=0 gpu_waits=0 draws=8 primitives=8 alpha_pixels=55296 texture_bytes=1048576 vertex_bytes=1024 surface_reuses=64 audio_voices=0 audio_buffers=0 audio_bytes=0 audio_mix_operations=0 work_checksum=6ce92e2d result_checksum=e52a3bfc
TEST_BEGIN GameLoadComposite::09-CrossTitleHotpath-05-PipelineStateChurn
WARMUP_BEGIN GameLoadComposite::09-CrossTitleHotpath-05-PipelineStateChurn iterations=2
WARMUP_END GameLoadComposite::09-CrossTitleHotpath-05-PipelineStateChurn
MEASURE_BEGIN GameLoadComposite::09-CrossTitleHotpath-05-PipelineStateChurn iterations=8 samples=8 multiplier=1 mode=enqueue
MEASURE_END GameLoadComposite::09-CrossTitleHotpath-05-PipelineStateChurn duration_us=7805103 completion_wait_us=0
COMPOSITE_WORK GameLoadComposite::09-CrossTitleHotpath-05-PipelineStateChurn preset=09-CrossTitleHotpath phase=05-PipelineStateChurn seed=43525405 iterations=8 cpu_indirect=0 cpu_fp=0 cpu_memory_bytes=0 decode_bytes=0 pfifo_methods=0 fence_reads=0 gpu_waits=0 draws=12288 primitives=12288 alpha_pixels=84934656 texture_bytes=0 vertex_bytes=0 surface_reuses=0 audio_voices=0 audio_buffers=0 audio_bytes=0 audio_mix_operations=0 work_checksum=e9647a58 result_checksum=02d28b12
TEST_BEGIN GameLoadComposite::09-CrossTitleHotpath-06-BlendConstantReuse
WARMUP_BEGIN GameLoadComposite::09-CrossTitleHotpath-06-BlendConstantReuse iterations=2
WARMUP_END GameLoadComposite::09-CrossTitleHotpath-06-BlendConstantReuse
MEASURE_BEGIN GameLoadComposite::09-CrossTitleHotpath-06-BlendConstantReuse iterations=8 samples=8 multiplier=1 mode=enqueue
MEASURE_END GameLoadComposite::09-CrossTitleHotpath-06-BlendConstantReuse duration_us=14239606 completion_wait_us=0
COMPOSITE_WORK GameLoadComposite::09-CrossTitleHotpath-06-BlendConstantReuse preset=09-CrossTitleHotpath phase=06-BlendConstantReuse seed=43525406 iterations=8 cpu_indirect=0 cpu_fp=0 cpu_memory_bytes=0 decode_bytes=0 pfifo_methods=0 fence_reads=0 gpu_waits=0 draws=32768 primitives=32768 alpha_pixels=226492416 texture_bytes=0 vertex_bytes=0 surface_reuses=0 audio_voices=0 audio_buffers=0 audio_bytes=0 audio_mix_operations=0 work_checksum=378947da result_checksum=dfc2fa5e
TEST_BEGIN GameLoadComposite::09-CrossTitleHotpath-07-TextureBindingReuse
WARMUP_BEGIN GameLoadComposite::09-CrossTitleHotpath-07-TextureBindingReuse iterations=2
WARMUP_END GameLoadComposite::09-CrossTitleHotpath-07-TextureBindingReuse
MEASURE_BEGIN GameLoadComposite::09-CrossTitleHotpath-07-TextureBindingReuse iterations=8 samples=8 multiplier=1 mode=enqueue
MEASURE_END GameLoadComposite::09-CrossTitleHotpath-07-TextureBindingReuse duration_us=16360007 completion_wait_us=0
COMPOSITE_WORK GameLoadComposite::09-CrossTitleHotpath-07-TextureBindingReuse preset=09-CrossTitleHotpath phase=07-TextureBindingReuse seed=43525407 iterations=8 cpu_indirect=0 cpu_fp=0 cpu_memory_bytes=0 decode_bytes=0 pfifo_methods=0 fence_reads=0 gpu_waits=0 draws=32768 primitives=32768 alpha_pixels=226492416 texture_bytes=0 vertex_bytes=4194304 surface_reuses=0 audio_voices=0 audio_buffers=0 audio_bytes=0 audio_mix_operations=0 work_checksum=3ce9d484 result_checksum=d4b5690c
TEST_BEGIN GameLoadComposite::09-CrossTitleHotpath-08-Pgr2LagspotInlineElements
WARMUP_BEGIN GameLoadComposite::09-CrossTitleHotpath-08-Pgr2LagspotInlineElements iterations=2
WARMUP_END GameLoadComposite::09-CrossTitleHotpath-08-Pgr2LagspotInlineElements
MEASURE_BEGIN GameLoadComposite::09-CrossTitleHotpath-08-Pgr2LagspotInlineElements iterations=8 samples=8 multiplier=1 mode=enqueue
MEASURE_END GameLoadComposite::09-CrossTitleHotpath-08-Pgr2LagspotInlineElements duration_us=11643755 completion_wait_us=0
COMPOSITE_WORK GameLoadComposite::09-CrossTitleHotpath-08-Pgr2LagspotInlineElements preset=09-CrossTitleHotpath phase=08-Pgr2LagspotInlineElements seed=43525408 iterations=8 cpu_indirect=0 cpu_fp=0 cpu_memory_bytes=0 decode_bytes=0 pfifo_methods=98312 fence_reads=800000 gpu_waits=0 draws=16384 primitives=16384 alpha_pixels=113246208 texture_bytes=1048576 vertex_bytes=0 surface_reuses=32 audio_voices=0 audio_buffers=0 audio_bytes=0 audio_mix_operations=0 work_checksum=868f44b5 result_checksum=d8642d5a
TEST_BEGIN GameLoadComposite::09-CrossTitleHotpath-09-ScaledSurfacePressure
WARMUP_BEGIN GameLoadComposite::09-CrossTitleHotpath-09-ScaledSurfacePressure iterations=2
WARMUP_END GameLoadComposite::09-CrossTitleHotpath-09-ScaledSurfacePressure
MEASURE_BEGIN GameLoadComposite::09-CrossTitleHotpath-09-ScaledSurfacePressure iterations=8 samples=8 multiplier=1 mode=enqueue
MEASURE_END GameLoadComposite::09-CrossTitleHotpath-09-ScaledSurfacePressure duration_us=10243656 completion_wait_us=0
COMPOSITE_WORK GameLoadComposite::09-CrossTitleHotpath-09-ScaledSurfacePressure preset=09-CrossTitleHotpath phase=09-ScaledSurfacePressure seed=43525409 iterations=8 cpu_indirect=0 cpu_fp=0 cpu_memory_bytes=0 decode_bytes=0 pfifo_methods=0 fence_reads=0 gpu_waits=0 draws=4096 primitives=4096 alpha_pixels=28311552 texture_bytes=0 vertex_bytes=524288 surface_reuses=4096 audio_voices=0 audio_buffers=0 audio_bytes=0 audio_mix_operations=0 work_checksum=72dbb004 result_checksum=f367d0b8
TEST_BEGIN GameLoadComposite::09-CrossTitleHotpath-10-S3tcStreamingFencedDraws
WARMUP_BEGIN GameLoadComposite::09-CrossTitleHotpath-10-S3tcStreamingFencedDraws iterations=2
WARMUP_END GameLoadComposite::09-CrossTitleHotpath-10-S3tcStreamingFencedDraws
MEASURE_BEGIN GameLoadComposite::09-CrossTitleHotpath-10-S3tcStreamingFencedDraws iterations=8 samples=8 multiplier=1 mode=enqueue
MEASURE_END GameLoadComposite::09-CrossTitleHotpath-10-S3tcStreamingFencedDraws duration_us=213414247 completion_wait_us=0
COMPOSITE_WORK GameLoadComposite::09-CrossTitleHotpath-10-S3tcStreamingFencedDraws preset=09-CrossTitleHotpath phase=10-S3tcStreamingFencedDraws seed=4352540a iterations=8 cpu_indirect=0 cpu_fp=0 cpu_memory_bytes=0 decode_bytes=0 pfifo_methods=0 fence_reads=0 gpu_waits=3080 draws=3072 primitives=3072 alpha_pixels=235929600 texture_bytes=167772160 vertex_bytes=393216 surface_reuses=0 audio_voices=0 audio_buffers=0 audio_bytes=0 audio_mix_operations=0 work_checksum=55c15f49 result_checksum=a9ed34e4
TEST_BEGIN GameLoadComposite::09-CrossTitleHotpath-11-GpuWaitControl
WARMUP_BEGIN GameLoadComposite::09-CrossTitleHotpath-11-GpuWaitControl iterations=2
WARMUP_END GameLoadComposite::09-CrossTitleHotpath-11-GpuWaitControl
MEASURE_BEGIN GameLoadComposite::09-CrossTitleHotpath-11-GpuWaitControl iterations=8 samples=8 multiplier=1 mode=enqueue
MEASURE_END GameLoadComposite::09-CrossTitleHotpath-11-GpuWaitControl duration_us=2179058 completion_wait_us=0
COMPOSITE_WORK GameLoadComposite::09-CrossTitleHotpath-11-GpuWaitControl preset=09-CrossTitleHotpath phase=11-GpuWaitControl seed=4352540b iterations=8 cpu_indirect=0 cpu_fp=0 cpu_memory_bytes=0 decode_bytes=0 pfifo_methods=3072 fence_reads=3072 gpu_waits=3072 draws=0 primitives=0 alpha_pixels=0 texture_bytes=0 vertex_bytes=0 surface_reuses=0 audio_voices=0 audio_buffers=0 audio_bytes=0 audio_mix_operations=0 work_checksum=85593b01 result_checksum=bf5b023a
CORRECTNESS_HASH GameLoadComposite::09-CrossTitleHotpath fnv1a64=d1dc41bedf866325 kind=group
TEST_END GameLoadComposite::09-CrossTitleHotpath
RUNNING_PROGRESS Test: GameLoadComposite::10-S3tcSyncFactor
TEST_BEGIN GameLoadComposite::10-S3tcSyncFactor-01-Dxt1SameAddressWait
WARMUP_BEGIN GameLoadComposite::10-S3tcSyncFactor-01-Dxt1SameAddressWait iterations=2
WARMUP_END GameLoadComposite::10-S3tcSyncFactor-01-Dxt1SameAddressWait
MEASURE_BEGIN GameLoadComposite::10-S3tcSyncFactor-01-Dxt1SameAddressWait iterations=8 samples=8 multiplier=1 mode=enqueue
MEASURE_END GameLoadComposite::10-S3tcSyncFactor-01-Dxt1SameAddressWait duration_us=1725077 completion_wait_us=0
S3TC_FACTOR_TILE representation=dxt1 tile=0 x=101 y=75 source565=0000 expected_argb=ff000000 observed_argb=ff000000 observed565=0000
S3TC_FACTOR_TILE representation=dxt1 tile=1 x=247 y=75 source565=ffff expected_argb=ffffffff observed_argb=ffffffff observed565=ffff
S3TC_FACTOR_TILE representation=dxt1 tile=2 x=393 y=75 source565=f800 expected_argb=ffff0000 observed_argb=ffff0000 observed565=f800
S3TC_FACTOR_TILE representation=dxt1 tile=3 x=539 y=75 source565=07e0 expected_argb=ff00ff00 observed_argb=ff00ff00 observed565=07e0
S3TC_FACTOR_TILE representation=dxt1 tile=4 x=101 y=185 source565=001f expected_argb=ff0000ff observed_argb=ff0000ff observed565=001f
S3TC_FACTOR_TILE representation=dxt1 tile=5 x=247 y=185 source565=ffe0 expected_argb=ffffff00 observed_argb=ffffff00 observed565=ffe0
S3TC_FACTOR_TILE representation=dxt1 tile=6 x=393 y=185 source565=f81f expected_argb=ffff00ff observed_argb=ffff00ff observed565=f81f
S3TC_FACTOR_TILE representation=dxt1 tile=7 x=539 y=185 source565=07ff expected_argb=ff00ffff observed_argb=ff00ffff observed565=07ff
S3TC_FACTOR_TILE representation=dxt1 tile=8 x=101 y=295 source565=7800 expected_argb=ff7b0000 observed_argb=ff7b0000 observed565=7800
S3TC_FACTOR_TILE representation=dxt1 tile=9 x=247 y=295 source565=03e0 expected_argb=ff007d00 observed_argb=ff007d00 observed565=03e0
S3TC_FACTOR_TILE representation=dxt1 tile=10 x=393 y=295 source565=000f expected_argb=ff00007b observed_argb=ff00007b observed565=000f
S3TC_FACTOR_TILE representation=dxt1 tile=11 x=539 y=295 source565=7bef expected_argb=ff7b7d7b observed_argb=ff7b7d7b observed565=7bef
S3TC_FACTOR_TILE representation=dxt1 tile=12 x=101 y=405 source565=fc10 expected_argb=ffff8284 observed_argb=ffff8284 observed565=fc10
S3TC_FACTOR_TILE representation=dxt1 tile=13 x=247 y=405 source565=83e0 expected_argb=ff847d00 observed_argb=ff847d00 observed565=83e0
S3TC_FACTOR_TILE representation=dxt1 tile=14 x=393 y=405 source565=8010 expected_argb=ff840084 observed_argb=ff840084 observed565=8010
S3TC_FACTOR_TILE representation=dxt1 tile=15 x=539 y=405 source565=0410 expected_argb=ff008284 observed_argb=ff008284 observed565=0410
S3TC_FACTOR_TILE_KAT expected=acc7c6b0 observed=acc7c6b0
S3TC_FACTOR_ORACLE status=PASS failure_count=0 failure_mask=0000000000000000 compatibility_key=s3tc-factor-source-precision-v1
S3TC_FACTOR_WORK GameLoadComposite::10-S3tcSyncFactor-01-Dxt1SameAddressWait representation=dxt1 route=same_address_changing_overwrite synchronization=same_address_per_draw_wait iterations=8 draws=128 texture_writes=128 texture_bytes=4194304 texture_binds=128 payload_generations=128 no_write_redraws=0 distinct_addresses=1 per_draw_waits=128 gpu_waits=136 vertex_bytes=20480 visible_tiles=16 unique_colors=16 pattern_checksum=1a4ff923 work_checksum=03211c25 result_checksum=1a4ff923
TEST_BEGIN GameLoadComposite::10-S3tcSyncFactor-02-Dxt1SameAddressQueued
WARMUP_BEGIN GameLoadComposite::10-S3tcSyncFactor-02-Dxt1SameAddressQueued iterations=2
WARMUP_END GameLoadComposite::10-S3tcSyncFactor-02-Dxt1SameAddressQueued
MEASURE_BEGIN GameLoadComposite::10-S3tcSyncFactor-02-Dxt1SameAddressQueued iterations=8 samples=8 multiplier=1 mode=enqueue
MEASURE_END GameLoadComposite::10-S3tcSyncFactor-02-Dxt1SameAddressQueued duration_us=1153224 completion_wait_us=0
S3TC_FACTOR_TILE representation=dxt1 tile=0 x=101 y=75 source565=0000 expected_argb=ff000000 observed_argb=ff00ff00 observed565=07e0
S3TC_FACTOR_TILE representation=dxt1 tile=1 x=247 y=75 source565=ffff expected_argb=ffffffff observed_argb=ff00ff00 observed565=07e0
S3TC_FACTOR_TILE representation=dxt1 tile=2 x=393 y=75 source565=f800 expected_argb=ffff0000 observed_argb=ff00ff00 observed565=07e0
S3TC_FACTOR_TILE representation=dxt1 tile=3 x=539 y=75 source565=07e0 expected_argb=ff00ff00 observed_argb=ffffff00 observed565=ffe0
S3TC_FACTOR_TILE representation=dxt1 tile=4 x=101 y=185 source565=001f expected_argb=ff0000ff observed_argb=ffffff00 observed565=ffe0
S3TC_FACTOR_TILE representation=dxt1 tile=5 x=247 y=185 source565=ffe0 expected_argb=ffffff00 observed_argb=ff007d00 observed565=03e0
S3TC_FACTOR_TILE representation=dxt1 tile=6 x=393 y=185 source565=f81f expected_argb=ffff00ff observed_argb=ff007d00 observed565=03e0
S3TC_FACTOR_TILE representation=dxt1 tile=7 x=539 y=185 source565=07ff expected_argb=ff00ffff observed_argb=ff007d00 observed565=03e0
S3TC_FACTOR_TILE representation=dxt1 tile=8 x=101 y=295 source565=7800 expected_argb=ff7b0000 observed_argb=ff007d00 observed565=03e0
S3TC_FACTOR_TILE representation=dxt1 tile=9 x=247 y=295 source565=03e0 expected_argb=ff007d00 observed_argb=ff7b7d7b observed565=7bef
S3TC_FACTOR_TILE representation=dxt1 tile=10 x=393 y=295 source565=000f expected_argb=ff00007b observed_argb=ff7b7d7b observed565=7bef
S3TC_FACTOR_TILE representation=dxt1 tile=11 x=539 y=295 source565=7bef expected_argb=ff7b7d7b observed_argb=ff7b7d7b observed565=7bef
S3TC_FACTOR_TILE representation=dxt1 tile=12 x=101 y=405 source565=fc10 expected_argb=ffff8284 observed_argb=ff008284 observed565=0410
S3TC_FACTOR_TILE representation=dxt1 tile=13 x=247 y=405 source565=83e0 expected_argb=ff847d00 observed_argb=ff008284 observed565=0410
S3TC_FACTOR_TILE representation=dxt1 tile=14 x=393 y=405 source565=8010 expected_argb=ff840084 observed_argb=ff008284 observed565=0410
S3TC_FACTOR_TILE representation=dxt1 tile=15 x=539 y=405 source565=0410 expected_argb=ff008284 observed_argb=ff008284 observed565=0410
S3TC_FACTOR_TILE_KAT expected=acc7c6b0 observed=5b656892
S3TC_FACTOR_ORACLE status=FAIL failure_count=15 failure_mask=0000000177ff0000 compatibility_key=s3tc-factor-source-precision-v1
S3TC_FACTOR_WORK GameLoadComposite::10-S3tcSyncFactor-02-Dxt1SameAddressQueued representation=dxt1 route=same_address_changing_payload_queued synchronization=same_address_no_per_draw_wait_final_wait iterations=8 draws=128 texture_writes=128 texture_bytes=4194304 texture_binds=128 payload_generations=128 no_write_redraws=0 distinct_addresses=1 per_draw_waits=0 gpu_waits=8 vertex_bytes=20480 visible_tiles=16 unique_colors=16 pattern_checksum=1a4ff923 work_checksum=65c0b7e5 result_checksum=1a4ff923
TEST_BEGIN GameLoadComposite::10-S3tcSyncFactor-03-Dxt1RingPayloadGenerations
WARMUP_BEGIN GameLoadComposite::10-S3tcSyncFactor-03-Dxt1RingPayloadGenerations iterations=2
WARMUP_END GameLoadComposite::10-S3tcSyncFactor-03-Dxt1RingPayloadGenerations
MEASURE_BEGIN GameLoadComposite::10-S3tcSyncFactor-03-Dxt1RingPayloadGenerations iterations=8 samples=8 multiplier=1 mode=enqueue
MEASURE_END GameLoadComposite::10-S3tcSyncFactor-03-Dxt1RingPayloadGenerations duration_us=1151571 completion_wait_us=0
S3TC_FACTOR_TILE representation=dxt1 tile=0 x=101 y=75 source565=0000 expected_argb=ff000000 observed_argb=ff000000 observed565=0000
S3TC_FACTOR_TILE representation=dxt1 tile=1 x=247 y=75 source565=ffff expected_argb=ffffffff observed_argb=ffffffff observed565=ffff
S3TC_FACTOR_TILE representation=dxt1 tile=2 x=393 y=75 source565=f800 expected_argb=ffff0000 observed_argb=ffff0000 observed565=f800
S3TC_FACTOR_TILE representation=dxt1 tile=3 x=539 y=75 source565=07e0 expected_argb=ff00ff00 observed_argb=ff00ff00 observed565=07e0
S3TC_FACTOR_TILE representation=dxt1 tile=4 x=101 y=185 source565=001f expected_argb=ff0000ff observed_argb=ff0000ff observed565=001f
S3TC_FACTOR_TILE representation=dxt1 tile=5 x=247 y=185 source565=ffe0 expected_argb=ffffff00 observed_argb=ffffff00 observed565=ffe0
S3TC_FACTOR_TILE representation=dxt1 tile=6 x=393 y=185 source565=f81f expected_argb=ffff00ff observed_argb=ffff00ff observed565=f81f
S3TC_FACTOR_TILE representation=dxt1 tile=7 x=539 y=185 source565=07ff expected_argb=ff00ffff observed_argb=ff00ffff observed565=07ff
S3TC_FACTOR_TILE representation=dxt1 tile=8 x=101 y=295 source565=7800 expected_argb=ff7b0000 observed_argb=ff7b0000 observed565=7800
S3TC_FACTOR_TILE representation=dxt1 tile=9 x=247 y=295 source565=03e0 expected_argb=ff007d00 observed_argb=ff007d00 observed565=03e0
S3TC_FACTOR_TILE representation=dxt1 tile=10 x=393 y=295 source565=000f expected_argb=ff00007b observed_argb=ff00007b observed565=000f
S3TC_FACTOR_TILE representation=dxt1 tile=11 x=539 y=295 source565=7bef expected_argb=ff7b7d7b observed_argb=ff7b7d7b observed565=7bef
S3TC_FACTOR_TILE representation=dxt1 tile=12 x=101 y=405 source565=fc10 expected_argb=ffff8284 observed_argb=ffff8284 observed565=fc10
S3TC_FACTOR_TILE representation=dxt1 tile=13 x=247 y=405 source565=83e0 expected_argb=ff847d00 observed_argb=ff847d00 observed565=83e0
S3TC_FACTOR_TILE representation=dxt1 tile=14 x=393 y=405 source565=8010 expected_argb=ff840084 observed_argb=ff840084 observed565=8010
S3TC_FACTOR_TILE representation=dxt1 tile=15 x=539 y=405 source565=0410 expected_argb=ff008284 observed_argb=ff008284 observed565=0410
S3TC_FACTOR_TILE_KAT expected=acc7c6b0 observed=acc7c6b0
S3TC_FACTOR_ORACLE status=PASS failure_count=0 failure_mask=0000000000000000 compatibility_key=s3tc-factor-source-precision-v1
S3TC_FACTOR_WORK GameLoadComposite::10-S3tcSyncFactor-03-Dxt1RingPayloadGenerations representation=dxt1 route=ring_changing_payload_generations synchronization=distinct_address_ring_final_wait iterations=8 draws=128 texture_writes=128 texture_bytes=4194304 texture_binds=128 payload_generations=128 no_write_redraws=0 distinct_addresses=16 per_draw_waits=0 gpu_waits=8 vertex_bytes=20480 visible_tiles=16 unique_colors=16 pattern_checksum=1a4ff923 work_checksum=192050b5 result_checksum=1a4ff923
TEST_BEGIN GameLoadComposite::10-S3tcSyncFactor-04-Dxt1DirtyOnceRedraw
WARMUP_BEGIN GameLoadComposite::10-S3tcSyncFactor-04-Dxt1DirtyOnceRedraw iterations=2
WARMUP_END GameLoadComposite::10-S3tcSyncFactor-04-Dxt1DirtyOnceRedraw
MEASURE_BEGIN GameLoadComposite::10-S3tcSyncFactor-04-Dxt1DirtyOnceRedraw iterations=8 samples=8 multiplier=1 mode=enqueue
MEASURE_END GameLoadComposite::10-S3tcSyncFactor-04-Dxt1DirtyOnceRedraw duration_us=1187738 completion_wait_us=0
S3TC_FACTOR_TILE representation=dxt1 tile=0 x=101 y=75 source565=ffe0 expected_argb=ffffff00 observed_argb=ffffff00 observed565=ffe0
S3TC_FACTOR_TILE representation=dxt1 tile=1 x=247 y=75 source565=ffe0 expected_argb=ffffff00 observed_argb=ffffff00 observed565=ffe0
S3TC_FACTOR_TILE representation=dxt1 tile=2 x=393 y=75 source565=ffe0 expected_argb=ffffff00 observed_argb=ffffff00 observed565=ffe0
S3TC_FACTOR_TILE representation=dxt1 tile=3 x=539 y=75 source565=ffe0 expected_argb=ffffff00 observed_argb=ffffff00 observed565=ffe0
S3TC_FACTOR_TILE representation=dxt1 tile=4 x=101 y=185 source565=ffe0 expected_argb=ffffff00 observed_argb=ffffff00 observed565=ffe0
S3TC_FACTOR_TILE representation=dxt1 tile=5 x=247 y=185 source565=ffe0 expected_argb=ffffff00 observed_argb=ffffff00 observed565=ffe0
S3TC_FACTOR_TILE representation=dxt1 tile=6 x=393 y=185 source565=ffe0 expected_argb=ffffff00 observed_argb=ffffff00 observed565=ffe0
S3TC_FACTOR_TILE representation=dxt1 tile=7 x=539 y=185 source565=ffe0 expected_argb=ffffff00 observed_argb=ffffff00 observed565=ffe0
S3TC_FACTOR_TILE representation=dxt1 tile=8 x=101 y=295 source565=ffe0 expected_argb=ffffff00 observed_argb=ffffff00 observed565=ffe0
S3TC_FACTOR_TILE representation=dxt1 tile=9 x=247 y=295 source565=ffe0 expected_argb=ffffff00 observed_argb=ffffff00 observed565=ffe0
S3TC_FACTOR_TILE representation=dxt1 tile=10 x=393 y=295 source565=ffe0 expected_argb=ffffff00 observed_argb=ffffff00 observed565=ffe0
S3TC_FACTOR_TILE representation=dxt1 tile=11 x=539 y=295 source565=ffe0 expected_argb=ffffff00 observed_argb=ffffff00 observed565=ffe0
S3TC_FACTOR_TILE representation=dxt1 tile=12 x=101 y=405 source565=ffe0 expected_argb=ffffff00 observed_argb=ffffff00 observed565=ffe0
S3TC_FACTOR_TILE representation=dxt1 tile=13 x=247 y=405 source565=ffe0 expected_argb=ffffff00 observed_argb=ffffff00 observed565=ffe0
S3TC_FACTOR_TILE representation=dxt1 tile=14 x=393 y=405 source565=ffe0 expected_argb=ffffff00 observed_argb=ffffff00 observed565=ffe0
S3TC_FACTOR_TILE representation=dxt1 tile=15 x=539 y=405 source565=ffe0 expected_argb=ffffff00 observed_argb=ffffff00 observed565=ffe0
S3TC_FACTOR_TILE_KAT expected=7981b305 observed=7981b305
S3TC_FACTOR_ORACLE status=PASS failure_count=0 failure_mask=0000000000000000 compatibility_key=s3tc-factor-source-precision-v1
S3TC_FACTOR_WORK GameLoadComposite::10-S3tcSyncFactor-04-Dxt1DirtyOnceRedraw representation=dxt1 route=dirty_once_same_binding_redraws synchronization=same_address_final_wait iterations=8 draws=136 texture_writes=16 texture_bytes=524288 texture_binds=136 payload_generations=8 no_write_redraws=128 distinct_addresses=1 per_draw_waits=0 gpu_waits=16 vertex_bytes=20480 visible_tiles=16 unique_colors=1 pattern_checksum=fede69d6 work_checksum=f0976e48 result_checksum=fede69d6
TEST_BEGIN GameLoadComposite::10-S3tcSyncFactor-05-Rgba8SameAddressWait
WARMUP_BEGIN GameLoadComposite::10-S3tcSyncFactor-05-Rgba8SameAddressWait iterations=2
WARMUP_END GameLoadComposite::10-S3tcSyncFactor-05-Rgba8SameAddressWait
MEASURE_BEGIN GameLoadComposite::10-S3tcSyncFactor-05-Rgba8SameAddressWait iterations=8 samples=8 multiplier=1 mode=enqueue
MEASURE_END GameLoadComposite::10-S3tcSyncFactor-05-Rgba8SameAddressWait duration_us=5329483 completion_wait_us=0
S3TC_FACTOR_TILE representation=rgba8 tile=0 x=101 y=75 source565=0000 expected_argb=ff000000 observed_argb=ff000000 observed565=0000
S3TC_FACTOR_TILE representation=rgba8 tile=1 x=247 y=75 source565=ffff expected_argb=ffffffff observed_argb=ffffffff observed565=ffff
S3TC_FACTOR_TILE representation=rgba8 tile=2 x=393 y=75 source565=f800 expected_argb=ffff0000 observed_argb=ffff0000 observed565=f800
S3TC_FACTOR_TILE representation=rgba8 tile=3 x=539 y=75 source565=07e0 expected_argb=ff00ff00 observed_argb=ff00ff00 observed565=07e0
S3TC_FACTOR_TILE representation=rgba8 tile=4 x=101 y=185 source565=001f expected_argb=ff0000ff observed_argb=ff0000ff observed565=001f
S3TC_FACTOR_TILE representation=rgba8 tile=5 x=247 y=185 source565=ffe0 expected_argb=ffffff00 observed_argb=ffffff00 observed565=ffe0
S3TC_FACTOR_TILE representation=rgba8 tile=6 x=393 y=185 source565=f81f expected_argb=ffff00ff observed_argb=ffff00ff observed565=f81f
S3TC_FACTOR_TILE representation=rgba8 tile=7 x=539 y=185 source565=07ff expected_argb=ff00ffff observed_argb=ff00ffff observed565=07ff
S3TC_FACTOR_TILE representation=rgba8 tile=8 x=101 y=295 source565=7800 expected_argb=ff7b0000 observed_argb=ff7b0000 observed565=7800
S3TC_FACTOR_TILE representation=rgba8 tile=9 x=247 y=295 source565=03e0 expected_argb=ff007d00 observed_argb=ff007d00 observed565=03e0
S3TC_FACTOR_TILE representation=rgba8 tile=10 x=393 y=295 source565=000f expected_argb=ff00007b observed_argb=ff00007b observed565=000f
S3TC_FACTOR_TILE representation=rgba8 tile=11 x=539 y=295 source565=7bef expected_argb=ff7b7d7b observed_argb=ff7b7d7b observed565=7bef
S3TC_FACTOR_TILE representation=rgba8 tile=12 x=101 y=405 source565=fc10 expected_argb=ffff8284 observed_argb=ffff8284 observed565=fc10
S3TC_FACTOR_TILE representation=rgba8 tile=13 x=247 y=405 source565=83e0 expected_argb=ff847d00 observed_argb=ff847d00 observed565=83e0
S3TC_FACTOR_TILE representation=rgba8 tile=14 x=393 y=405 source565=8010 expected_argb=ff840084 observed_argb=ff840084 observed565=8010
S3TC_FACTOR_TILE representation=rgba8 tile=15 x=539 y=405 source565=0410 expected_argb=ff008284 observed_argb=ff008284 observed565=0410
S3TC_FACTOR_TILE_KAT expected=acc7c6b0 observed=acc7c6b0
S3TC_FACTOR_ORACLE status=PASS failure_count=0 failure_mask=0000000000000000 compatibility_key=s3tc-factor-source-precision-v1
S3TC_FACTOR_WORK GameLoadComposite::10-S3tcSyncFactor-05-Rgba8SameAddressWait representation=rgba8 route=same_address_changing_overwrite synchronization=same_address_per_draw_wait iterations=8 draws=128 texture_writes=128 texture_bytes=33554432 texture_binds=128 payload_generations=128 no_write_redraws=0 distinct_addresses=1 per_draw_waits=128 gpu_waits=136 vertex_bytes=20480 visible_tiles=16 unique_colors=16 pattern_checksum=1a4ff923 work_checksum=9d65db99 result_checksum=1a4ff923
TEST_BEGIN GameLoadComposite::10-S3tcSyncFactor-06-Rgba8SameAddressQueued
WARMUP_BEGIN GameLoadComposite::10-S3tcSyncFactor-06-Rgba8SameAddressQueued iterations=2
WARMUP_END GameLoadComposite::10-S3tcSyncFactor-06-Rgba8SameAddressQueued
MEASURE_BEGIN GameLoadComposite::10-S3tcSyncFactor-06-Rgba8SameAddressQueued iterations=8 samples=8 multiplier=1 mode=enqueue
MEASURE_END GameLoadComposite::10-S3tcSyncFactor-06-Rgba8SameAddressQueued duration_us=3495615 completion_wait_us=0
S3TC_FACTOR_TILE representation=rgba8 tile=0 x=101 y=75 source565=0000 expected_argb=ff000000 observed_argb=ff000000 observed565=0000
S3TC_FACTOR_TILE representation=rgba8 tile=1 x=247 y=75 source565=ffff expected_argb=ffffffff observed_argb=ffffffff observed565=ffff
S3TC_FACTOR_TILE representation=rgba8 tile=2 x=393 y=75 source565=f800 expected_argb=ffff0000 observed_argb=ffff0000 observed565=f800
S3TC_FACTOR_TILE representation=rgba8 tile=3 x=539 y=75 source565=07e0 expected_argb=ff00ff00 observed_argb=ff00ff00 observed565=07e0
S3TC_FACTOR_TILE representation=rgba8 tile=4 x=101 y=185 source565=001f expected_argb=ff0000ff observed_argb=ff0000ff observed565=001f
S3TC_FACTOR_TILE representation=rgba8 tile=5 x=247 y=185 source565=ffe0 expected_argb=ffffff00 observed_argb=ffffff00 observed565=ffe0
S3TC_FACTOR_TILE representation=rgba8 tile=6 x=393 y=185 source565=f81f expected_argb=ffff00ff observed_argb=ffff00ff observed565=f81f
S3TC_FACTOR_TILE representation=rgba8 tile=7 x=539 y=185 source565=07ff expected_argb=ff00ffff observed_argb=ff00ffff observed565=07ff
S3TC_FACTOR_TILE representation=rgba8 tile=8 x=101 y=295 source565=7800 expected_argb=ff7b0000 observed_argb=ff7b0000 observed565=7800
S3TC_FACTOR_TILE representation=rgba8 tile=9 x=247 y=295 source565=03e0 expected_argb=ff007d00 observed_argb=ff007d00 observed565=03e0
S3TC_FACTOR_TILE representation=rgba8 tile=10 x=393 y=295 source565=000f expected_argb=ff00007b observed_argb=ff00007b observed565=000f
S3TC_FACTOR_TILE representation=rgba8 tile=11 x=539 y=295 source565=7bef expected_argb=ff7b7d7b observed_argb=ff7b7d7b observed565=7bef
S3TC_FACTOR_TILE representation=rgba8 tile=12 x=101 y=405 source565=fc10 expected_argb=ffff8284 observed_argb=ffff8284 observed565=fc10
S3TC_FACTOR_TILE representation=rgba8 tile=13 x=247 y=405 source565=83e0 expected_argb=ff847d00 observed_argb=ff847d00 observed565=83e0
S3TC_FACTOR_TILE representation=rgba8 tile=14 x=393 y=405 source565=8010 expected_argb=ff840084 observed_argb=ff840084 observed565=8010
S3TC_FACTOR_TILE representation=rgba8 tile=15 x=539 y=405 source565=0410 expected_argb=ff008284 observed_argb=ff008284 observed565=0410
S3TC_FACTOR_TILE_KAT expected=acc7c6b0 observed=acc7c6b0
S3TC_FACTOR_ORACLE status=PASS failure_count=0 failure_mask=0000000000000000 compatibility_key=s3tc-factor-source-precision-v1
S3TC_FACTOR_WORK GameLoadComposite::10-S3tcSyncFactor-06-Rgba8SameAddressQueued representation=rgba8 route=same_address_changing_payload_queued synchronization=same_address_no_per_draw_wait_final_wait iterations=8 draws=128 texture_writes=128 texture_bytes=33554432 texture_binds=128 payload_generations=128 no_write_redraws=0 distinct_addresses=1 per_draw_waits=0 gpu_waits=8 vertex_bytes=20480 visible_tiles=16 unique_colors=16 pattern_checksum=1a4ff923 work_checksum=634f13d9 result_checksum=1a4ff923
TEST_BEGIN GameLoadComposite::10-S3tcSyncFactor-07-Rgba8RingPayloadGenerations
WARMUP_BEGIN GameLoadComposite::10-S3tcSyncFactor-07-Rgba8RingPayloadGenerations iterations=2
WARMUP_END GameLoadComposite::10-S3tcSyncFactor-07-Rgba8RingPayloadGenerations
MEASURE_BEGIN GameLoadComposite::10-S3tcSyncFactor-07-Rgba8RingPayloadGenerations iterations=8 samples=8 multiplier=1 mode=enqueue
MEASURE_END GameLoadComposite::10-S3tcSyncFactor-07-Rgba8RingPayloadGenerations duration_us=4498843 completion_wait_us=0
S3TC_FACTOR_TILE representation=rgba8 tile=0 x=101 y=75 source565=0000 expected_argb=ff000000 observed_argb=ff000000 observed565=0000
S3TC_FACTOR_TILE representation=rgba8 tile=1 x=247 y=75 source565=ffff expected_argb=ffffffff observed_argb=ffffffff observed565=ffff
S3TC_FACTOR_TILE representation=rgba8 tile=2 x=393 y=75 source565=f800 expected_argb=ffff0000 observed_argb=ffff0000 observed565=f800
S3TC_FACTOR_TILE representation=rgba8 tile=3 x=539 y=75 source565=07e0 expected_argb=ff00ff00 observed_argb=ff00ff00 observed565=07e0
S3TC_FACTOR_TILE representation=rgba8 tile=4 x=101 y=185 source565=001f expected_argb=ff0000ff observed_argb=ff0000ff observed565=001f
S3TC_FACTOR_TILE representation=rgba8 tile=5 x=247 y=185 source565=ffe0 expected_argb=ffffff00 observed_argb=ffffff00 observed565=ffe0
S3TC_FACTOR_TILE representation=rgba8 tile=6 x=393 y=185 source565=f81f expected_argb=ffff00ff observed_argb=ffff00ff observed565=f81f
S3TC_FACTOR_TILE representation=rgba8 tile=7 x=539 y=185 source565=07ff expected_argb=ff00ffff observed_argb=ff00ffff observed565=07ff
S3TC_FACTOR_TILE representation=rgba8 tile=8 x=101 y=295 source565=7800 expected_argb=ff7b0000 observed_argb=ff7b0000 observed565=7800
S3TC_FACTOR_TILE representation=rgba8 tile=9 x=247 y=295 source565=03e0 expected_argb=ff007d00 observed_argb=ff007d00 observed565=03e0
S3TC_FACTOR_TILE representation=rgba8 tile=10 x=393 y=295 source565=000f expected_argb=ff00007b observed_argb=ff00007b observed565=000f
S3TC_FACTOR_TILE representation=rgba8 tile=11 x=539 y=295 source565=7bef expected_argb=ff7b7d7b observed_argb=ff7b7d7b observed565=7bef
S3TC_FACTOR_TILE representation=rgba8 tile=12 x=101 y=405 source565=fc10 expected_argb=ffff8284 observed_argb=ffff8284 observed565=fc10
S3TC_FACTOR_TILE representation=rgba8 tile=13 x=247 y=405 source565=83e0 expected_argb=ff847d00 observed_argb=ff847d00 observed565=83e0
S3TC_FACTOR_TILE representation=rgba8 tile=14 x=393 y=405 source565=8010 expected_argb=ff840084 observed_argb=ff840084 observed565=8010
S3TC_FACTOR_TILE representation=rgba8 tile=15 x=539 y=405 source565=0410 expected_argb=ff008284 observed_argb=ff008284 observed565=0410
S3TC_FACTOR_TILE_KAT expected=acc7c6b0 observed=acc7c6b0
S3TC_FACTOR_ORACLE status=PASS failure_count=0 failure_mask=0000000000000000 compatibility_key=s3tc-factor-source-precision-v1
S3TC_FACTOR_WORK GameLoadComposite::10-S3tcSyncFactor-07-Rgba8RingPayloadGenerations representation=rgba8 route=ring_changing_payload_generations synchronization=distinct_address_ring_final_wait iterations=8 draws=128 texture_writes=128 texture_bytes=33554432 texture_binds=128 payload_generations=128 no_write_redraws=0 distinct_addresses=16 per_draw_waits=0 gpu_waits=8 vertex_bytes=20480 visible_tiles=16 unique_colors=16 pattern_checksum=1a4ff923 work_checksum=5d4991a5 result_checksum=1a4ff923
TEST_BEGIN GameLoadComposite::10-S3tcSyncFactor-08-Rgba8DirtyOnceRedraw
WARMUP_BEGIN GameLoadComposite::10-S3tcSyncFactor-08-Rgba8DirtyOnceRedraw iterations=2
WARMUP_END GameLoadComposite::10-S3tcSyncFactor-08-Rgba8DirtyOnceRedraw
MEASURE_BEGIN GameLoadComposite::10-S3tcSyncFactor-08-Rgba8DirtyOnceRedraw iterations=8 samples=8 multiplier=1 mode=enqueue
MEASURE_END GameLoadComposite::10-S3tcSyncFactor-08-Rgba8DirtyOnceRedraw duration_us=1147553 completion_wait_us=0
S3TC_FACTOR_TILE representation=rgba8 tile=0 x=101 y=75 source565=ffe0 expected_argb=ffffff00 observed_argb=ffffff00 observed565=ffe0
S3TC_FACTOR_TILE representation=rgba8 tile=1 x=247 y=75 source565=ffe0 expected_argb=ffffff00 observed_argb=ffffff00 observed565=ffe0
S3TC_FACTOR_TILE representation=rgba8 tile=2 x=393 y=75 source565=ffe0 expected_argb=ffffff00 observed_argb=ffffff00 observed565=ffe0
S3TC_FACTOR_TILE representation=rgba8 tile=3 x=539 y=75 source565=ffe0 expected_argb=ffffff00 observed_argb=ffffff00 observed565=ffe0
S3TC_FACTOR_TILE representation=rgba8 tile=4 x=101 y=185 source565=ffe0 expected_argb=ffffff00 observed_argb=ffffff00 observed565=ffe0
S3TC_FACTOR_TILE representation=rgba8 tile=5 x=247 y=185 source565=ffe0 expected_argb=ffffff00 observed_argb=ffffff00 observed565=ffe0
S3TC_FACTOR_TILE representation=rgba8 tile=6 x=393 y=185 source565=ffe0 expected_argb=ffffff00 observed_argb=ffffff00 observed565=ffe0
S3TC_FACTOR_TILE representation=rgba8 tile=7 x=539 y=185 source565=ffe0 expected_argb=ffffff00 observed_argb=ffffff00 observed565=ffe0
S3TC_FACTOR_TILE representation=rgba8 tile=8 x=101 y=295 source565=ffe0 expected_argb=ffffff00 observed_argb=ffffff00 observed565=ffe0
S3TC_FACTOR_TILE representation=rgba8 tile=9 x=247 y=295 source565=ffe0 expected_argb=ffffff00 observed_argb=ffffff00 observed565=ffe0
S3TC_FACTOR_TILE representation=rgba8 tile=10 x=393 y=295 source565=ffe0 expected_argb=ffffff00 observed_argb=ffffff00 observed565=ffe0
S3TC_FACTOR_TILE representation=rgba8 tile=11 x=539 y=295 source565=ffe0 expected_argb=ffffff00 observed_argb=ffffff00 observed565=ffe0
S3TC_FACTOR_TILE representation=rgba8 tile=12 x=101 y=405 source565=ffe0 expected_argb=ffffff00 observed_argb=ffffff00 observed565=ffe0
S3TC_FACTOR_TILE representation=rgba8 tile=13 x=247 y=405 source565=ffe0 expected_argb=ffffff00 observed_argb=ffffff00 observed565=ffe0
S3TC_FACTOR_TILE representation=rgba8 tile=14 x=393 y=405 source565=ffe0 expected_argb=ffffff00 observed_argb=ffffff00 observed565=ffe0
S3TC_FACTOR_TILE representation=rgba8 tile=15 x=539 y=405 source565=ffe0 expected_argb=ffffff00 observed_argb=ffffff00 observed565=ffe0
S3TC_FACTOR_TILE_KAT expected=7981b305 observed=7981b305
S3TC_FACTOR_ORACLE status=PASS failure_count=0 failure_mask=0000000000000000 compatibility_key=s3tc-factor-source-precision-v1
S3TC_FACTOR_WORK GameLoadComposite::10-S3tcSyncFactor-08-Rgba8DirtyOnceRedraw representation=rgba8 route=dirty_once_same_binding_redraws synchronization=same_address_final_wait iterations=8 draws=136 texture_writes=16 texture_bytes=4194304 texture_binds=136 payload_generations=8 no_write_redraws=128 distinct_addresses=1 per_draw_waits=0 gpu_waits=16 vertex_bytes=20480 visible_tiles=16 unique_colors=1 pattern_checksum=fede69d6 work_checksum=011baa8a result_checksum=fede69d6
TEST_BEGIN GameLoadComposite::10-S3tcSyncFactor-09-Bc2NativeEligible
WARMUP_BEGIN GameLoadComposite::10-S3tcSyncFactor-09-Bc2NativeEligible iterations=2
WARMUP_END GameLoadComposite::10-S3tcSyncFactor-09-Bc2NativeEligible
MEASURE_BEGIN GameLoadComposite::10-S3tcSyncFactor-09-Bc2NativeEligible iterations=8 samples=8 multiplier=1 mode=enqueue
MEASURE_END GameLoadComposite::10-S3tcSyncFactor-09-Bc2NativeEligible duration_us=1184481 completion_wait_us=0
S3TC_FACTOR_TILE representation=dxt1 tile=0 x=101 y=75 source565=0000 expected_argb=ff000000 observed_argb=ff000000 observed565=0000
S3TC_FACTOR_TILE representation=dxt1 tile=1 x=247 y=75 source565=ffff expected_argb=ffffffff observed_argb=ffffffff observed565=ffff
S3TC_FACTOR_TILE representation=dxt1 tile=2 x=393 y=75 source565=f800 expected_argb=ffff0000 observed_argb=ffff0000 observed565=f800
S3TC_FACTOR_TILE representation=dxt1 tile=3 x=539 y=75 source565=07e0 expected_argb=ff00ff00 observed_argb=ff00ff00 observed565=07e0
S3TC_FACTOR_TILE representation=dxt1 tile=4 x=101 y=185 source565=001f expected_argb=ff0000ff observed_argb=ff0000ff observed565=001f
S3TC_FACTOR_TILE representation=dxt1 tile=5 x=247 y=185 source565=ffe0 expected_argb=ffffff00 observed_argb=ffffff00 observed565=ffe0
S3TC_FACTOR_TILE representation=dxt1 tile=6 x=393 y=185 source565=f81f expected_argb=ffff00ff observed_argb=ffff00ff observed565=f81f
S3TC_FACTOR_TILE representation=dxt1 tile=7 x=539 y=185 source565=07ff expected_argb=ff00ffff observed_argb=ff00ffff observed565=07ff
S3TC_FACTOR_TILE representation=dxt1 tile=8 x=101 y=295 source565=7800 expected_argb=ff7b0000 observed_argb=ff7b0000 observed565=7800
S3TC_FACTOR_TILE representation=dxt1 tile=9 x=247 y=295 source565=03e0 expected_argb=ff007d00 observed_argb=ff007d00 observed565=03e0
S3TC_FACTOR_TILE representation=dxt1 tile=10 x=393 y=295 source565=000f expected_argb=ff00007b observed_argb=ff00007b observed565=000f
S3TC_FACTOR_TILE representation=dxt1 tile=11 x=539 y=295 source565=7bef expected_argb=ff7b7d7b observed_argb=ff7b7d7b observed565=7bef
S3TC_FACTOR_TILE representation=dxt1 tile=12 x=101 y=405 source565=fc10 expected_argb=ffff8284 observed_argb=ffff8284 observed565=fc10
S3TC_FACTOR_TILE representation=dxt1 tile=13 x=247 y=405 source565=83e0 expected_argb=ff847d00 observed_argb=ff847d00 observed565=83e0
S3TC_FACTOR_TILE representation=dxt1 tile=14 x=393 y=405 source565=8010 expected_argb=ff840084 observed_argb=ff840084 observed565=8010
S3TC_FACTOR_TILE representation=dxt1 tile=15 x=539 y=405 source565=0410 expected_argb=ff008284 observed_argb=ff008284 observed565=0410
S3TC_FACTOR_TILE_KAT expected=acc7c6b0 observed=acc7c6b0
S3TC_FACTOR_ORACLE status=PASS failure_count=0 failure_mask=0000000000000000 compatibility_key=s3tc-factor-source-precision-v1
S3TC_FACTOR_WORK GameLoadComposite::10-S3tcSyncFactor-09-Bc2NativeEligible representation=bc2_dxt3 route=format_kat_ring_payload_generations synchronization=distinct_address_ring_final_wait iterations=8 draws=128 texture_writes=128 texture_bytes=8388608 texture_binds=128 payload_generations=128 no_write_redraws=0 distinct_addresses=16 per_draw_waits=0 gpu_waits=8 vertex_bytes=20480 visible_tiles=16 unique_colors=16 pattern_checksum=1a4ff923 work_checksum=1e198d6b result_checksum=1a4ff923
TEST_BEGIN GameLoadComposite::10-S3tcSyncFactor-10-Bc2BorderedFallback
WARMUP_BEGIN GameLoadComposite::10-S3tcSyncFactor-10-Bc2BorderedFallback iterations=2
WARMUP_END GameLoadComposite::10-S3tcSyncFactor-10-Bc2BorderedFallback
MEASURE_BEGIN GameLoadComposite::10-S3tcSyncFactor-10-Bc2BorderedFallback iterations=8 samples=8 multiplier=1 mode=enqueue
MEASURE_END GameLoadComposite::10-S3tcSyncFactor-10-Bc2BorderedFallback duration_us=4043976 completion_wait_us=0
S3TC_FACTOR_TILE representation=dxt1 tile=0 x=101 y=75 source565=0000 expected_argb=ff000000 observed_argb=ff000000 observed565=0000
S3TC_FACTOR_TILE representation=dxt1 tile=1 x=247 y=75 source565=ffff expected_argb=ffffffff observed_argb=ffffffff observed565=ffff
S3TC_FACTOR_TILE representation=dxt1 tile=2 x=393 y=75 source565=f800 expected_argb=ffff0000 observed_argb=ffff0000 observed565=f800
S3TC_FACTOR_TILE representation=dxt1 tile=3 x=539 y=75 source565=07e0 expected_argb=ff00ff00 observed_argb=ff00ff00 observed565=07e0
S3TC_FACTOR_TILE representation=dxt1 tile=4 x=101 y=185 source565=001f expected_argb=ff0000ff observed_argb=ff0000ff observed565=001f
S3TC_FACTOR_TILE representation=dxt1 tile=5 x=247 y=185 source565=ffe0 expected_argb=ffffff00 observed_argb=ffffff00 observed565=ffe0
S3TC_FACTOR_TILE representation=dxt1 tile=6 x=393 y=185 source565=f81f expected_argb=ffff00ff observed_argb=ffff00ff observed565=f81f
S3TC_FACTOR_TILE representation=dxt1 tile=7 x=539 y=185 source565=07ff expected_argb=ff00ffff observed_argb=ff00ffff observed565=07ff
S3TC_FACTOR_TILE representation=dxt1 tile=8 x=101 y=295 source565=7800 expected_argb=ff7b0000 observed_argb=ff7b0000 observed565=7800
S3TC_FACTOR_TILE representation=dxt1 tile=9 x=247 y=295 source565=03e0 expected_argb=ff007d00 observed_argb=ff007d00 observed565=03e0
S3TC_FACTOR_TILE representation=dxt1 tile=10 x=393 y=295 source565=000f expected_argb=ff00007b observed_argb=ff00007b observed565=000f
S3TC_FACTOR_TILE representation=dxt1 tile=11 x=539 y=295 source565=7bef expected_argb=ff7b7d7b observed_argb=ff7b7d7b observed565=7bef
S3TC_FACTOR_TILE representation=dxt1 tile=12 x=101 y=405 source565=fc10 expected_argb=ffff8284 observed_argb=ffff8284 observed565=fc10
S3TC_FACTOR_TILE representation=dxt1 tile=13 x=247 y=405 source565=83e0 expected_argb=ff847d00 observed_argb=ff847d00 observed565=83e0
S3TC_FACTOR_TILE representation=dxt1 tile=14 x=393 y=405 source565=8010 expected_argb=ff840084 observed_argb=ff840084 observed565=8010
S3TC_FACTOR_TILE representation=dxt1 tile=15 x=539 y=405 source565=0410 expected_argb=ff008284 observed_argb=ff008284 observed565=0410
S3TC_FACTOR_TILE_KAT expected=acc7c6b0 observed=acc7c6b0
S3TC_FACTOR_ORACLE status=PASS failure_count=0 failure_mask=0000000000000000 compatibility_key=s3tc-factor-source-precision-v1
S3TC_FACTOR_WORK GameLoadComposite::10-S3tcSyncFactor-10-Bc2BorderedFallback representation=bc2_dxt3 route=format_kat_ring_payload_generations synchronization=distinct_address_ring_final_wait iterations=8 draws=128 texture_writes=128 texture_bytes=33554432 texture_binds=128 payload_generations=128 no_write_redraws=0 distinct_addresses=16 per_draw_waits=0 gpu_waits=8 vertex_bytes=20480 visible_tiles=16 unique_colors=16 pattern_checksum=1a4ff923 work_checksum=c26d451c result_checksum=1a4ff923
TEST_BEGIN GameLoadComposite::10-S3tcSyncFactor-11-Bc3NativeEligible
WARMUP_BEGIN GameLoadComposite::10-S3tcSyncFactor-11-Bc3NativeEligible iterations=2
WARMUP_END GameLoadComposite::10-S3tcSyncFactor-11-Bc3NativeEligible
MEASURE_BEGIN GameLoadComposite::10-S3tcSyncFactor-11-Bc3NativeEligible iterations=8 samples=8 multiplier=1 mode=enqueue
MEASURE_END GameLoadComposite::10-S3tcSyncFactor-11-Bc3NativeEligible duration_us=1328542 completion_wait_us=0
S3TC_FACTOR_TILE representation=dxt1 tile=0 x=101 y=75 source565=0000 expected_argb=ff000000 observed_argb=ff000000 observed565=0000
S3TC_FACTOR_TILE representation=dxt1 tile=1 x=247 y=75 source565=ffff expected_argb=ffffffff observed_argb=ffffffff observed565=ffff
S3TC_FACTOR_TILE representation=dxt1 tile=2 x=393 y=75 source565=f800 expected_argb=ffff0000 observed_argb=ffff0000 observed565=f800
S3TC_FACTOR_TILE representation=dxt1 tile=3 x=539 y=75 source565=07e0 expected_argb=ff00ff00 observed_argb=ff00ff00 observed565=07e0
S3TC_FACTOR_TILE representation=dxt1 tile=4 x=101 y=185 source565=001f expected_argb=ff0000ff observed_argb=ff0000ff observed565=001f
S3TC_FACTOR_TILE representation=dxt1 tile=5 x=247 y=185 source565=ffe0 expected_argb=ffffff00 observed_argb=ffffff00 observed565=ffe0
S3TC_FACTOR_TILE representation=dxt1 tile=6 x=393 y=185 source565=f81f expected_argb=ffff00ff observed_argb=ffff00ff observed565=f81f
S3TC_FACTOR_TILE representation=dxt1 tile=7 x=539 y=185 source565=07ff expected_argb=ff00ffff observed_argb=ff00ffff observed565=07ff
S3TC_FACTOR_TILE representation=dxt1 tile=8 x=101 y=295 source565=7800 expected_argb=ff7b0000 observed_argb=ff7b0000 observed565=7800
S3TC_FACTOR_TILE representation=dxt1 tile=9 x=247 y=295 source565=03e0 expected_argb=ff007d00 observed_argb=ff007d00 observed565=03e0
S3TC_FACTOR_TILE representation=dxt1 tile=10 x=393 y=295 source565=000f expected_argb=ff00007b observed_argb=ff00007b observed565=000f
S3TC_FACTOR_TILE representation=dxt1 tile=11 x=539 y=295 source565=7bef expected_argb=ff7b7d7b observed_argb=ff7b7d7b observed565=7bef
S3TC_FACTOR_TILE representation=dxt1 tile=12 x=101 y=405 source565=fc10 expected_argb=ffff8284 observed_argb=ffff8284 observed565=fc10
S3TC_FACTOR_TILE representation=dxt1 tile=13 x=247 y=405 source565=83e0 expected_argb=ff847d00 observed_argb=ff847d00 observed565=83e0
S3TC_FACTOR_TILE representation=dxt1 tile=14 x=393 y=405 source565=8010 expected_argb=ff840084 observed_argb=ff840084 observed565=8010
S3TC_FACTOR_TILE representation=dxt1 tile=15 x=539 y=405 source565=0410 expected_argb=ff008284 observed_argb=ff008284 observed565=0410
S3TC_FACTOR_TILE_KAT expected=acc7c6b0 observed=acc7c6b0
S3TC_FACTOR_ORACLE status=PASS failure_count=0 failure_mask=0000000000000000 compatibility_key=s3tc-factor-source-precision-v1
S3TC_FACTOR_WORK GameLoadComposite::10-S3tcSyncFactor-11-Bc3NativeEligible representation=bc3_dxt5 route=format_kat_ring_payload_generations synchronization=distinct_address_ring_final_wait iterations=8 draws=128 texture_writes=128 texture_bytes=8388608 texture_binds=128 payload_generations=128 no_write_redraws=0 distinct_addresses=16 per_draw_waits=0 gpu_waits=8 vertex_bytes=20480 visible_tiles=16 unique_colors=16 pattern_checksum=1a4ff923 work_checksum=c9593b92 result_checksum=1a4ff923
TEST_BEGIN GameLoadComposite::10-S3tcSyncFactor-12-Bc3BorderedFallback
WARMUP_BEGIN GameLoadComposite::10-S3tcSyncFactor-12-Bc3BorderedFallback iterations=2
WARMUP_END GameLoadComposite::10-S3tcSyncFactor-12-Bc3BorderedFallback
MEASURE_BEGIN GameLoadComposite::10-S3tcSyncFactor-12-Bc3BorderedFallback iterations=8 samples=8 multiplier=1 mode=enqueue
MEASURE_END GameLoadComposite::10-S3tcSyncFactor-12-Bc3BorderedFallback duration_us=3732928 completion_wait_us=0
S3TC_FACTOR_TILE representation=dxt1 tile=0 x=101 y=75 source565=0000 expected_argb=ff000000 observed_argb=ff000000 observed565=0000
S3TC_FACTOR_TILE representation=dxt1 tile=1 x=247 y=75 source565=ffff expected_argb=ffffffff observed_argb=ffffffff observed565=ffff
S3TC_FACTOR_TILE representation=dxt1 tile=2 x=393 y=75 source565=f800 expected_argb=ffff0000 observed_argb=ffff0000 observed565=f800
S3TC_FACTOR_TILE representation=dxt1 tile=3 x=539 y=75 source565=07e0 expected_argb=ff00ff00 observed_argb=ff00ff00 observed565=07e0
S3TC_FACTOR_TILE representation=dxt1 tile=4 x=101 y=185 source565=001f expected_argb=ff0000ff observed_argb=ff0000ff observed565=001f
S3TC_FACTOR_TILE representation=dxt1 tile=5 x=247 y=185 source565=ffe0 expected_argb=ffffff00 observed_argb=ffffff00 observed565=ffe0
S3TC_FACTOR_TILE representation=dxt1 tile=6 x=393 y=185 source565=f81f expected_argb=ffff00ff observed_argb=ffff00ff observed565=f81f
S3TC_FACTOR_TILE representation=dxt1 tile=7 x=539 y=185 source565=07ff expected_argb=ff00ffff observed_argb=ff00ffff observed565=07ff
S3TC_FACTOR_TILE representation=dxt1 tile=8 x=101 y=295 source565=7800 expected_argb=ff7b0000 observed_argb=ff7b0000 observed565=7800
S3TC_FACTOR_TILE representation=dxt1 tile=9 x=247 y=295 source565=03e0 expected_argb=ff007d00 observed_argb=ff007d00 observed565=03e0
S3TC_FACTOR_TILE representation=dxt1 tile=10 x=393 y=295 source565=000f expected_argb=ff00007b observed_argb=ff00007b observed565=000f
S3TC_FACTOR_TILE representation=dxt1 tile=11 x=539 y=295 source565=7bef expected_argb=ff7b7d7b observed_argb=ff7b7d7b observed565=7bef
S3TC_FACTOR_TILE representation=dxt1 tile=12 x=101 y=405 source565=fc10 expected_argb=ffff8284 observed_argb=ffff8284 observed565=fc10
S3TC_FACTOR_TILE representation=dxt1 tile=13 x=247 y=405 source565=83e0 expected_argb=ff847d00 observed_argb=ff847d00 observed565=83e0
S3TC_FACTOR_TILE representation=dxt1 tile=14 x=393 y=405 source565=8010 expected_argb=ff840084 observed_argb=ff840084 observed565=8010
S3TC_FACTOR_TILE representation=dxt1 tile=15 x=539 y=405 source565=0410 expected_argb=ff008284 observed_argb=ff008284 observed565=0410
S3TC_FACTOR_TILE_KAT expected=acc7c6b0 observed=acc7c6b0
S3TC_FACTOR_ORACLE status=PASS failure_count=0 failure_mask=0000000000000000 compatibility_key=s3tc-factor-source-precision-v1
S3TC_FACTOR_WORK GameLoadComposite::10-S3tcSyncFactor-12-Bc3BorderedFallback representation=bc3_dxt5 route=format_kat_ring_payload_generations synchronization=distinct_address_ring_final_wait iterations=8 draws=128 texture_writes=128 texture_bytes=33554432 texture_binds=128 payload_generations=128 no_write_redraws=0 distinct_addresses=16 per_draw_waits=0 gpu_waits=8 vertex_bytes=20480 visible_tiles=16 unique_colors=16 pattern_checksum=1a4ff923 work_checksum=eb7bb5a9 result_checksum=1a4ff923
CORRECTNESS_HASH GameLoadComposite::10-S3tcSyncFactor fnv1a64=3403675459d4d3d5 kind=group
TEST_END GameLoadComposite::10-S3tcSyncFactor
RUNNING_PROGRESS Test: GameLoadComposite::12-RepeatedDisplay
TEST_BEGIN GameLoadComposite::12-RepeatedDisplay
WARMUP_BEGIN GameLoadComposite::12-RepeatedDisplay iterations=2
WARMUP_END GameLoadComposite::12-RepeatedDisplay
MEASURE_BEGIN GameLoadComposite::12-RepeatedDisplay iterations=8 samples=8 multiplier=1 mode=enqueue
MEASURE_END GameLoadComposite::12-RepeatedDisplay duration_us=1159782 completion_wait_us=0
CORRECTNESS_HASH GameLoadComposite::12-RepeatedDisplay fnv1a64=c1768a3a4c482325
TEST_END GameLoadComposite::12-RepeatedDisplay
RUNNING_PROGRESS Test: GameLoadComposite::12-RepeatedDisplay-Boosted
TEST_BEGIN GameLoadComposite::12-RepeatedDisplay-Boosted
WARMUP_BEGIN GameLoadComposite::12-RepeatedDisplay-Boosted iterations=2
WARMUP_END GameLoadComposite::12-RepeatedDisplay-Boosted
MEASURE_BEGIN GameLoadComposite::12-RepeatedDisplay-Boosted iterations=8 samples=8 multiplier=1 mode=enqueue
MEASURE_END GameLoadComposite::12-RepeatedDisplay-Boosted duration_us=3480919 completion_wait_us=0
CORRECTNESS_HASH GameLoadComposite::12-RepeatedDisplay-Boosted fnv1a64=b87de12add386325
TEST_END GameLoadComposite::12-RepeatedDisplay-Boosted
RUNNING_PROGRESS Test: GameLoadComposite::DoaxMenuRepresentative-01-CPUOnly
TEST_BEGIN GameLoadComposite::DoaxMenuRepresentative-01-CPUOnly
WARMUP_BEGIN GameLoadComposite::DoaxMenuRepresentative-01-CPUOnly iterations=2
WARMUP_END GameLoadComposite::DoaxMenuRepresentative-01-CPUOnly
MEASURE_BEGIN GameLoadComposite::DoaxMenuRepresentative-01-CPUOnly iterations=8 samples=8 multiplier=1 mode=enqueue
MEASURE_END GameLoadComposite::DoaxMenuRepresentative-01-CPUOnly duration_us=1238295 completion_wait_us=0
COMPOSITE_WORK GameLoadComposite::DoaxMenuRepresentative-01-CPUOnly preset=DoaxMenuRepresentative phase=01-CPUOnly seed=d0a40001 iterations=8 cpu_indirect=2000000 cpu_fp=2097152 cpu_memory_bytes=4194304 decode_bytes=1048576 pfifo_methods=0 fence_reads=0 gpu_waits=0 draws=0 primitives=0 alpha_pixels=0 texture_bytes=0 vertex_bytes=0 surface_reuses=0 audio_voices=0 audio_buffers=0 audio_bytes=0 audio_mix_operations=0 work_checksum=4b928f1a result_checksum=25b93629
CORRECTNESS_HASH GameLoadComposite::DoaxMenuRepresentative-01-CPUOnly fnv1a64=c3b671ee8c1aa325
TEST_END GameLoadComposite::DoaxMenuRepresentative-01-CPUOnly
RUNNING_PROGRESS Test: GameLoadComposite::DoaxMenuRepresentative-02-PFIFOOnly
TEST_BEGIN GameLoadComposite::DoaxMenuRepresentative-02-PFIFOOnly
WARMUP_BEGIN GameLoadComposite::DoaxMenuRepresentative-02-PFIFOOnly iterations=2
WARMUP_END GameLoadComposite::DoaxMenuRepresentative-02-PFIFOOnly
MEASURE_BEGIN GameLoadComposite::DoaxMenuRepresentative-02-PFIFOOnly iterations=8 samples=8 multiplier=1 mode=enqueue
MEASURE_END GameLoadComposite::DoaxMenuRepresentative-02-PFIFOOnly duration_us=203111 completion_wait_us=0
COMPOSITE_WORK GameLoadComposite::DoaxMenuRepresentative-02-PFIFOOnly preset=DoaxMenuRepresentative phase=02-PFIFOOnly seed=d0a40001 iterations=8 cpu_indirect=0 cpu_fp=0 cpu_memory_bytes=0 decode_bytes=0 pfifo_methods=49160 fence_reads=65536 gpu_waits=0 draws=0 primitives=0 alpha_pixels=0 texture_bytes=0 vertex_bytes=0 surface_reuses=0 audio_voices=0 audio_buffers=0 audio_bytes=0 audio_mix_operations=0 work_checksum=6a065c78 result_checksum=75030000
CORRECTNESS_HASH GameLoadComposite::DoaxMenuRepresentative-02-PFIFOOnly fnv1a64=db52eb2ea2ee6325
TEST_END GameLoadComposite::DoaxMenuRepresentative-02-PFIFOOnly
RUNNING_PROGRESS Test: GameLoadComposite::DoaxMenuRepresentative-03-GPUOnly
TEST_BEGIN GameLoadComposite::DoaxMenuRepresentative-03-GPUOnly
WARMUP_BEGIN GameLoadComposite::DoaxMenuRepresentative-03-GPUOnly iterations=2
WARMUP_END GameLoadComposite::DoaxMenuRepresentative-03-GPUOnly
MEASURE_BEGIN GameLoadComposite::DoaxMenuRepresentative-03-GPUOnly iterations=8 samples=8 multiplier=1 mode=enqueue
MEASURE_END GameLoadComposite::DoaxMenuRepresentative-03-GPUOnly duration_us=2346951 completion_wait_us=0
COMPOSITE_WORK GameLoadComposite::DoaxMenuRepresentative-03-GPUOnly preset=DoaxMenuRepresentative phase=03-GPUOnly seed=d0a40001 iterations=8 cpu_indirect=0 cpu_fp=0 cpu_memory_bytes=0 decode_bytes=0 pfifo_methods=0 fence_reads=0 gpu_waits=0 draws=6144 primitives=6144 alpha_pixels=42467328 texture_bytes=0 vertex_bytes=0 surface_reuses=0 audio_voices=0 audio_buffers=0 audio_bytes=0 audio_mix_operations=0 work_checksum=d753072c result_checksum=93dc97b3
CORRECTNESS_HASH GameLoadComposite::DoaxMenuRepresentative-03-GPUOnly fnv1a64=fbd6d6be7f982325
TEST_END GameLoadComposite::DoaxMenuRepresentative-03-GPUOnly
RUNNING_PROGRESS Test: GameLoadComposite::DoaxMenuRepresentative-04-StreamingOnly
TEST_BEGIN GameLoadComposite::DoaxMenuRepresentative-04-StreamingOnly
WARMUP_BEGIN GameLoadComposite::DoaxMenuRepresentative-04-StreamingOnly iterations=2
WARMUP_END GameLoadComposite::DoaxMenuRepresentative-04-StreamingOnly
MEASURE_BEGIN GameLoadComposite::DoaxMenuRepresentative-04-StreamingOnly iterations=8 samples=8 multiplier=1 mode=enqueue
MEASURE_END GameLoadComposite::DoaxMenuRepresentative-04-StreamingOnly duration_us=270117 completion_wait_us=0
COMPOSITE_WORK GameLoadComposite::DoaxMenuRepresentative-04-StreamingOnly preset=DoaxMenuRepresentative phase=04-StreamingOnly seed=d0a40001 iterations=8 cpu_indirect=0 cpu_fp=0 cpu_memory_bytes=0 decode_bytes=1048576 pfifo_methods=0 fence_reads=0 gpu_waits=0 draws=8 primitives=8 alpha_pixels=55296 texture_bytes=1048576 vertex_bytes=1024 surface_reuses=32 audio_voices=0 audio_buffers=0 audio_bytes=0 audio_mix_operations=0 work_checksum=01d92faf result_checksum=4a366374
CORRECTNESS_HASH GameLoadComposite::DoaxMenuRepresentative-04-StreamingOnly fnv1a64=f94303d175056325
TEST_END GameLoadComposite::DoaxMenuRepresentative-04-StreamingOnly
RUNNING_PROGRESS Test: GameLoadComposite::DoaxMenuRepresentative-05-CPUPFIFOGPU
TEST_BEGIN GameLoadComposite::DoaxMenuRepresentative-05-CPUPFIFOGPU
WARMUP_BEGIN GameLoadComposite::DoaxMenuRepresentative-05-CPUPFIFOGPU iterations=2
WARMUP_END GameLoadComposite::DoaxMenuRepresentative-05-CPUPFIFOGPU
MEASURE_BEGIN GameLoadComposite::DoaxMenuRepresentative-05-CPUPFIFOGPU iterations=8 samples=8 multiplier=1 mode=enqueue
MEASURE_END GameLoadComposite::DoaxMenuRepresentative-05-CPUPFIFOGPU duration_us=3509175 completion_wait_us=0
COMPOSITE_WORK GameLoadComposite::DoaxMenuRepresentative-05-CPUPFIFOGPU preset=DoaxMenuRepresentative phase=05-CPUPFIFOGPU seed=d0a40001 iterations=8 cpu_indirect=2000000 cpu_fp=2097152 cpu_memory_bytes=4194304 decode_bytes=1048576 pfifo_methods=49160 fence_reads=65536 gpu_waits=0 draws=6144 primitives=6144 alpha_pixels=42467328 texture_bytes=0 vertex_bytes=0 surface_reuses=0 audio_voices=0 audio_buffers=0 audio_bytes=0 audio_mix_operations=0 work_checksum=0229c20d result_checksum=a36829b1
CORRECTNESS_HASH GameLoadComposite::DoaxMenuRepresentative-05-CPUPFIFOGPU fnv1a64=e7cef8cc6b616325
TEST_END GameLoadComposite::DoaxMenuRepresentative-05-CPUPFIFOGPU
RUNNING_PROGRESS Test: GameLoadComposite::DoaxMenuRepresentative-06-CPUPFIFOGPUStreaming
TEST_BEGIN GameLoadComposite::DoaxMenuRepresentative-06-CPUPFIFOGPUStreaming
WARMUP_BEGIN GameLoadComposite::DoaxMenuRepresentative-06-CPUPFIFOGPUStreaming iterations=2
WARMUP_END GameLoadComposite::DoaxMenuRepresentative-06-CPUPFIFOGPUStreaming
MEASURE_BEGIN GameLoadComposite::DoaxMenuRepresentative-06-CPUPFIFOGPUStreaming iterations=8 samples=8 multiplier=1 mode=enqueue
MEASURE_END GameLoadComposite::DoaxMenuRepresentative-06-CPUPFIFOGPUStreaming duration_us=3264011 completion_wait_us=0
COMPOSITE_WORK GameLoadComposite::DoaxMenuRepresentative-06-CPUPFIFOGPUStreaming preset=DoaxMenuRepresentative phase=06-CPUPFIFOGPUStreaming seed=d0a40001 iterations=8 cpu_indirect=2000000 cpu_fp=2097152 cpu_memory_bytes=4194304 decode_bytes=1048576 pfifo_methods=49160 fence_reads=65536 gpu_waits=0 draws=6152 primitives=6152 alpha_pixels=42522624 texture_bytes=1048576 vertex_bytes=1024 surface_reuses=32 audio_voices=0 audio_buffers=0 audio_bytes=0 audio_mix_operations=0 work_checksum=56538cf4 result_check
CORRECTNESS_HASH GameLoadComposite::DoaxMenuRepresentative-06-CPUPFIFOGPUStreaming fnv1a64=e6d7900d809f6325
TEST_END GameLoadComposite::DoaxMenuRepresentative-06-CPUPFIFOGPUStreaming
RUNNING_PROGRESS Test: GameLoadComposite::DoaxMenuRepresentative-07-FullSystem
TEST_BEGIN GameLoadComposite::DoaxMenuRepresentative-07-FullSystem
WARMUP_BEGIN GameLoadComposite::DoaxMenuRepresentative-07-FullSystem iterations=2
WARMUP_END GameLoadComposite::DoaxMenuRepresentative-07-FullSystem
MEASURE_BEGIN GameLoadComposite::DoaxMenuRepresentative-07-FullSystem iterations=8 samples=8 multiplier=1 mode=enqueue
MEASURE_END GameLoadComposite::DoaxMenuRepresentative-07-FullSystem duration_us=3524640 completion_wait_us=0
COMPOSITE_WORK GameLoadComposite::DoaxMenuRepresentative-07-FullSystem preset=DoaxMenuRepresentative phase=07-FullSystem seed=d0a40001 iterations=8 cpu_indirect=2000000 cpu_fp=2097152 cpu_memory_bytes=4194304 decode_bytes=1048576 pfifo_methods=49160 fence_reads=65536 gpu_waits=0 draws=6152 primitives=6152 alpha_pixels=42522624 texture_bytes=1048576 vertex_bytes=1024 surface_reuses=32 audio_voices=8 audio_buffers=16 audio_bytes=393216 audio_mix_operations=786432 work_checksum=f08c6961 result_checksum=a8eb8
CORRECTNESS_HASH GameLoadComposite::DoaxMenuRepresentative-07-FullSystem fnv1a64=3ebb8ee340a52325
TEST_END GameLoadComposite::DoaxMenuRepresentative-07-FullSystem
RUNNING_PROGRESS Test: GameLoadComposite::DoaxMenuStress-01-CPUOnly
TEST_BEGIN GameLoadComposite::DoaxMenuStress-01-CPUOnly
WARMUP_BEGIN GameLoadComposite::DoaxMenuStress-01-CPUOnly iterations=2
WARMUP_END GameLoadComposite::DoaxMenuStress-01-CPUOnly
MEASURE_BEGIN GameLoadComposite::DoaxMenuStress-01-CPUOnly iterations=8 samples=8 multiplier=1 mode=enqueue
MEASURE_END GameLoadComposite::DoaxMenuStress-01-CPUOnly duration_us=2664197 completion_wait_us=0
COMPOSITE_WORK GameLoadComposite::DoaxMenuStress-01-CPUOnly preset=DoaxMenuStress phase=01-CPUOnly seed=d0a40002 iterations=8 cpu_indirect=4000000 cpu_fp=4194304 cpu_memory_bytes=8388608 decode_bytes=2097152 pfifo_methods=0 fence_reads=0 gpu_waits=0 draws=0 primitives=0 alpha_pixels=0 texture_bytes=0 vertex_bytes=0 surface_reuses=0 audio_voices=0 audio_buffers=0 audio_bytes=0 audio_mix_operations=0 work_checksum=187023bd result_checksum=9b668f06
CORRECTNESS_HASH GameLoadComposite::DoaxMenuStress-01-CPUOnly fnv1a64=248bfc2325d52325
TEST_END GameLoadComposite::DoaxMenuStress-01-CPUOnly
RUNNING_PROGRESS Test: GameLoadComposite::DoaxMenuStress-02-PFIFOOnly
TEST_BEGIN GameLoadComposite::DoaxMenuStress-02-PFIFOOnly
WARMUP_BEGIN GameLoadComposite::DoaxMenuStress-02-PFIFOOnly iterations=2
WARMUP_END GameLoadComposite::DoaxMenuStress-02-PFIFOOnly
MEASURE_BEGIN GameLoadComposite::DoaxMenuStress-02-PFIFOOnly iterations=8 samples=8 multiplier=1 mode=enqueue
MEASURE_END GameLoadComposite::DoaxMenuStress-02-PFIFOOnly duration_us=588133 completion_wait_us=0
COMPOSITE_WORK GameLoadComposite::DoaxMenuStress-02-PFIFOOnly preset=DoaxMenuStress phase=02-PFIFOOnly seed=d0a40002 iterations=8 cpu_indirect=0 cpu_fp=0 cpu_memory_bytes=0 decode_bytes=0 pfifo_methods=98312 fence_reads=131072 gpu_waits=0 draws=0 primitives=0 alpha_pixels=0 texture_bytes=0 vertex_bytes=0 surface_reuses=0 audio_voices=0 audio_buffers=0 audio_bytes=0 audio_mix_operations=0 work_checksum=b81d8d39 result_checksum=be7a9d63
CORRECTNESS_HASH GameLoadComposite::DoaxMenuStress-02-PFIFOOnly fnv1a64=6251472ce3a6e325
TEST_END GameLoadComposite::DoaxMenuStress-02-PFIFOOnly
RUNNING_PROGRESS Test: GameLoadComposite::DoaxMenuStress-03-GPUOnly
TEST_BEGIN GameLoadComposite::DoaxMenuStress-03-GPUOnly
WARMUP_BEGIN GameLoadComposite::DoaxMenuStress-03-GPUOnly iterations=2
WARMUP_END GameLoadComposite::DoaxMenuStress-03-GPUOnly
MEASURE_BEGIN GameLoadComposite::DoaxMenuStress-03-GPUOnly iterations=8 samples=8 multiplier=1 mode=enqueue
MEASURE_END GameLoadComposite::DoaxMenuStress-03-GPUOnly duration_us=4391043 completion_wait_us=0
COMPOSITE_WORK GameLoadComposite::DoaxMenuStress-03-GPUOnly preset=DoaxMenuStress phase=03-GPUOnly seed=d0a40002 iterations=8 cpu_indirect=0 cpu_fp=0 cpu_memory_bytes=0 decode_bytes=0 pfifo_methods=0 fence_reads=0 gpu_waits=0 draws=12288 primitives=12288 alpha_pixels=84934656 texture_bytes=0 vertex_bytes=0 surface_reuses=0 audio_voices=0 audio_buffers=0 audio_bytes=0 audio_mix_operations=0 work_checksum=758b6c12 result_checksum=b53d4d00
CORRECTNESS_HASH GameLoadComposite::DoaxMenuStress-03-GPUOnly fnv1a64=30126b41ecb96325
TEST_END GameLoadComposite::DoaxMenuStress-03-GPUOnly
RUNNING_PROGRESS Test: GameLoadComposite::DoaxMenuStress-04-StreamingOnly
TEST_BEGIN GameLoadComposite::DoaxMenuStress-04-StreamingOnly
WARMUP_BEGIN GameLoadComposite::DoaxMenuStress-04-StreamingOnly iterations=2
WARMUP_END GameLoadComposite::DoaxMenuStress-04-StreamingOnly
MEASURE_BEGIN GameLoadComposite::DoaxMenuStress-04-StreamingOnly iterations=8 samples=8 multiplier=1 mode=enqueue
MEASURE_END GameLoadComposite::DoaxMenuStress-04-StreamingOnly duration_us=723733 completion_wait_us=0
COMPOSITE_WORK GameLoadComposite::DoaxMenuStress-04-StreamingOnly preset=DoaxMenuStress phase=04-StreamingOnly seed=d0a40002 iterations=8 cpu_indirect=0 cpu_fp=0 cpu_memory_bytes=0 decode_bytes=2097152 pfifo_methods=0 fence_reads=0 gpu_waits=0 draws=16 primitives=16 alpha_pixels=110592 texture_bytes=2097152 vertex_bytes=2048 surface_reuses=64 audio_voices=0 audio_buffers=0 audio_bytes=0 audio_mix_operations=0 work_checksum=50246e19 result_checksum=9cc098ca
CORRECTNESS_HASH GameLoadComposite::DoaxMenuStress-04-StreamingOnly fnv1a64=5b922e3ee1312325
TEST_END GameLoadComposite::DoaxMenuStress-04-StreamingOnly
RUNNING_PROGRESS Test: GameLoadComposite::DoaxMenuStress-05-CPUPFIFOGPU
TEST_BEGIN GameLoadComposite::DoaxMenuStress-05-CPUPFIFOGPU
WARMUP_BEGIN GameLoadComposite::DoaxMenuStress-05-CPUPFIFOGPU iterations=2
WARMUP_END GameLoadComposite::DoaxMenuStress-05-CPUPFIFOGPU
MEASURE_BEGIN GameLoadComposite::DoaxMenuStress-05-CPUPFIFOGPU iterations=8 samples=8 multiplier=1 mode=enqueue
MEASURE_END GameLoadComposite::DoaxMenuStress-05-CPUPFIFOGPU duration_us=6872477 completion_wait_us=0
COMPOSITE_WORK GameLoadComposite::DoaxMenuStress-05-CPUPFIFOGPU preset=DoaxMenuStress phase=05-CPUPFIFOGPU seed=d0a40002 iterations=8 cpu_indirect=4000000 cpu_fp=4194304 cpu_memory_bytes=8388608 decode_bytes=2097152 pfifo_methods=98312 fence_reads=131072 gpu_waits=0 draws=12288 primitives=12288 alpha_pixels=84934656 texture_bytes=0 vertex_bytes=0 surface_reuses=0 audio_voices=0 audio_buffers=0 audio_bytes=0 audio_mix_operations=0 work_checksum=7864be61 result_checksum=6932ee9a
CORRECTNESS_HASH GameLoadComposite::DoaxMenuStress-05-CPUPFIFOGPU fnv1a64=354713be420ca325
TEST_END GameLoadComposite::DoaxMenuStress-05-CPUPFIFOGPU
RUNNING_PROGRESS Test: GameLoadComposite::DoaxMenuStress-06-CPUPFIFOGPUStreaming
TEST_BEGIN GameLoadComposite::DoaxMenuStress-06-CPUPFIFOGPUStreaming
WARMUP_BEGIN GameLoadComposite::DoaxMenuStress-06-CPUPFIFOGPUStreaming iterations=2
WARMUP_END GameLoadComposite::DoaxMenuStress-06-CPUPFIFOGPUStreaming
MEASURE_BEGIN GameLoadComposite::DoaxMenuStress-06-CPUPFIFOGPUStreaming iterations=8 samples=8 multiplier=1 mode=enqueue
MEASURE_END GameLoadComposite::DoaxMenuStress-06-CPUPFIFOGPUStreaming duration_us=7624726 completion_wait_us=0
COMPOSITE_WORK GameLoadComposite::DoaxMenuStress-06-CPUPFIFOGPUStreaming preset=DoaxMenuStress phase=06-CPUPFIFOGPUStreaming seed=d0a40002 iterations=8 cpu_indirect=4000000 cpu_fp=4194304 cpu_memory_bytes=8388608 decode_bytes=2097152 pfifo_methods=98312 fence_reads=131072 gpu_waits=0 draws=12304 primitives=12304 alpha_pixels=85045248 texture_bytes=2097152 vertex_bytes=2048 surface_reuses=64 audio_voices=0 audio_buffers=0 audio_bytes=0 audio_mix_operations=0 work_checksum=24b21af5 result_checksum=441dc573
CORRECTNESS_HASH GameLoadComposite::DoaxMenuStress-06-CPUPFIFOGPUStreaming fnv1a64=5dbf320b91a86325
TEST_END GameLoadComposite::DoaxMenuStress-06-CPUPFIFOGPUStreaming
RUNNING_PROGRESS Test: GameLoadComposite::DoaxMenuStress-07-FullSystem
TEST_BEGIN GameLoadComposite::DoaxMenuStress-07-FullSystem
WARMUP_BEGIN GameLoadComposite::DoaxMenuStress-07-FullSystem iterations=2
WARMUP_END GameLoadComposite::DoaxMenuStress-07-FullSystem
MEASURE_BEGIN GameLoadComposite::DoaxMenuStress-07-FullSystem iterations=8 samples=8 multiplier=1 mode=enqueue
MEASURE_END GameLoadComposite::DoaxMenuStress-07-FullSystem duration_us=6764079 completion_wait_us=0
COMPOSITE_WORK GameLoadComposite::DoaxMenuStress-07-FullSystem preset=DoaxMenuStress phase=07-FullSystem seed=d0a40002 iterations=8 cpu_indirect=4000000 cpu_fp=4194304 cpu_memory_bytes=8388608 decode_bytes=2097152 pfifo_methods=98312 fence_reads=131072 gpu_waits=0 draws=12304 primitives=12304 alpha_pixels=85045248 texture_bytes=2097152 vertex_bytes=2048 surface_reuses=64 audio_voices=16 audio_buffers=16 audio_bytes=393216 audio_mix_operations=1572864 work_checksum=966106c0 result_checksum=03538db8
CORRECTNESS_HASH GameLoadComposite::DoaxMenuStress-07-FullSystem fnv1a64=545f7965debce325
TEST_END GameLoadComposite::DoaxMenuStress-07-FullSystem
RUNNING_PROGRESS Test: GameLoadComposite::Pgr2AiBackup-01-CPUOnly
TEST_BEGIN GameLoadComposite::Pgr2AiBackup-01-CPUOnly
WARMUP_BEGIN GameLoadComposite::Pgr2AiBackup-01-CPUOnly iterations=2
WARMUP_END GameLoadComposite::Pgr2AiBackup-01-CPUOnly
MEASURE_BEGIN GameLoadComposite::Pgr2AiBackup-01-CPUOnly iterations=8 samples=8 multiplier=1 mode=enqueue
MEASURE_END GameLoadComposite::Pgr2AiBackup-01-CPUOnly duration_us=4474580 completion_wait_us=0
COMPOSITE_WORK GameLoadComposite::Pgr2AiBackup-01-CPUOnly preset=Pgr2AiBackup phase=01-CPUOnly seed=50475232 iterations=8 cpu_indirect=8000000 cpu_fp=2097152 cpu_memory_bytes=4194304 decode_bytes=524288 pfifo_methods=0 fence_reads=0 gpu_waits=0 draws=0 primitives=0 alpha_pixels=0 texture_bytes=0 vertex_bytes=0 surface_reuses=0 audio_voices=0 audio_buffers=0 audio_bytes=0 audio_mix_operations=0 work_checksum=eabfda06 result_checksum=a49f0bc1
CORRECTNESS_HASH GameLoadComposite::Pgr2AiBackup-01-CPUOnly fnv1a64=da3d23778840a325
TEST_END GameLoadComposite::Pgr2AiBackup-01-CPUOnly
RUNNING_PROGRESS Test: GameLoadComposite::Pgr2AiBackup-02-PFIFOOnly
TEST_BEGIN GameLoadComposite::Pgr2AiBackup-02-PFIFOOnly
WARMUP_BEGIN GameLoadComposite::Pgr2AiBackup-02-PFIFOOnly iterations=2
WARMUP_END GameLoadComposite::Pgr2AiBackup-02-PFIFOOnly
MEASURE_BEGIN GameLoadComposite::Pgr2AiBackup-02-PFIFOOnly iterations=8 samples=8 multiplier=1 mode=enqueue
MEASURE_END GameLoadComposite::Pgr2AiBackup-02-PFIFOOnly duration_us=1913888 completion_wait_us=0
COMPOSITE_WORK GameLoadComposite::Pgr2AiBackup-02-PFIFOOnly preset=Pgr2AiBackup phase=02-PFIFOOnly seed=50475232 iterations=8 cpu_indirect=0 cpu_fp=0 cpu_memory_bytes=0 decode_bytes=0 pfifo_methods=98312 fence_reads=800000 gpu_waits=0 draws=0 primitives=0 alpha_pixels=0 texture_bytes=0 vertex_bytes=0 surface_reuses=0 audio_voices=0 audio_buffers=0 audio_bytes=0 audio_mix_operations=0 work_checksum=7fc54d75 result_checksum=4b051b93
CORRECTNESS_HASH GameLoadComposite::Pgr2AiBackup-02-PFIFOOnly fnv1a64=5bc1b07714da2325
TEST_END GameLoadComposite::Pgr2AiBackup-02-PFIFOOnly
RUNNING_PROGRESS Test: GameLoadComposite::Pgr2AiBackup-03-GPUOnly
TEST_BEGIN GameLoadComposite::Pgr2AiBackup-03-GPUOnly
WARMUP_BEGIN GameLoadComposite::Pgr2AiBackup-03-GPUOnly iterations=2
WARMUP_END GameLoadComposite::Pgr2AiBackup-03-GPUOnly
MEASURE_BEGIN GameLoadComposite::Pgr2AiBackup-03-GPUOnly iterations=8 samples=8 multiplier=1 mode=enqueue
MEASURE_END GameLoadComposite::Pgr2AiBackup-03-GPUOnly duration_us=10827172 completion_wait_us=0
COMPOSITE_WORK GameLoadComposite::Pgr2AiBackup-03-GPUOnly preset=Pgr2AiBackup phase=03-GPUOnly seed=50475232 iterations=8 cpu_indirect=0 cpu_fp=0 cpu_memory_bytes=0 decode_bytes=0 pfifo_methods=0 fence_reads=0 gpu_waits=0 draws=32000 primitives=32000 alpha_pixels=221184000 texture_bytes=0 vertex_bytes=0 surface_reuses=0 audio_voices=0 audio_buffers=0 audio_bytes=0 audio_mix_operations=0 work_checksum=5346feb8 result_checksum=c8649bd0
CORRECTNESS_HASH GameLoadComposite::Pgr2AiBackup-03-GPUOnly fnv1a64=f8348ac6eeaaa325
TEST_END GameLoadComposite::Pgr2AiBackup-03-GPUOnly
RUNNING_PROGRESS Test: GameLoadComposite::Pgr2AiBackup-04-StreamingOnly
TEST_BEGIN GameLoadComposite::Pgr2AiBackup-04-StreamingOnly
WARMUP_BEGIN GameLoadComposite::Pgr2AiBackup-04-StreamingOnly iterations=2
WARMUP_END GameLoadComposite::Pgr2AiBackup-04-StreamingOnly
MEASURE_BEGIN GameLoadComposite::Pgr2AiBackup-04-StreamingOnly iterations=8 samples=8 multiplier=1 mode=enqueue
MEASURE_END GameLoadComposite::Pgr2AiBackup-04-StreamingOnly duration_us=195407 completion_wait_us=0
COMPOSITE_WORK GameLoadComposite::Pgr2AiBackup-04-StreamingOnly preset=Pgr2AiBackup phase=04-StreamingOnly seed=50475232 iterations=8 cpu_indirect=0 cpu_fp=0 cpu_memory_bytes=0 decode_bytes=524288 pfifo_methods=0 fence_reads=0 gpu_waits=0 draws=8 primitives=8 alpha_pixels=55296 texture_bytes=1048576 vertex_bytes=1024 surface_reuses=16 audio_voices=0 audio_buffers=0 audio_bytes=0 audio_mix_operations=0 work_checksum=998a44e5 result_checksum=0d851e63
CORRECTNESS_HASH GameLoadComposite::Pgr2AiBackup-04-StreamingOnly fnv1a64=f43007e31b972325
TEST_END GameLoadComposite::Pgr2AiBackup-04-StreamingOnly
RUNNING_PROGRESS Test: GameLoadComposite::Pgr2AiBackup-05-CPUPFIFOGPU
TEST_BEGIN GameLoadComposite::Pgr2AiBackup-05-CPUPFIFOGPU
WARMUP_BEGIN GameLoadComposite::Pgr2AiBackup-05-CPUPFIFOGPU iterations=2
WARMUP_END GameLoadComposite::Pgr2AiBackup-05-CPUPFIFOGPU
MEASURE_BEGIN GameLoadComposite::Pgr2AiBackup-05-CPUPFIFOGPU iterations=8 samples=8 multiplier=1 mode=enqueue
MEASURE_END GameLoadComposite::Pgr2AiBackup-05-CPUPFIFOGPU duration_us=15269600 completion_wait_us=0
COMPOSITE_WORK GameLoadComposite::Pgr2AiBackup-05-CPUPFIFOGPU preset=Pgr2AiBackup phase=05-CPUPFIFOGPU seed=50475232 iterations=8 cpu_indirect=8000000 cpu_fp=2097152 cpu_memory_bytes=4194304 decode_bytes=524288 pfifo_methods=98312 fence_reads=800000 gpu_waits=0 draws=32000 primitives=32000 alpha_pixels=221184000 texture_bytes=0 vertex_bytes=0 surface_reuses=0 audio_voices=0 audio_buffers=0 audio_bytes=0 audio_mix_operations=0 work_checksum=02af5580 result_checksum=986ff5c9
CORRECTNESS_HASH GameLoadComposite::Pgr2AiBackup-05-CPUPFIFOGPU fnv1a64=02abbdf01cf5a325
TEST_END GameLoadComposite::Pgr2AiBackup-05-CPUPFIFOGPU
RUNNING_PROGRESS Test: GameLoadComposite::Pgr2AiBackup-06-CPUPFIFOGPUStreaming
TEST_BEGIN GameLoadComposite::Pgr2AiBackup-06-CPUPFIFOGPUStreaming
WARMUP_BEGIN GameLoadComposite::Pgr2AiBackup-06-CPUPFIFOGPUStreaming iterations=2
WARMUP_END GameLoadComposite::Pgr2AiBackup-06-CPUPFIFOGPUStreaming
MEASURE_BEGIN GameLoadComposite::Pgr2AiBackup-06-CPUPFIFOGPUStreaming iterations=8 samples=8 multiplier=1 mode=enqueue
MEASURE_END GameLoadComposite::Pgr2AiBackup-06-CPUPFIFOGPUStreaming duration_us=14953728 completion_wait_us=0
COMPOSITE_WORK GameLoadComposite::Pgr2AiBackup-06-CPUPFIFOGPUStreaming preset=Pgr2AiBackup phase=06-CPUPFIFOGPUStreaming seed=50475232 iterations=8 cpu_indirect=8000000 cpu_fp=2097152 cpu_memory_bytes=4194304 decode_bytes=524288 pfifo_methods=98312 fence_reads=800000 gpu_waits=0 draws=32008 primitives=32008 alpha_pixels=221239296 texture_bytes=1048576 vertex_bytes=1024 surface_reuses=16 audio_voices=0 audio_buffers=0 audio_bytes=0 audio_mix_operations=0 work_checksum=b4910679 result_checksum=1fd68950
CORRECTNESS_HASH GameLoadComposite::Pgr2AiBackup-06-CPUPFIFOGPUStreaming fnv1a64=e0430415b6dbe325
TEST_END GameLoadComposite::Pgr2AiBackup-06-CPUPFIFOGPUStreaming
RUNNING_PROGRESS Test: GameLoadComposite::Pgr2AiBackup-07-FullSystem
TEST_BEGIN GameLoadComposite::Pgr2AiBackup-07-FullSystem
WARMUP_BEGIN GameLoadComposite::Pgr2AiBackup-07-FullSystem iterations=2
WARMUP_END GameLoadComposite::Pgr2AiBackup-07-FullSystem
MEASURE_BEGIN GameLoadComposite::Pgr2AiBackup-07-FullSystem iterations=8 samples=8 multiplier=1 mode=enqueue
MEASURE_END GameLoadComposite::Pgr2AiBackup-07-FullSystem duration_us=16527295 completion_wait_us=0
COMPOSITE_WORK GameLoadComposite::Pgr2AiBackup-07-FullSystem preset=Pgr2AiBackup phase=07-FullSystem seed=50475232 iterations=8 cpu_indirect=8000000 cpu_fp=2097152 cpu_memory_bytes=4194304 decode_bytes=524288 pfifo_methods=98312 fence_reads=800000 gpu_waits=0 draws=32008 primitives=32008 alpha_pixels=221239296 texture_bytes=1048576 vertex_bytes=1024 surface_reuses=16 audio_voices=4 audio_buffers=16 audio_bytes=393216 audio_mix_operations=393216 work_checksum=6a911aa2 result_checksum=79d09f77
CORRECTNESS_HASH GameLoadComposite::Pgr2AiBackup-07-FullSystem fnv1a64=cb91c33db5046325
TEST_END GameLoadComposite::Pgr2AiBackup-07-FullSystem
RUNNING_PROGRESS Suite teardown: GameLoadComposite
RUNNING_PROGRESS GameLoadComposite: stop audio
RUNNING_PROGRESS GameLoadComposite: signal loader stop
RUNNING_PROGRESS GameLoadComposite: wait for loader thread
RUNNING_PROGRESS GameLoadComposite: close loader handles
RUNNING_PROGRESS GameLoadComposite: release GPU resources
RUNNING_PROGRESS GameLoadComposite: base teardown
RUNNING_PROGRESS Suite initialize: High vertex count
RUNNING_PROGRESS Test: High vertex count::HighVtxCount-arrays
TEST_BEGIN High vertex count::HighVtxCount-arrays
WARMUP_BEGIN High vertex count::HighVtxCount-arrays iterations=2
WARMUP_END High vertex count::HighVtxCount-arrays
MEASURE_BEGIN High vertex count::HighVtxCount-arrays iterations=100 samples=100 multiplier=1 mode=enqueue
MEASURE_END High vertex count::HighVtxCount-arrays duration_us=46938 completion_wait_us=0
CORRECTNESS_HASH High vertex count::HighVtxCount-arrays fnv1a64=8afa2a67c9d8015e
TEST_END High vertex count::HighVtxCount-arrays
RUNNING_PROGRESS Test: High vertex count::HighVtxCount-inlinearrays
TEST_BEGIN High vertex count::HighVtxCount-inlinearrays
WARMUP_BEGIN High vertex count::HighVtxCount-inlinearrays iterations=2
WARMUP_END High vertex count::HighVtxCount-inlinearrays
MEASURE_BEGIN High vertex count::HighVtxCount-inlinearrays iterations=10 samples=10 multiplier=1 mode=enqueue
MEASURE_END High vertex count::HighVtxCount-inlinearrays duration_us=6831662 completion_wait_us=0
CORRECTNESS_HASH High vertex count::HighVtxCount-inlinearrays fnv1a64=8afa2a67c9d8015e
TEST_END High vertex count::HighVtxCount-inlinearrays
RUNNING_PROGRESS Test: High vertex count::HighVtxCount-inlinebuffers
TEST_BEGIN High vertex count::HighVtxCount-inlinebuffers
WARMUP_BEGIN High vertex count::HighVtxCount-inlinebuffers iterations=2
WARMUP_END High vertex count::HighVtxCount-inlinebuffers
MEASURE_BEGIN High vertex count::HighVtxCount-inlinebuffers iterations=5 samples=5 multiplier=1 mode=enqueue
MEASURE_END High vertex count::HighVtxCount-inlinebuffers duration_us=16814882 completion_wait_us=0
CORRECTNESS_HASH High vertex count::HighVtxCount-inlinebuffers fnv1a64=8afa2a67c9d8015e
TEST_END High vertex count::HighVtxCount-inlinebuffers
RUNNING_PROGRESS Test: High vertex count::HighVtxCount-inlineelements
TEST_BEGIN High vertex count::HighVtxCount-inlineelements
WARMUP_BEGIN High vertex count::HighVtxCount-inlineelements iterations=2
WARMUP_END High vertex count::HighVtxCount-inlineelements
MEASURE_BEGIN High vertex count::HighVtxCount-inlineelements iterations=50 samples=50 multiplier=1 mode=enqueue
MEASURE_END High vertex count::HighVtxCount-inlineelements duration_us=3512180 completion_wait_us=0
CORRECTNESS_HASH High vertex count::HighVtxCount-inlineelements fnv1a64=8afa2a67c9d8015e
TEST_END High vertex count::HighVtxCount-inlineelements
RUNNING_PROGRESS Suite teardown: High vertex count
RUNNING_PROGRESS Suite initialize: PFIFOArrayElements
RUNNING_PROGRESS Test: PFIFOArrayElements::pfifo.array-element-pgr2
TEST_BEGIN PFIFOArrayElements::pfifo.array-element-pgr2
WARMUP_BEGIN PFIFOArrayElements::pfifo.array-element-pgr2 iterations=2
WARMUP_END PFIFOArrayElements::pfifo.array-element-pgr2
MEASURE_BEGIN PFIFOArrayElements::pfifo.array-element-pgr2 iterations=8 samples=8 multiplier=1 mode=enqueue
MEASURE_END PFIFOArrayElements::pfifo.array-element-pgr2 duration_us=38538 completion_wait_us=0
PFIFO_ARRAY_WORK PFIFOArrayElements::pfifo.array-element-pgr2 seed=50464946 iterations=8 packet_words=29 packets=2048 payload_words=59392 input=576f9c60 index=33e7dbf4 payload=555dcc3c pixels=18d08b94 final=05d5f617 frame=bbc8b0702ffd0325
CORRECTNESS_HASH PFIFOArrayElements::pfifo.array-element-pgr2 fnv1a64=bbc8b0702ffd0325
TEST_END PFIFOArrayElements::pfifo.array-element-pgr2
RUNNING_PROGRESS Test: PFIFOArrayElements::pfifo.array-element16
TEST_BEGIN PFIFOArrayElements::pfifo.array-element16
WARMUP_BEGIN PFIFOArrayElements::pfifo.array-element16 iterations=2
WARMUP_END PFIFOArrayElements::pfifo.array-element16
MEASURE_BEGIN PFIFOArrayElements::pfifo.array-element16 iterations=8 samples=8 multiplier=1 mode=enqueue
MEASURE_END PFIFOArrayElements::pfifo.array-element16 duration_us=114509 completion_wait_us=0
PFIFO_ARRAY_WORK PFIFOArrayElements::pfifo.array-element16 seed=50464946 iterations=8 packet_words=38 packets=2048 payload_words=77824 input=576f9c60 index=214abd05 payload=38503435 pixels=8f69b3c6 final=cfd04828 frame=9c884de2a5d32325
CORRECTNESS_HASH PFIFOArrayElements::pfifo.array-element16 fnv1a64=9c884de2a5d32325
TEST_END PFIFOArrayElements::pfifo.array-element16
RUNNING_PROGRESS Test: PFIFOArrayElements::pfifo.array-element32
TEST_BEGIN PFIFOArrayElements::pfifo.array-element32
WARMUP_BEGIN PFIFOArrayElements::pfifo.array-element32 iterations=2
WARMUP_END PFIFOArrayElements::pfifo.array-element32
MEASURE_BEGIN PFIFOArrayElements::pfifo.array-element32 iterations=8 samples=8 multiplier=1 mode=enqueue
MEASURE_END PFIFOArrayElements::pfifo.array-element32 duration_us=1044844 completion_wait_us=0
PFIFO_ARRAY_WORK PFIFOArrayElements::pfifo.array-element32 seed=50464946 iterations=8 packet_words=76 packets=2048 payload_words=155648 input=576f9c60 index=214abd05 payload=214abd05 pixels=8f69b3c6 final=085e175c frame=e079f0cf1a994325
CORRECTNESS_HASH PFIFOArrayElements::pfifo.array-element32 fnv1a64=e079f0cf1a994325
TEST_END PFIFOArrayElements::pfifo.array-element32
RUNNING_PROGRESS Suite teardown: PFIFOArrayElements
RUNNING_PROGRESS Suite initialize: PipelineTextureSwitch
RUNNING_PROGRESS Test: PipelineTextureSwitch::pipeline.clear-texture-normal
TEST_BEGIN PipelineTextureSwitch::pipeline.clear-texture-normal
WARMUP_BEGIN PipelineTextureSwitch::pipeline.clear-texture-normal iterations=2
WARMUP_END PipelineTextureSwitch::pipeline.clear-texture-normal
MEASURE_BEGIN PipelineTextureSwitch::pipeline.clear-texture-normal iterations=8 samples=8 multiplier=1 mode=enqueue
MEASURE_END PipelineTextureSwitch::pipeline.clear-texture-normal duration_us=2004778 completion_wait_us=0
PIPELINE_CLEAR_TEXTURE_WORK PipelineTextureSwitch::pipeline.clear-texture-normal seed=50545357 iterations=8 operations=5120 clear_pipeline_uses=1024 descriptor_changes=2048 normal_draws=2048 clear_to_normal=1024 safe_texture_only=1024 vertex_bindings=0 input=1a404c43 backing_a=bdf93dc5 backing_b=c40abdc5 pixels=50c0069d final=418e6684 frame=22ba4f1405cda325
CORRECTNESS_HASH PipelineTextureSwitch::pipeline.clear-texture-normal fnv1a64=22ba4f1405cda325
TEST_END PipelineTextureSwitch::pipeline.clear-texture-normal
RUNNING_PROGRESS Test: PipelineTextureSwitch::pipeline.sampler-only-identity
TEST_BEGIN PipelineTextureSwitch::pipeline.sampler-only-identity
WARMUP_BEGIN PipelineTextureSwitch::pipeline.sampler-only-identity iterations=2
WARMUP_END PipelineTextureSwitch::pipeline.sampler-only-identity
MEASURE_BEGIN PipelineTextureSwitch::pipeline.sampler-only-identity iterations=8 samples=8 multiplier=1 mode=enqueue
MEASURE_END PipelineTextureSwitch::pipeline.sampler-only-identity duration_us=2600037 completion_wait_us=0
PIPELINE_TEXTURE_WORK PipelineTextureSwitch::pipeline.sampler-only-identity seed=50545357 iterations=8 stages=1 operations=4096 draws=4096 texture_switches=0 sampler_changes=4096 address_changes=4096 shader_state_writes=0 input=281bcd52 backing_a=cdd5d7a5 backing_b=c40abdc5 pixels=bb0ec8ed final=bd6962a3 frame=0b8438c8404da325
CORRECTNESS_HASH PipelineTextureSwitch::pipeline.sampler-only-identity fnv1a64=0b8438c8404da325
TEST_END PipelineTextureSwitch::pipeline.sampler-only-identity
RUNNING_PROGRESS Test: PipelineTextureSwitch::pipeline.shader-negative-control
TEST_BEGIN PipelineTextureSwitch::pipeline.shader-negative-control
WARMUP_BEGIN PipelineTextureSwitch::pipeline.shader-negative-control iterations=2
WARMUP_END PipelineTextureSwitch::pipeline.shader-negative-control
MEASURE_BEGIN PipelineTextureSwitch::pipeline.shader-negative-control iterations=8 samples=8 multiplier=1 mode=enqueue
MEASURE_END PipelineTextureSwitch::pipeline.shader-negative-control duration_us=4114342 completion_wait_us=0
PIPELINE_TEXTURE_WORK PipelineTextureSwitch::pipeline.shader-negative-control seed=50545357 iterations=8 stages=1 operations=4096 draws=4096 texture_switches=0 sampler_changes=0 address_changes=0 shader_state_writes=4096 input=a9ca7145 backing_a=bdf93dc5 backing_b=c40abdc5 pixels=08c5e8a1 final=826ec295 frame=f110c8bd6338c325
CORRECTNESS_HASH PipelineTextureSwitch::pipeline.shader-negative-control fnv1a64=f110c8bd6338c325
TEST_END PipelineTextureSwitch::pipeline.shader-negative-control
RUNNING_PROGRESS Test: PipelineTextureSwitch::pipeline.texture-switch
TEST_BEGIN PipelineTextureSwitch::pipeline.texture-switch
WARMUP_BEGIN PipelineTextureSwitch::pipeline.texture-switch iterations=2
WARMUP_END PipelineTextureSwitch::pipeline.texture-switch
MEASURE_BEGIN PipelineTextureSwitch::pipeline.texture-switch iterations=8 samples=8 multiplier=1 mode=enqueue
MEASURE_END PipelineTextureSwitch::pipeline.texture-switch duration_us=4320792 completion_wait_us=0
PIPELINE_TEXTURE_WORK PipelineTextureSwitch::pipeline.texture-switch seed=50545357 iterations=8 stages=1 operations=4096 draws=4096 texture_switches=4096 sampler_changes=4096 address_changes=4096 shader_state_writes=0 input=a9ca7145 backing_a=bdf93dc5 backing_b=c40abdc5 pixels=bb0ec8ed final=a9b62f76 frame=8ae05d31fb00c325
CORRECTNESS_HASH PipelineTextureSwitch::pipeline.texture-switch fnv1a64=8ae05d31fb00c325
TEST_END PipelineTextureSwitch::pipeline.texture-switch
RUNNING_PROGRESS Suite teardown: PipelineTextureSwitch
RUNNING_PROGRESS Suite initialize: PrimitiveType
RUNNING_PROGRESS Test: PrimitiveType::PrimitiveType-LLoop
TEST_BEGIN PrimitiveType::PrimitiveType
WARMUP_BEGIN PrimitiveType::PrimitiveType iterations=2
WARMUP_END PrimitiveType::PrimitiveType
MEASURE_BEGIN PrimitiveType::PrimitiveType iterations=10 samples=10 multiplier=1 mode=enqueue
MEASURE_END PrimitiveType::PrimitiveType duration_us=440311 completion_wait_us=0
CORRECTNESS_HASH PrimitiveType::PrimitiveType-LLoop fnv1a64=57269dc41c290e08
TEST_END PrimitiveType::PrimitiveType-LLoop
RUNNING_PROGRESS Test: PrimitiveType::PrimitiveType-LLoop-vsh
TEST_BEGIN PrimitiveType::PrimitiveType
WARMUP_BEGIN PrimitiveType::PrimitiveType iterations=2
WARMUP_END PrimitiveType::PrimitiveType
MEASURE_BEGIN PrimitiveType::PrimitiveType iterations=10 samples=10 multiplier=1 mode=enqueue
MEASURE_END PrimitiveType::PrimitiveType duration_us=410897 completion_wait_us=0
CORRECTNESS_HASH PrimitiveType::PrimitiveType-LLoop-vsh fnv1a64=57269dc41c290e08
TEST_END PrimitiveType::PrimitiveType-LLoop-vsh
RUNNING_PROGRESS Test: PrimitiveType::PrimitiveType-LStrip
TEST_BEGIN PrimitiveType::PrimitiveType
WARMUP_BEGIN PrimitiveType::PrimitiveType iterations=2
WARMUP_END PrimitiveType::PrimitiveType
MEASURE_BEGIN PrimitiveType::PrimitiveType iterations=10 samples=10 multiplier=1 mode=enqueue
MEASURE_END PrimitiveType::PrimitiveType duration_us=586557 completion_wait_us=0
CORRECTNESS_HASH PrimitiveType::PrimitiveType-LStrip fnv1a64=9af0352b4ad48158
TEST_END PrimitiveType::PrimitiveType-LStrip
RUNNING_PROGRESS Test: PrimitiveType::PrimitiveType-LStrip-vsh
TEST_BEGIN PrimitiveType::PrimitiveType
WARMUP_BEGIN PrimitiveType::PrimitiveType iterations=2
WARMUP_END PrimitiveType::PrimitiveType
MEASURE_BEGIN PrimitiveType::PrimitiveType iterations=10 samples=10 multiplier=1 mode=enqueue
MEASURE_END PrimitiveType::PrimitiveType duration_us=434613 completion_wait_us=0
CORRECTNESS_HASH PrimitiveType::PrimitiveType-LStrip-vsh fnv1a64=9af0352b4ad48158
TEST_END PrimitiveType::PrimitiveType-LStrip-vsh
RUNNING_PROGRESS Test: PrimitiveType::PrimitiveType-Lines
TEST_BEGIN PrimitiveType::PrimitiveType
WARMUP_BEGIN PrimitiveType::PrimitiveType iterations=2
WARMUP_END PrimitiveType::PrimitiveType
MEASURE_BEGIN PrimitiveType::PrimitiveType iterations=10 samples=10 multiplier=1 mode=enqueue
MEASURE_END PrimitiveType::PrimitiveType duration_us=499970 completion_wait_us=0
CORRECTNESS_HASH PrimitiveType::PrimitiveType-Lines fnv1a64=f2427a843ec0533e
TEST_END PrimitiveType::PrimitiveType-Lines
RUNNING_PROGRESS Test: PrimitiveType::PrimitiveType-Lines-vsh
TEST_BEGIN PrimitiveType::PrimitiveType
WARMUP_BEGIN PrimitiveType::PrimitiveType iterations=2
WARMUP_END PrimitiveType::PrimitiveType
MEASURE_BEGIN PrimitiveType::PrimitiveType iterations=10 samples=10 multiplier=1 mode=enqueue
MEASURE_END PrimitiveType::PrimitiveType duration_us=566792 completion_wait_us=0
CORRECTNESS_HASH PrimitiveType::PrimitiveType-Lines-vsh fnv1a64=f2427a843ec0533e
TEST_END PrimitiveType::PrimitiveType-Lines-vsh
RUNNING_PROGRESS Test: PrimitiveType::PrimitiveType-Points
TEST_BEGIN PrimitiveType::PrimitiveType
WARMUP_BEGIN PrimitiveType::PrimitiveType iterations=2
WARMUP_END PrimitiveType::PrimitiveType
MEASURE_BEGIN PrimitiveType::PrimitiveType iterations=10 samples=10 multiplier=1 mode=enqueue
MEASURE_END PrimitiveType::PrimitiveType duration_us=207180 completion_wait_us=0
CORRECTNESS_HASH PrimitiveType::PrimitiveType-Points fnv1a64=fa2b76f29d1cfad8
TEST_END PrimitiveType::PrimitiveType-Points
RUNNING_PROGRESS Test: PrimitiveType::PrimitiveType-Points-vsh
TEST_BEGIN PrimitiveType::PrimitiveType
WARMUP_BEGIN PrimitiveType::PrimitiveType iterations=2
WARMUP_END PrimitiveType::PrimitiveType
MEASURE_BEGIN PrimitiveType::PrimitiveType iterations=10 samples=10 multiplier=1 mode=enqueue
MEASURE_END PrimitiveType::PrimitiveType duration_us=171629 completion_wait_us=0
CORRECTNESS_HASH PrimitiveType::PrimitiveType-Points-vsh fnv1a64=fa2b76f29d1cfad8
TEST_END PrimitiveType::PrimitiveType-Points-vsh
RUNNING_PROGRESS Test: PrimitiveType::PrimitiveType-Poly
TEST_BEGIN PrimitiveType::PrimitiveType
WARMUP_BEGIN PrimitiveType::PrimitiveType iterations=2
WARMUP_END PrimitiveType::PrimitiveType
MEASURE_BEGIN PrimitiveType::PrimitiveType iterations=10 samples=10 multiplier=1 mode=enqueue
MEASURE_END PrimitiveType::PrimitiveType duration_us=357827 completion_wait_us=0
CORRECTNESS_HASH PrimitiveType::PrimitiveType-Poly fnv1a64=1fb5db7e3da91208
TEST_END PrimitiveType::PrimitiveType-Poly
RUNNING_PROGRESS Test: PrimitiveType::PrimitiveType-Poly-vsh
TEST_BEGIN PrimitiveType::PrimitiveType
WARMUP_BEGIN PrimitiveType::PrimitiveType iterations=2
WARMUP_END PrimitiveType::PrimitiveType
MEASURE_BEGIN PrimitiveType::PrimitiveType iterations=10 samples=10 multiplier=1 mode=enqueue
MEASURE_END PrimitiveType::PrimitiveType duration_us=383639 completion_wait_us=0
CORRECTNESS_HASH PrimitiveType::PrimitiveType-Poly-vsh fnv1a64=1fb5db7e3da91208
TEST_END PrimitiveType::PrimitiveType-Poly-vsh
RUNNING_PROGRESS Test: PrimitiveType::PrimitiveType-QuadStrip
TEST_BEGIN PrimitiveType::PrimitiveType
WARMUP_BEGIN PrimitiveType::PrimitiveType iterations=2
WARMUP_END PrimitiveType::PrimitiveType
MEASURE_BEGIN PrimitiveType::PrimitiveType iterations=10 samples=10 multiplier=1 mode=enqueue
MEASURE_END PrimitiveType::PrimitiveType duration_us=495787 completion_wait_us=0
CORRECTNESS_HASH PrimitiveType::PrimitiveType-QuadStrip fnv1a64=44c56cea3bb97417
TEST_END PrimitiveType::PrimitiveType-QuadStrip
RUNNING_PROGRESS Test: PrimitiveType::PrimitiveType-QuadStrip-vsh
TEST_BEGIN PrimitiveType::PrimitiveType
WARMUP_BEGIN PrimitiveType::PrimitiveType iterations=2
WARMUP_END PrimitiveType::PrimitiveType
MEASURE_BEGIN PrimitiveType::PrimitiveType iterations=10 samples=10 multiplier=1 mode=enqueue
MEASURE_END PrimitiveType::PrimitiveType duration_us=461763 completion_wait_us=0
CORRECTNESS_HASH PrimitiveType::PrimitiveType-QuadStrip-vsh fnv1a64=44c56cea3bb97417
TEST_END PrimitiveType::PrimitiveType-QuadStrip-vsh
RUNNING_PROGRESS Test: PrimitiveType::PrimitiveType-Quads
TEST_BEGIN PrimitiveType::PrimitiveType
WARMUP_BEGIN PrimitiveType::PrimitiveType iterations=2
WARMUP_END PrimitiveType::PrimitiveType
MEASURE_BEGIN PrimitiveType::PrimitiveType iterations=10 samples=10 multiplier=1 mode=enqueue
MEASURE_END PrimitiveType::PrimitiveType duration_us=586642 completion_wait_us=0
CORRECTNESS_HASH PrimitiveType::PrimitiveType-Quads fnv1a64=b73f098bf40f7f60
TEST_END PrimitiveType::PrimitiveType-Quads
RUNNING_PROGRESS Test: PrimitiveType::PrimitiveType-Quads-vsh
TEST_BEGIN PrimitiveType::PrimitiveType
WARMUP_BEGIN PrimitiveType::PrimitiveType iterations=2
WARMUP_END PrimitiveType::PrimitiveType
MEASURE_BEGIN PrimitiveType::PrimitiveType iterations=10 samples=10 multiplier=1 mode=enqueue
MEASURE_END PrimitiveType::PrimitiveType duration_us=582437 completion_wait_us=0
CORRECTNESS_HASH PrimitiveType::PrimitiveType-Quads-vsh fnv1a64=b73f098bf40f7f60
TEST_END PrimitiveType::PrimitiveType-Quads-vsh
RUNNING_PROGRESS Test: PrimitiveType::PrimitiveType-TriFan
TEST_BEGIN PrimitiveType::PrimitiveType
WARMUP_BEGIN PrimitiveType::PrimitiveType iterations=2
WARMUP_END PrimitiveType::PrimitiveType
MEASURE_BEGIN PrimitiveType::PrimitiveType iterations=10 samples=10 multiplier=1 mode=enqueue
MEASURE_END PrimitiveType::PrimitiveType duration_us=259563 completion_wait_us=0
CORRECTNESS_HASH PrimitiveType::PrimitiveType-TriFan fnv1a64=2f65ff7f120d53ec
TEST_END PrimitiveType::PrimitiveType-TriFan
RUNNING_PROGRESS Test: PrimitiveType::PrimitiveType-TriFan-vsh
TEST_BEGIN PrimitiveType::PrimitiveType
WARMUP_BEGIN PrimitiveType::PrimitiveType iterations=2
WARMUP_END PrimitiveType::PrimitiveType
MEASURE_BEGIN PrimitiveType::PrimitiveType iterations=10 samples=10 multiplier=1 mode=enqueue
MEASURE_END PrimitiveType::PrimitiveType duration_us=358506 completion_wait_us=0
CORRECTNESS_HASH PrimitiveType::PrimitiveType-TriFan-vsh fnv1a64=2f65ff7f120d53ec
TEST_END PrimitiveType::PrimitiveType-TriFan-vsh
RUNNING_PROGRESS Test: PrimitiveType::PrimitiveType-TriStrip
TEST_BEGIN PrimitiveType::PrimitiveType
WARMUP_BEGIN PrimitiveType::PrimitiveType iterations=2
WARMUP_END PrimitiveType::PrimitiveType
MEASURE_BEGIN PrimitiveType::PrimitiveType iterations=10 samples=10 multiplier=1 mode=enqueue
MEASURE_END PrimitiveType::PrimitiveType duration_us=290284 completion_wait_us=0
CORRECTNESS_HASH PrimitiveType::PrimitiveType-TriStrip fnv1a64=ea62b0db2f4d84dc
TEST_END PrimitiveType::PrimitiveType-TriStrip
RUNNING_PROGRESS Test: PrimitiveType::PrimitiveType-TriStrip-vsh
TEST_BEGIN PrimitiveType::PrimitiveType
WARMUP_BEGIN PrimitiveType::PrimitiveType iterations=2
WARMUP_END PrimitiveType::PrimitiveType
MEASURE_BEGIN PrimitiveType::PrimitiveType iterations=10 samples=10 multiplier=1 mode=enqueue
MEASURE_END PrimitiveType::PrimitiveType duration_us=362562 completion_wait_us=0
CORRECTNESS_HASH PrimitiveType::PrimitiveType-TriStrip-vsh fnv1a64=ea62b0db2f4d84dc
TEST_END PrimitiveType::PrimitiveType-TriStrip-vsh
RUNNING_PROGRESS Test: PrimitiveType::PrimitiveType-Tris
TEST_BEGIN PrimitiveType::PrimitiveType
WARMUP_BEGIN PrimitiveType::PrimitiveType iterations=2
WARMUP_END PrimitiveType::PrimitiveType
MEASURE_BEGIN PrimitiveType::PrimitiveType iterations=10 samples=10 multiplier=1 mode=enqueue
MEASURE_END PrimitiveType::PrimitiveType duration_us=558875 completion_wait_us=0
CORRECTNESS_HASH PrimitiveType::PrimitiveType-Tris fnv1a64=d7f4c47927baca96
TEST_END PrimitiveType::PrimitiveType-Tris
RUNNING_PROGRESS Test: PrimitiveType::PrimitiveType-Tris-vsh
TEST_BEGIN PrimitiveType::PrimitiveType
WARMUP_BEGIN PrimitiveType::PrimitiveType iterations=2
WARMUP_END PrimitiveType::PrimitiveType
MEASURE_BEGIN PrimitiveType::PrimitiveType iterations=10 samples=10 multiplier=1 mode=enqueue
MEASURE_END PrimitiveType::PrimitiveType duration_us=407227 completion_wait_us=0
CORRECTNESS_HASH PrimitiveType::PrimitiveType-Tris-vsh fnv1a64=d7f4c47927baca96
TEST_END PrimitiveType::PrimitiveType-Tris-vsh
RUNNING_PROGRESS Suite teardown: PrimitiveType
RUNNING_PROGRESS Suite initialize: ReportQuery
RUNNING_PROGRESS Test: ReportQuery::report.clear-boundary
TEST_BEGIN ReportQuery::report.clear-boundary
WARMUP_BEGIN ReportQuery::report.clear-boundary iterations=2
WARMUP_END ReportQuery::report.clear-boundary
MEASURE_BEGIN ReportQuery::report.clear-boundary iterations=4 samples=4 multiplier=1 mode=enqueue
MEASURE_END ReportQuery::report.clear-boundary duration_us=43632 completion_wait_us=0
CORRECTNESS_HASH ReportQuery::report.clear-boundary fnv1a64=b5eb7c4b9c8da325
TEST_END ReportQuery::report.clear-boundary
RUNNING_PROGRESS Test: ReportQuery::report.dma-descriptor-rewrite
TEST_BEGIN ReportQuery::report.dma-descriptor-rewrite
MEASURE_BEGIN ReportQuery::report.dma-descriptor-rewrite iterations=1 samples=1 multiplier=1 mode=enqueue
MEASURE_END ReportQuery::report.dma-descriptor-rewrite duration_us=29189 completion_wait_us=0
CORRECTNESS_HASH ReportQuery::report.dma-descriptor-rewrite fnv1a64=c0c0fdbececda325
TEST_END ReportQuery::report.dma-descriptor-rewrite
RUNNING_PROGRESS Test: ReportQuery::report.dma-range-guard
TEST_BEGIN ReportQuery::report.dma-range-guard
MEASURE_BEGIN ReportQuery::report.dma-range-guard iterations=1 samples=1 multiplier=1 mode=enqueue
MEASURE_END ReportQuery::report.dma-range-guard duration_us=20871 completion_wait_us=0
CORRECTNESS_HASH ReportQuery::report.dma-range-guard fnv1a64=3f648ce11a4da325
TEST_END ReportQuery::report.dma-range-guard
RUNNING_PROGRESS Test: ReportQuery::report.dma-target-switch
TEST_BEGIN ReportQuery::report.dma-target-switch
WARMUP_BEGIN ReportQuery::report.dma-target-switch iterations=2
WARMUP_END ReportQuery::report.dma-target-switch
MEASURE_BEGIN ReportQuery::report.dma-target-switch iterations=4 samples=4 multiplier=1 mode=enqueue
MEASURE_END ReportQuery::report.dma-target-switch duration_us=129025 completion_wait_us=0
CORRECTNESS_HASH ReportQuery::report.dma-target-switch fnv1a64=4c4bd8cd440da325
TEST_END ReportQuery::report.dma-target-switch
RUNNING_PROGRESS Test: ReportQuery::report.fifo-producer-ordering
TEST_BEGIN ReportQuery::report.fifo-producer-ordering
WARMUP_BEGIN ReportQuery::report.fifo-producer-ordering iterations=2
WARMUP_END ReportQuery::report.fifo-producer-ordering
MEASURE_BEGIN ReportQuery::report.fifo-producer-ordering iterations=4 samples=4 multiplier=1 mode=enqueue
MEASURE_END ReportQuery::report.fifo-producer-ordering duration_us=76888 completion_wait_us=0
CORRECTNESS_HASH ReportQuery::report.fifo-producer-ordering fnv1a64=0d907c24a88da325
TEST_END ReportQuery::report.fifo-producer-ordering
RUNNING_PROGRESS Test: ReportQuery::report.multiple-boundaries
TEST_BEGIN ReportQuery::report.multiple-boundaries
WARMUP_BEGIN ReportQuery::report.multiple-boundaries iterations=2
WARMUP_END ReportQuery::report.multiple-boundaries
MEASURE_BEGIN ReportQuery::report.multiple-boundaries iterations=4 samples=4 multiplier=1 mode=enqueue
MEASURE_END ReportQuery::report.multiple-boundaries duration_us=33319 completion_wait_us=0
CORRECTNESS_HASH ReportQuery::report.multiple-boundaries fnv1a64=0c966fc9ba4da325
TEST_END ReportQuery::report.multiple-boundaries
RUNNING_PROGRESS Test: ReportQuery::report.single-boundary
TEST_BEGIN ReportQuery::report.single-boundary
WARMUP_BEGIN ReportQuery::report.single-boundary iterations=2
WARMUP_END ReportQuery::report.single-boundary
MEASURE_BEGIN ReportQuery::report.single-boundary iterations=4 samples=4 multiplier=1 mode=enqueue
MEASURE_END ReportQuery::report.single-boundary duration_us=35037 completion_wait_us=0
CORRECTNESS_HASH ReportQuery::report.single-boundary fnv1a64=60e674c9fecda325
TEST_END ReportQuery::report.single-boundary
RUNNING_PROGRESS Test: ReportQuery::report.zero-query
TEST_BEGIN ReportQuery::report.zero-query
WARMUP_BEGIN ReportQuery::report.zero-query iterations=2
WARMUP_END ReportQuery::report.zero-query
MEASURE_BEGIN ReportQuery::report.zero-query iterations=4 samples=4 multiplier=1 mode=enqueue
MEASURE_END ReportQuery::report.zero-query duration_us=23054 completion_wait_us=0
CORRECTNESS_HASH ReportQuery::report.zero-query fnv1a64=23875dfeb40da325
TEST_END ReportQuery::report.zero-query
RUNNING_PROGRESS Suite teardown: ReportQuery
RUNNING_PROGRESS Suite initialize: SurfaceRendering
RUNNING_PROGRESS Test: SurfaceRendering::SurfaceRendering
TEST_BEGIN SurfaceRendering::SurfaceRendering
WARMUP_BEGIN SurfaceRendering::SurfaceRendering iterations=2
WARMUP_END SurfaceRendering::SurfaceRendering
MEASURE_BEGIN SurfaceRendering::SurfaceRendering iterations=10 samples=10 multiplier=1 mode=enqueue
MEASURE_END SurfaceRendering::SurfaceRendering duration_us=6971480 completion_wait_us=0
CORRECTNESS_HASH SurfaceRendering::SurfaceRendering fnv1a64=af0239312abe09a0
TEST_END SurfaceRendering::SurfaceRendering
RUNNING_PROGRESS Test: SurfaceRendering::XemuCpuReadAfterGpuWrite
TEST_BEGIN SurfaceRendering::XemuCpuReadAfterGpuWrite
WARMUP_BEGIN SurfaceRendering::XemuCpuReadAfterGpuWrite iterations=2
WARMUP_END SurfaceRendering::XemuCpuReadAfterGpuWrite
MEASURE_BEGIN SurfaceRendering::XemuCpuReadAfterGpuWrite iterations=20 samples=20 multiplier=1 mode=enqueue
MEASURE_END SurfaceRendering::XemuCpuReadAfterGpuWrite duration_us=314059 completion_wait_us=0
CORRECTNESS_HASH SurfaceRendering::XemuCpuReadAfterGpuWrite fnv1a64=7f41f02dc2a96325
TEST_END SurfaceRendering::XemuCpuReadAfterGpuWrite
RUNNING_PROGRESS Test: SurfaceRendering::XemuCpuReadCleanSurface
TEST_BEGIN SurfaceRendering::XemuCpuReadCleanSurface
WARMUP_BEGIN SurfaceRendering::XemuCpuReadCleanSurface iterations=2
WARMUP_END SurfaceRendering::XemuCpuReadCleanSurface
MEASURE_BEGIN SurfaceRendering::XemuCpuReadCleanSurface iterations=100 samples=100 multiplier=1 mode=enqueue
MEASURE_END SurfaceRendering::XemuCpuReadCleanSurface duration_us=448967 completion_wait_us=0
CORRECTNESS_HASH SurfaceRendering::XemuCpuReadCleanSurface fnv1a64=fb905938a70d2325
TEST_END SurfaceRendering::XemuCpuReadCleanSurface
RUNNING_PROGRESS Test: SurfaceRendering::XemuFramebufferWorkingSet002
TEST_BEGIN SurfaceRendering::XemuFramebufferWorkingSet002
WARMUP_BEGIN SurfaceRendering::XemuFramebufferWorkingSet002 iterations=2
WARMUP_END SurfaceRendering::XemuFramebufferWorkingSet002
MEASURE_BEGIN SurfaceRendering::XemuFramebufferWorkingSet002 iterations=20 samples=20 multiplier=1 mode=enqueue
MEASURE_END SurfaceRendering::XemuFramebufferWorkingSet002 duration_us=241662 completion_wait_us=0
CORRECTNESS_HASH SurfaceRendering::XemuFramebufferWorkingSet002 fnv1a64=e0492ec74164a42d
TEST_END SurfaceRendering::XemuFramebufferWorkingSet002
RUNNING_PROGRESS Test: SurfaceRendering::XemuFramebufferWorkingSet008
TEST_BEGIN SurfaceRendering::XemuFramebufferWorkingSet008
WARMUP_BEGIN SurfaceRendering::XemuFramebufferWorkingSet008 iterations=2
WARMUP_END SurfaceRendering::XemuFramebufferWorkingSet008
MEASURE_BEGIN SurfaceRendering::XemuFramebufferWorkingSet008 iterations=20 samples=20 multiplier=1 mode=enqueue
MEASURE_END SurfaceRendering::XemuFramebufferWorkingSet008 duration_us=205399 completion_wait_us=0
CORRECTNESS_HASH SurfaceRendering::XemuFramebufferWorkingSet008 fnv1a64=38cf917dddc359ad
TEST_END SurfaceRendering::XemuFramebufferWorkingSet008
RUNNING_PROGRESS Test: SurfaceRendering::XemuFramebufferWorkingSet032
TEST_BEGIN SurfaceRendering::XemuFramebufferWorkingSet032
WARMUP_BEGIN SurfaceRendering::XemuFramebufferWorkingSet032 iterations=2
WARMUP_END SurfaceRendering::XemuFramebufferWorkingSet032
MEASURE_BEGIN SurfaceRendering::XemuFramebufferWorkingSet032 iterations=20 samples=20 multiplier=1 mode=enqueue
MEASURE_END SurfaceRendering::XemuFramebufferWorkingSet032 duration_us=267872 completion_wait_us=0
CORRECTNESS_HASH SurfaceRendering::XemuFramebufferWorkingSet032 fnv1a64=30ee93017b543325
TEST_END SurfaceRendering::XemuFramebufferWorkingSet032
RUNNING_PROGRESS Test: SurfaceRendering::XemuFramebufferWorkingSet064
TEST_BEGIN SurfaceRendering::XemuFramebufferWorkingSet064
WARMUP_BEGIN SurfaceRendering::XemuFramebufferWorkingSet064 iterations=2
WARMUP_END SurfaceRendering::XemuFramebufferWorkingSet064
MEASURE_BEGIN SurfaceRendering::XemuFramebufferWorkingSet064 iterations=20 samples=20 multiplier=1 mode=enqueue
MEASURE_END SurfaceRendering::XemuFramebufferWorkingSet064 duration_us=291442 completion_wait_us=0
CORRECTNESS_HASH SurfaceRendering::XemuFramebufferWorkingSet064 fnv1a64=30ee93017b543325
TEST_END SurfaceRendering::XemuFramebufferWorkingSet064
RUNNING_PROGRESS Test: SurfaceRendering::XemuFullClearElisionGuard
TEST_BEGIN SurfaceRendering::XemuFullClearElisionGuard
WARMUP_BEGIN SurfaceRendering::XemuFullClearElisionGuard iterations=2
WARMUP_END SurfaceRendering::XemuFullClearElisionGuard
MEASURE_BEGIN SurfaceRendering::XemuFullClearElisionGuard iterations=100 samples=100 multiplier=1 mode=enqueue
MEASURE_END SurfaceRendering::XemuFullClearElisionGuard duration_us=30706 completion_wait_us=0
CORRECTNESS_HASH SurfaceRendering::XemuFullClearElisionGuard fnv1a64=aecce2a70ba35135
TEST_END SurfaceRendering::XemuFullClearElisionGuard
RUNNING_PROGRESS Test: SurfaceRendering::XemuOverlappingSurfaceChurnRepresentative
TEST_BEGIN SurfaceRendering::XemuOverlappingSurfaceChurnRepresentative
WARMUP_BEGIN SurfaceRendering::XemuOverlappingSurfaceChurnRepresentative iterations=2
WARMUP_END SurfaceRendering::XemuOverlappingSurfaceChurnRepresentative
MEASURE_BEGIN SurfaceRendering::XemuOverlappingSurfaceChurnRepresentative iterations=100 samples=100 multiplier=1 mode=enqueue
MEASURE_END SurfaceRendering::XemuOverlappingSurfaceChurnRepresentative duration_us=80623 completion_wait_us=0
CORRECTNESS_HASH SurfaceRendering::XemuOverlappingSurfaceChurnRepresentative fnv1a64=fb5be548cf8c8a25
TEST_END SurfaceRendering::XemuOverlappingSurfaceChurnRepresentative
RUNNING_PROGRESS Test: SurfaceRendering::XemuOverlappingSurfaceChurnStress
TEST_BEGIN SurfaceRendering::XemuOverlappingSurfaceChurnStress
WARMUP_BEGIN SurfaceRendering::XemuOverlappingSurfaceChurnStress iterations=2
WARMUP_END SurfaceRendering::XemuOverlappingSurfaceChurnStress
MEASURE_BEGIN SurfaceRendering::XemuOverlappingSurfaceChurnStress iterations=10 samples=10 multiplier=1 mode=enqueue
MEASURE_END SurfaceRendering::XemuOverlappingSurfaceChurnStress duration_us=234007 completion_wait_us=0
CORRECTNESS_HASH SurfaceRendering::XemuOverlappingSurfaceChurnStress fnv1a64=fb5be548cf8c8a25
TEST_END SurfaceRendering::XemuOverlappingSurfaceChurnStress
RUNNING_PROGRESS Test: SurfaceRendering::XemuPartialChannelClearGuard
TEST_BEGIN SurfaceRendering::XemuPartialChannelClearGuard
WARMUP_BEGIN SurfaceRendering::XemuPartialChannelClearGuard iterations=2
WARMUP_END SurfaceRendering::XemuPartialChannelClearGuard
MEASURE_BEGIN SurfaceRendering::XemuPartialChannelClearGuard iterations=100 samples=100 multiplier=1 mode=enqueue
MEASURE_END SurfaceRendering::XemuPartialChannelClearGuard duration_us=49959 completion_wait_us=0
CORRECTNESS_HASH SurfaceRendering::XemuPartialChannelClearGuard fnv1a64=f89ed6bee07ed925
TEST_END SurfaceRendering::XemuPartialChannelClearGuard
RUNNING_PROGRESS Test: SurfaceRendering::XemuSurfaceDownloadPath
TEST_BEGIN SurfaceRendering::XemuSurfaceDownloadPath
WARMUP_BEGIN SurfaceRendering::XemuSurfaceDownloadPath iterations=2
WARMUP_END SurfaceRendering::XemuSurfaceDownloadPath
MEASURE_BEGIN SurfaceRendering::XemuSurfaceDownloadPath iterations=10 samples=10 multiplier=1 mode=enqueue
MEASURE_END SurfaceRendering::XemuSurfaceDownloadPath duration_us=2763186 completion_wait_us=0
CORRECTNESS_HASH SurfaceRendering::XemuSurfaceDownloadPath fnv1a64=3a39c9bac30e32f1
TEST_END SurfaceRendering::XemuSurfaceDownloadPath
RUNNING_PROGRESS Test: SurfaceRendering::XemuSurfaceListLookup002
TEST_BEGIN SurfaceRendering::XemuSurfaceListLookup002
WARMUP_BEGIN SurfaceRendering::XemuSurfaceListLookup002 iterations=2
WARMUP_END SurfaceRendering::XemuSurfaceListLookup002
MEASURE_BEGIN SurfaceRendering::XemuSurfaceListLookup002 iterations=20 samples=20 multiplier=1 mode=enqueue
MEASURE_END SurfaceRendering::XemuSurfaceListLookup002 duration_us=246657 completion_wait_us=0
CORRECTNESS_HASH SurfaceRendering::XemuSurfaceListLookup002 fnv1a64=b17b0e70831a1c65
TEST_END SurfaceRendering::XemuSurfaceListLookup002
RUNNING_PROGRESS Test: SurfaceRendering::XemuSurfaceListLookup008
TEST_BEGIN SurfaceRendering::XemuSurfaceListLookup008
WARMUP_BEGIN SurfaceRendering::XemuSurfaceListLookup008 iterations=2
WARMUP_END SurfaceRendering::XemuSurfaceListLookup008
MEASURE_BEGIN SurfaceRendering::XemuSurfaceListLookup008 iterations=20 samples=20 multiplier=1 mode=enqueue
MEASURE_END SurfaceRendering::XemuSurfaceListLookup008 duration_us=268728 completion_wait_us=0
CORRECTNESS_HASH SurfaceRendering::XemuSurfaceListLookup008 fnv1a64=babac4cedea62ed5
TEST_END SurfaceRendering::XemuSurfaceListLookup008
RUNNING_PROGRESS Test: SurfaceRendering::XemuSurfaceListLookup032
TEST_BEGIN SurfaceRendering::XemuSurfaceListLookup032
WARMUP_BEGIN SurfaceRendering::XemuSurfaceListLookup032 iterations=2
WARMUP_END SurfaceRendering::XemuSurfaceListLookup032
MEASURE_BEGIN SurfaceRendering::XemuSurfaceListLookup032 iterations=20 samples=20 multiplier=1 mode=enqueue
MEASURE_END SurfaceRendering::XemuSurfaceListLookup032 duration_us=272826 completion_wait_us=0
CORRECTNESS_HASH SurfaceRendering::XemuSurfaceListLookup032 fnv1a64=77cacb0b86ead425
TEST_END SurfaceRendering::XemuSurfaceListLookup032
RUNNING_PROGRESS Test: SurfaceRendering::XemuSurfaceListLookup128
TEST_BEGIN SurfaceRendering::XemuSurfaceListLookup128
WARMUP_BEGIN SurfaceRendering::XemuSurfaceListLookup128 iterations=2
WARMUP_END SurfaceRendering::XemuSurfaceListLookup128
MEASURE_BEGIN SurfaceRendering::XemuSurfaceListLookup128 iterations=20 samples=20 multiplier=1 mode=enqueue
MEASURE_END SurfaceRendering::XemuSurfaceListLookup128 duration_us=297730 completion_wait_us=0
CORRECTNESS_HASH SurfaceRendering::XemuSurfaceListLookup128 fnv1a64=77cacb0b86ead425
TEST_END SurfaceRendering::XemuSurfaceListLookup128
RUNNING_PROGRESS Test: SurfaceRendering::XemuVulkanMemoryPressureRepresentative
VULKAN_MEMORY_CHECKPOINT name=XemuVulkanMemoryPressureRepresentative guest_pressure_multiplier=1 xemu_render_scale=external phase=growth expected_memory=growth_from_unique_surface_texture_keys guest_identity_count=16 new_surface_keys=16 transitions_per_work_iteration=64
TEST_BEGIN SurfaceRendering::XemuVulkanMemoryPressureRepresentative-growth
WARMUP_BEGIN SurfaceRendering::XemuVulkanMemoryPressureRepresentative-growth iterations=2
WARMUP_END SurfaceRendering::XemuVulkanMemoryPressureRepresentative-growth
MEASURE_BEGIN SurfaceRendering::XemuVulkanMemoryPressureRepresentative-growth iterations=4 samples=4 multiplier=1 mode=enqueue
MEASURE_END SurfaceRendering::XemuVulkanMemoryPressureRepresentative-growth duration_us=547287 completion_wait_us=0
VULKAN_MEMORY_CHECKPOINT name=XemuVulkanMemoryPressureRepresentative guest_pressure_multiplier=1 xemu_render_scale=external phase=plateau expected_memory=plateau_no_new_surface_texture_keys guest_identity_count=16 new_surface_keys=0 transitions_per_work_iteration=64
TEST_BEGIN SurfaceRendering::XemuVulkanMemoryPressureRepresentative-plateau
WARMUP_BEGIN SurfaceRendering::XemuVulkanMemoryPressureRepresentative-plateau iterations=2
WARMUP_END SurfaceRendering::XemuVulkanMemoryPressureRepresentative-plateau
MEASURE_BEGIN SurfaceRendering::XemuVulkanMemoryPressureRepresentative-plateau iterations=4 samples=4 multiplier=1 mode=enqueue
MEASURE_END SurfaceRendering::XemuVulkanMemoryPressureRepresentative-plateau duration_us=569848 completion_wait_us=0
VULKAN_MEMORY_CHECKPOINT name=XemuVulkanMemoryPressureRepresentative guest_pressure_multiplier=1 xemu_render_scale=external phase=alias_resize expected_memory=cache_retention_allowed_for_overlapping_alias_resize_keys guest_identity_count=16 new_surface_keys=16 transitions_per_work_iteration=64
TEST_BEGIN SurfaceRendering::XemuVulkanMemoryPressureRepresentative-alias_resize
WARMUP_BEGIN SurfaceRendering::XemuVulkanMemoryPressureRepresentative-alias_resize iterations=2
WARMUP_END SurfaceRendering::XemuVulkanMemoryPressureRepresentative-alias_resize
MEASURE_BEGIN SurfaceRendering::XemuVulkanMemoryPressureRepresentative-alias_resize iterations=4 samples=4 multiplier=1 mode=enqueue
MEASURE_END SurfaceRendering::XemuVulkanMemoryPressureRepresentative-alias_resize duration_us=167709 completion_wait_us=0
VULKAN_MEMORY_CHECKPOINT name=XemuVulkanMemoryPressureRepresentative guest_pressure_multiplier=1 xemu_render_scale=external phase=reuse expected_memory=plateau_reuse_of_original_surface_texture_keys guest_identity_count=16 new_surface_keys=0 transitions_per_work_iteration=64
TEST_BEGIN SurfaceRendering::XemuVulkanMemoryPressureRepresentative-reuse
WARMUP_BEGIN SurfaceRendering::XemuVulkanMemoryPressureRepresentative-reuse iterations=2
WARMUP_END SurfaceRendering::XemuVulkanMemoryPressureRepresentative-reuse
MEASURE_BEGIN SurfaceRendering::XemuVulkanMemoryPressureRepresentative-reuse iterations=4 samples=4 multiplier=1 mode=enqueue
MEASURE_END SurfaceRendering::XemuVulkanMemoryPressureRepresentative-reuse duration_us=253393 completion_wait_us=0
VULKAN_MEMORY_CHECKPOINT name=XemuVulkanMemoryPressureRepresentative guest_pressure_multiplier=1 xemu_render_scale=external phase=idle_retention expected_memory=cache_retention_observable_without_new_work_keys guest_identity_count=16 new_surface_keys=0 transitions_per_work_iteration=64
TEST_BEGIN SurfaceRendering::XemuVulkanMemoryPressureRepresentative-idle_retention
WARMUP_BEGIN SurfaceRendering::XemuVulkanMemoryPressureRepresentative-idle_retention iterations=2
WARMUP_END SurfaceRendering::XemuVulkanMemoryPressureRepresentative-idle_retention
MEASURE_BEGIN SurfaceRendering::XemuVulkanMemoryPressureRepresentative-idle_retention iterations=4 samples=4 multiplier=1 mode=enqueue
MEASURE_END SurfaceRendering::XemuVulkanMemoryPressureRepresentative-idle_retention duration_us=39274 completion_wait_us=0
VULKAN_MEMORY_ORACLE tile=0 x=212 y=172 expected=ff3c78b4 observed=ff3c78b4
VULKAN_MEMORY_ORACLE tile=1 x=428 y=172 expected=ffb46e3c observed=ffb46e3c
VULKAN_MEMORY_ORACLE tile=2 x=212 y=308 expected=ff56a866 observed=ff56a866
VULKAN_MEMORY_ORACLE tile=3 x=428 y=308 expected=ff9a4fb4 observed=ff9a4fb4
VULKAN_MEMORY_ORACLE_KAT expected=0d626fa0 observed=0d626fa0 status=PASS failure_count=0 failure_mask=0000000000000000 nonfatal=true
CORRECTNESS_HASH SurfaceRendering::XemuVulkanMemoryPressureRepresentative fnv1a64=7e188dabb186cb25 kind=group
TEST_END SurfaceRendering::XemuVulkanMemoryPressureRepresentative
RUNNING_PROGRESS Test: SurfaceRendering::XemuVulkanMemoryPressureStress
VULKAN_MEMORY_CHECKPOINT name=XemuVulkanMemoryPressureStress guest_pressure_multiplier=4 xemu_render_scale=external phase=growth expected_memory=growth_from_unique_surface_texture_keys guest_identity_count=64 new_surface_keys=64 transitions_per_work_iteration=256
TEST_BEGIN SurfaceRendering::XemuVulkanMemoryPressureStress-growth
WARMUP_BEGIN SurfaceRendering::XemuVulkanMemoryPressureStress-growth iterations=2
WARMUP_END SurfaceRendering::XemuVulkanMemoryPressureStress-growth
MEASURE_BEGIN SurfaceRendering::XemuVulkanMemoryPressureStress-growth iterations=4 samples=4 multiplier=1 mode=enqueue
MEASURE_END SurfaceRendering::XemuVulkanMemoryPressureStress-growth duration_us=2251218 completion_wait_us=0
VULKAN_MEMORY_CHECKPOINT name=XemuVulkanMemoryPressureStress guest_pressure_multiplier=4 xemu_render_scale=external phase=plateau expected_memory=plateau_no_new_surface_texture_keys guest_identity_count=64 new_surface_keys=0 transitions_per_work_iteration=256
TEST_BEGIN SurfaceRendering::XemuVulkanMemoryPressureStress-plateau
WARMUP_BEGIN SurfaceRendering::XemuVulkanMemoryPressureStress-plateau iterations=2
WARMUP_END SurfaceRendering::XemuVulkanMemoryPressureStress-plateau
MEASURE_BEGIN SurfaceRendering::XemuVulkanMemoryPressureStress-plateau iterations=4 samples=4 multiplier=1 mode=enqueue
MEASURE_END SurfaceRendering::XemuVulkanMemoryPressureStress-plateau duration_us=3115485 completion_wait_us=0
VULKAN_MEMORY_CHECKPOINT name=XemuVulkanMemoryPressureStress guest_pressure_multiplier=4 xemu_render_scale=external phase=alias_resize expected_memory=cache_retention_allowed_for_overlapping_alias_resize_keys guest_identity_count=64 new_surface_keys=64 transitions_per_work_iteration=256
TEST_BEGIN SurfaceRendering::XemuVulkanMemoryPressureStress-alias_resize
WARMUP_BEGIN SurfaceRendering::XemuVulkanMemoryPressureStress-alias_resize iterations=2
WARMUP_END SurfaceRendering::XemuVulkanMemoryPressureStress-alias_resize
MEASURE_BEGIN SurfaceRendering::XemuVulkanMemoryPressureStress-alias_resize iterations=4 samples=4 multiplier=1 mode=enqueue
MEASURE_END SurfaceRendering::XemuVulkanMemoryPressureStress-alias_resize duration_us=2419877 completion_wait_us=0
VULKAN_MEMORY_CHECKPOINT name=XemuVulkanMemoryPressureStress guest_pressure_multiplier=4 xemu_render_scale=external phase=reuse expected_memory=plateau_reuse_of_original_surface_texture_keys guest_identity_count=64 new_surface_keys=0 transitions_per_work_iteration=256
TEST_BEGIN SurfaceRendering::XemuVulkanMemoryPressureStress-reuse
WARMUP_BEGIN SurfaceRendering::XemuVulkanMemoryPressureStress-reuse iterations=2
WARMUP_END SurfaceRendering::XemuVulkanMemoryPressureStress-reuse
MEASURE_BEGIN SurfaceRendering::XemuVulkanMemoryPressureStress-reuse iterations=4 samples=4 multiplier=1 mode=enqueue
MEASURE_END SurfaceRendering::XemuVulkanMemoryPressureStress-reuse duration_us=2609132 completion_wait_us=0
VULKAN_MEMORY_CHECKPOINT name=XemuVulkanMemoryPressureStress guest_pressure_multiplier=4 xemu_render_scale=external phase=idle_retention expected_memory=cache_retention_observable_without_new_work_keys guest_identity_count=64 new_surface_keys=0 transitions_per_work_iteration=256
TEST_BEGIN SurfaceRendering::XemuVulkanMemoryPressureStress-idle_retention
WARMUP_BEGIN SurfaceRendering::XemuVulkanMemoryPressureStress-idle_retention iterations=2
WARMUP_END SurfaceRendering::XemuVulkanMemoryPressureStress-idle_retention
MEASURE_BEGIN SurfaceRendering::XemuVulkanMemoryPressureStress-idle_retention iterations=4 samples=4 multiplier=1 mode=enqueue
MEASURE_END SurfaceRendering::XemuVulkanMemoryPressureStress-idle_retention duration_us=68929 completion_wait_us=0
VULKAN_MEMORY_ORACLE tile=0 x=212 y=172 expected=ff3c78b4 observed=ff3c78b4
VULKAN_MEMORY_ORACLE tile=1 x=428 y=172 expected=ffb46e3c observed=ffb46e3c
VULKAN_MEMORY_ORACLE tile=2 x=212 y=308 expected=ff56a866 observed=ff56a866
VULKAN_MEMORY_ORACLE tile=3 x=428 y=308 expected=ff9a4fb4 observed=ff9a4fb4
VULKAN_MEMORY_ORACLE_KAT expected=0d626fa0 observed=0d626fa0 status=PASS failure_count=0 failure_mask=0000000000000000 nonfatal=true
CORRECTNESS_HASH SurfaceRendering::XemuVulkanMemoryPressureStress fnv1a64=7e188dabb186cb25 kind=group
TEST_END SurfaceRendering::XemuVulkanMemoryPressureStress
RUNNING_PROGRESS Suite teardown: SurfaceRendering
RUNNING_PROGRESS Suite initialize: TinyDraw
RUNNING_PROGRESS Test: TinyDraw::TinyDraw-arrays
TEST_BEGIN TinyDraw::TinyDraw-arrays
WARMUP_BEGIN TinyDraw::TinyDraw-arrays iterations=2
WARMUP_END TinyDraw::TinyDraw-arrays
MEASURE_BEGIN TinyDraw::TinyDraw-arrays iterations=10 samples=10 multiplier=1 mode=enqueue
MEASURE_END TinyDraw::TinyDraw-arrays duration_us=2901687 completion_wait_us=0
CORRECTNESS_HASH TinyDraw::TinyDraw-arrays fnv1a64=acf025546cf667b5
TEST_END TinyDraw::TinyDraw-arrays
RUNNING_PROGRESS Test: TinyDraw::TinyDraw-arrays-vsh
TEST_BEGIN TinyDraw::TinyDraw-arrays-vsh
WARMUP_BEGIN TinyDraw::TinyDraw-arrays-vsh iterations=2
WARMUP_END TinyDraw::TinyDraw-arrays-vsh
MEASURE_BEGIN TinyDraw::TinyDraw-arrays-vsh iterations=10 samples=10 multiplier=1 mode=enqueue
MEASURE_END TinyDraw::TinyDraw-arrays-vsh duration_us=3641761 completion_wait_us=0
CORRECTNESS_HASH TinyDraw::TinyDraw-arrays-vsh fnv1a64=acf025546cf667b5
TEST_END TinyDraw::TinyDraw-arrays-vsh
RUNNING_PROGRESS Test: TinyDraw::TinyDraw-inlinearrays
TEST_BEGIN TinyDraw::TinyDraw-inlinearrays
WARMUP_BEGIN TinyDraw::TinyDraw-inlinearrays iterations=2
WARMUP_END TinyDraw::TinyDraw-inlinearrays
MEASURE_BEGIN TinyDraw::TinyDraw-inlinearrays iterations=10 samples=10 multiplier=1 mode=enqueue
MEASURE_END TinyDraw::TinyDraw-inlinearrays duration_us=47185482 completion_wait_us=0
CORRECTNESS_HASH TinyDraw::TinyDraw-inlinearrays fnv1a64=acf025546cf667b5
TEST_END TinyDraw::TinyDraw-inlinearrays
RUNNING_PROGRESS Test: TinyDraw::TinyDraw-inlinearrays-vsh
TEST_BEGIN TinyDraw::TinyDraw-inlinearrays-vsh
WARMUP_BEGIN TinyDraw::TinyDraw-inlinearrays-vsh iterations=2
WARMUP_END TinyDraw::TinyDraw-inlinearrays-vsh
MEASURE_BEGIN TinyDraw::TinyDraw-inlinearrays-vsh iterations=10 samples=10 multiplier=1 mode=enqueue
MEASURE_END TinyDraw::TinyDraw-inlinearrays-vsh duration_us=44030298 completion_wait_us=0
CORRECTNESS_HASH TinyDraw::TinyDraw-inlinearrays-vsh fnv1a64=acf025546cf667b5
TEST_END TinyDraw::TinyDraw-inlinearrays-vsh
RUNNING_PROGRESS Test: TinyDraw::TinyDraw-inlinebuffers
TEST_BEGIN TinyDraw::TinyDraw-inlinebuffers
WARMUP_BEGIN TinyDraw::TinyDraw-inlinebuffers iterations=2
WARMUP_END TinyDraw::TinyDraw-inlinebuffers
MEASURE_BEGIN TinyDraw::TinyDraw-inlinebuffers iterations=10 samples=10 multiplier=1 mode=enqueue
MEASURE_END TinyDraw::TinyDraw-inlinebuffers duration_us=54490981 completion_wait_us=0
CORRECTNESS_HASH TinyDraw::TinyDraw-inlinebuffers fnv1a64=acf025546cf667b5
TEST_END TinyDraw::TinyDraw-inlinebuffers
RUNNING_PROGRESS Test: TinyDraw::TinyDraw-inlinebuffers-vsh
TEST_BEGIN TinyDraw::TinyDraw-inlinebuffers-vsh
WARMUP_BEGIN TinyDraw::TinyDraw-inlinebuffers-vsh iterations=2
WARMUP_END TinyDraw::TinyDraw-inlinebuffers-vsh
MEASURE_BEGIN TinyDraw::TinyDraw-inlinebuffers-vsh iterations=10 samples=10 multiplier=1 mode=enqueue
MEASURE_END TinyDraw::TinyDraw-inlinebuffers-vsh duration_us=53432925 completion_wait_us=0
CORRECTNESS_HASH TinyDraw::TinyDraw-inlinebuffers-vsh fnv1a64=acf025546cf667b5
TEST_END TinyDraw::TinyDraw-inlinebuffers-vsh
RUNNING_PROGRESS Test: TinyDraw::TinyDraw-inlineelements
TEST_BEGIN TinyDraw::TinyDraw-inlineelements
WARMUP_BEGIN TinyDraw::TinyDraw-inlineelements iterations=2
WARMUP_END TinyDraw::TinyDraw-inlineelements
MEASURE_BEGIN TinyDraw::TinyDraw-inlineelements iterations=10 samples=10 multiplier=1 mode=enqueue
MEASURE_END TinyDraw::TinyDraw-inlineelements duration_us=3729452 completion_wait_us=0
CORRECTNESS_HASH TinyDraw::TinyDraw-inlineelements fnv1a64=acf025546cf667b5
TEST_END TinyDraw::TinyDraw-inlineelements
RUNNING_PROGRESS Test: TinyDraw::TinyDraw-inlineelements-vsh
TEST_BEGIN TinyDraw::TinyDraw-inlineelements-vsh
WARMUP_BEGIN TinyDraw::TinyDraw-inlineelements-vsh iterations=2
WARMUP_END TinyDraw::TinyDraw-inlineelements-vsh
MEASURE_BEGIN TinyDraw::TinyDraw-inlineelements-vsh iterations=10 samples=10 multiplier=1 mode=enqueue
MEASURE_END TinyDraw::TinyDraw-inlineelements-vsh duration_us=3588208 completion_wait_us=0
CORRECTNESS_HASH TinyDraw::TinyDraw-inlineelements-vsh fnv1a64=acf025546cf667b5
TEST_END TinyDraw::TinyDraw-inlineelements-vsh
RUNNING_PROGRESS Suite teardown: TinyDraw
RUNNING_PROGRESS Suite initialize: UniformThrash
RUNNING_PROGRESS Test: UniformThrash::UniformThrash
TEST_BEGIN UniformThrash::UniformThrash
WARMUP_BEGIN UniformThrash::UniformThrash iterations=2
WARMUP_END UniformThrash::UniformThrash
MEASURE_BEGIN UniformThrash::UniformThrash iterations=10 samples=10 multiplier=1 mode=enqueue
MEASURE_END UniformThrash::UniformThrash duration_us=137443 completion_wait_us=0
CORRECTNESS_HASH UniformThrash::UniformThrash fnv1a64=b8a923e4976d2725
TEST_END UniformThrash::UniformThrash
RUNNING_PROGRESS Suite teardown: UniformThrash
RUNNING_PROGRESS Suite initialize: Vertex buffer allocation
RUNNING_PROGRESS Test: Vertex buffer allocation::MixedVtxAlloc-arrays
TEST_BEGIN Vertex buffer allocation::MixedVtxAlloc-arrays
WARMUP_BEGIN Vertex buffer allocation::MixedVtxAlloc-arrays iterations=2
WARMUP_END Vertex buffer allocation::MixedVtxAlloc-arrays
MEASURE_BEGIN Vertex buffer allocation::MixedVtxAlloc-arrays iterations=10 samples=10 multiplier=1 mode=enqueue
MEASURE_END Vertex buffer allocation::MixedVtxAlloc-arrays duration_us=4166254 completion_wait_us=0
VERTEX_ALLOCATION_TILE tile=0 x=88 y=72 expected=ff000000 observed=ff000000
VERTEX_ALLOCATION_TILE tile=1 x=152 y=72 expected=ffff0000 observed=ffff0000
VERTEX_ALLOCATION_TILE tile=2 x=216 y=72 expected=ff00ff00 observed=ff00ff00
VERTEX_ALLOCATION_TILE tile=3 x=280 y=72 expected=ff0000ff observed=ff0000ff
VERTEX_ALLOCATION_TILE tile=4 x=88 y=136 expected=ffffff00 observed=ffffff00
VERTEX_ALLOCATION_TILE tile=5 x=152 y=136 expected=ffff00ff observed=ffff00ff
VERTEX_ALLOCATION_TILE tile=6 x=216 y=136 expected=ff00ffff observed=ff00ffff
VERTEX_ALLOCATION_TILE tile=7 x=280 y=136 expected=ffffffff observed=ffffffff
VERTEX_ALLOCATION_TILE tile=8 x=88 y=200 expected=ffffffff observed=ffffffff
VERTEX_ALLOCATION_TILE tile=9 x=152 y=200 expected=ff00ffff observed=ff00ffff
VERTEX_ALLOCATION_TILE tile=10 x=216 y=200 expected=ffff00ff observed=ffff00ff
VERTEX_ALLOCATION_TILE tile=11 x=280 y=200 expected=ffffff00 observed=ffffff00
VERTEX_ALLOCATION_TILE tile=12 x=88 y=264 expected=ff0000ff observed=ff0000ff
VERTEX_ALLOCATION_TILE tile=13 x=152 y=264 expected=ff00ff00 observed=ff00ff00
VERTEX_ALLOCATION_TILE tile=14 x=216 y=264 expected=ffff0000 observed=ffff0000
VERTEX_ALLOCATION_TILE tile=15 x=280 y=264 expected=ff000000 observed=ff000000
CORRECTNESS_HASH Vertex buffer allocation::MixedVtxAlloc-arrays fnv1a64=377e6c029807f325
TEST_END Vertex buffer allocation::MixedVtxAlloc-arrays
RUNNING_PROGRESS Test: Vertex buffer allocation::MixedVtxAlloc-inlinearrays
TEST_BEGIN Vertex buffer allocation::MixedVtxAlloc-inlinearrays
WARMUP_BEGIN Vertex buffer allocation::MixedVtxAlloc-inlinearrays iterations=2
WARMUP_END Vertex buffer allocation::MixedVtxAlloc-inlinearrays
MEASURE_BEGIN Vertex buffer allocation::MixedVtxAlloc-inlinearrays iterations=10 samples=10 multiplier=1 mode=enqueue
MEASURE_END Vertex buffer allocation::MixedVtxAlloc-inlinearrays duration_us=19439318 completion_wait_us=0
VERTEX_ALLOCATION_TILE tile=0 x=88 y=72 expected=ff000000 observed=ff000000
VERTEX_ALLOCATION_TILE tile=1 x=152 y=72 expected=ffff0000 observed=ffff0000
VERTEX_ALLOCATION_TILE tile=2 x=216 y=72 expected=ff00ff00 observed=ff00ff00
VERTEX_ALLOCATION_TILE tile=3 x=280 y=72 expected=ff0000ff observed=ff0000ff
VERTEX_ALLOCATION_TILE tile=4 x=88 y=136 expected=ffffff00 observed=ffffff00
VERTEX_ALLOCATION_TILE tile=5 x=152 y=136 expected=ffff00ff observed=ffff00ff
VERTEX_ALLOCATION_TILE tile=6 x=216 y=136 expected=ff00ffff observed=ff00ffff
VERTEX_ALLOCATION_TILE tile=7 x=280 y=136 expected=ffffffff observed=ffffffff
VERTEX_ALLOCATION_TILE tile=8 x=88 y=200 expected=ffffffff observed=ffffffff
VERTEX_ALLOCATION_TILE tile=9 x=152 y=200 expected=ff00ffff observed=ff00ffff
VERTEX_ALLOCATION_TILE tile=10 x=216 y=200 expected=ffff00ff observed=ffff00ff
VERTEX_ALLOCATION_TILE tile=11 x=280 y=200 expected=ffffff00 observed=ffffff00
VERTEX_ALLOCATION_TILE tile=12 x=88 y=264 expected=ff0000ff observed=ff0000ff
VERTEX_ALLOCATION_TILE tile=13 x=152 y=264 expected=ff00ff00 observed=ff00ff00
VERTEX_ALLOCATION_TILE tile=14 x=216 y=264 expected=ffff0000 observed=ffff0000
VERTEX_ALLOCATION_TILE tile=15 x=280 y=264 expected=ff000000 observed=ff000000
CORRECTNESS_HASH Vertex buffer allocation::MixedVtxAlloc-inlinearrays fnv1a64=377e6c029807f325
TEST_END Vertex buffer allocation::MixedVtxAlloc-inlinearrays
RUNNING_PROGRESS Test: Vertex buffer allocation::MixedVtxAlloc-inlinebuffers
TEST_BEGIN Vertex buffer allocation::MixedVtxAlloc-inlinebuffers
WARMUP_BEGIN Vertex buffer allocation::MixedVtxAlloc-inlinebuffers iterations=2
WARMUP_END Vertex buffer allocation::MixedVtxAlloc-inlinebuffers
MEASURE_BEGIN Vertex buffer allocation::MixedVtxAlloc-inlinebuffers iterations=10 samples=10 multiplier=1 mode=enqueue
MEASURE_END Vertex buffer allocation::MixedVtxAlloc-inlinebuffers duration_us=80984085 completion_wait_us=0
VERTEX_ALLOCATION_TILE tile=0 x=88 y=72 expected=ff000000 observed=ff000000
VERTEX_ALLOCATION_TILE tile=1 x=152 y=72 expected=ffff0000 observed=ffff0000
VERTEX_ALLOCATION_TILE tile=2 x=216 y=72 expected=ff00ff00 observed=ff00ff00
VERTEX_ALLOCATION_TILE tile=3 x=280 y=72 expected=ff0000ff observed=ff0000ff
VERTEX_ALLOCATION_TILE tile=4 x=88 y=136 expected=ffffff00 observed=ffffff00
VERTEX_ALLOCATION_TILE tile=5 x=152 y=136 expected=ffff00ff observed=ffff00ff
VERTEX_ALLOCATION_TILE tile=6 x=216 y=136 expected=ff00ffff observed=ff00ffff
VERTEX_ALLOCATION_TILE tile=7 x=280 y=136 expected=ffffffff observed=ffffffff
VERTEX_ALLOCATION_TILE tile=8 x=88 y=200 expected=ffffffff observed=ffffffff
VERTEX_ALLOCATION_TILE tile=9 x=152 y=200 expected=ff00ffff observed=ff00ffff
VERTEX_ALLOCATION_TILE tile=10 x=216 y=200 expected=ffff00ff observed=ffff00ff
VERTEX_ALLOCATION_TILE tile=11 x=280 y=200 expected=ffffff00 observed=ffffff00
VERTEX_ALLOCATION_TILE tile=12 x=88 y=264 expected=ff0000ff observed=ff0000ff
VERTEX_ALLOCATION_TILE tile=13 x=152 y=264 expected=ff00ff00 observed=ff00ff00
VERTEX_ALLOCATION_TILE tile=14 x=216 y=264 expected=ffff0000 observed=ffff0000
VERTEX_ALLOCATION_TILE tile=15 x=280 y=264 expected=ff000000 observed=ff000000
CORRECTNESS_HASH Vertex buffer allocation::MixedVtxAlloc-inlinebuffers fnv1a64=377e6c029807f325
TEST_END Vertex buffer allocation::MixedVtxAlloc-inlinebuffers
RUNNING_PROGRESS Test: Vertex buffer allocation::MixedVtxAlloc-inlineelements
TEST_BEGIN Vertex buffer allocation::MixedVtxAlloc-inlineelements
WARMUP_BEGIN Vertex buffer allocation::MixedVtxAlloc-inlineelements iterations=2
WARMUP_END Vertex buffer allocation::MixedVtxAlloc-inlineelements
MEASURE_BEGIN Vertex buffer allocation::MixedVtxAlloc-inlineelements iterations=10 samples=10 multiplier=1 mode=enqueue
MEASURE_END Vertex buffer allocation::MixedVtxAlloc-inlineelements duration_us=4611032 completion_wait_us=0
VERTEX_ALLOCATION_TILE tile=0 x=88 y=72 expected=ff000000 observed=ff000000
VERTEX_ALLOCATION_TILE tile=1 x=152 y=72 expected=ffff0000 observed=ffff0000
VERTEX_ALLOCATION_TILE tile=2 x=216 y=72 expected=ff00ff00 observed=ff00ff00
VERTEX_ALLOCATION_TILE tile=3 x=280 y=72 expected=ff0000ff observed=ff0000ff
VERTEX_ALLOCATION_TILE tile=4 x=88 y=136 expected=ffffff00 observed=ffffff00
VERTEX_ALLOCATION_TILE tile=5 x=152 y=136 expected=ffff00ff observed=ffff00ff
VERTEX_ALLOCATION_TILE tile=6 x=216 y=136 expected=ff00ffff observed=ff00ffff
VERTEX_ALLOCATION_TILE tile=7 x=280 y=136 expected=ffffffff observed=ffffffff
VERTEX_ALLOCATION_TILE tile=8 x=88 y=200 expected=ffffffff observed=ffffffff
VERTEX_ALLOCATION_TILE tile=9 x=152 y=200 expected=ff00ffff observed=ff00ffff
VERTEX_ALLOCATION_TILE tile=10 x=216 y=200 expected=ffff00ff observed=ffff00ff
VERTEX_ALLOCATION_TILE tile=11 x=280 y=200 expected=ffffff00 observed=ffffff00
VERTEX_ALLOCATION_TILE tile=12 x=88 y=264 expected=ff0000ff observed=ff0000ff
VERTEX_ALLOCATION_TILE tile=13 x=152 y=264 expected=ff00ff00 observed=ff00ff00
VERTEX_ALLOCATION_TILE tile=14 x=216 y=264 expected=ffff0000 observed=ffff0000
VERTEX_ALLOCATION_TILE tile=15 x=280 y=264 expected=ff000000 observed=ff000000
CORRECTNESS_HASH Vertex buffer allocation::MixedVtxAlloc-inlineelements fnv1a64=377e6c029807f325
TEST_END Vertex buffer allocation::MixedVtxAlloc-inlineelements
RUNNING_PROGRESS Test: Vertex buffer allocation::TinyAlloc-arrays
TEST_BEGIN Vertex buffer allocation::TinyAlloc-arrays
WARMUP_BEGIN Vertex buffer allocation::TinyAlloc-arrays iterations=2
(/ntoskrnl/xb/mm/contig.c:160) MmAllocContig: 64 live, tracking table now 128 slots
(/ntoskrnl/xb/mm/contig.c:160) MmAllocContig: 128 live, tracking table now 256 slots
(/ntoskrnl/xb/mm/contig.c:160) MmAllocContig: 256 live, tracking table now 512 slots
(/ntoskrnl/xb/mm/contig.c:160) MmAllocContig: 512 live, tracking table now 1024 slots
WARMUP_END Vertex buffer allocation::TinyAlloc-arrays
MEASURE_BEGIN Vertex buffer allocation::TinyAlloc-arrays iterations=10 samples=10 multiplier=1 mode=enqueue
MEASURE_END Vertex buffer allocation::TinyAlloc-arrays duration_us=7797653 completion_wait_us=0
VERTEX_ALLOCATION_TILE tile=0 x=88 y=72 expected=ff000000 observed=ff000000
VERTEX_ALLOCATION_TILE tile=1 x=152 y=72 expected=ffff0000 observed=ffff0000
VERTEX_ALLOCATION_TILE tile=2 x=216 y=72 expected=ff00ff00 observed=ff00ff00
VERTEX_ALLOCATION_TILE tile=3 x=280 y=72 expected=ff0000ff observed=ff0000ff
VERTEX_ALLOCATION_TILE tile=4 x=88 y=136 expected=ffffff00 observed=ffffff00
VERTEX_ALLOCATION_TILE tile=5 x=152 y=136 expected=ffff00ff observed=ffff00ff
VERTEX_ALLOCATION_TILE tile=6 x=216 y=136 expected=ff00ffff observed=ff00ffff
VERTEX_ALLOCATION_TILE tile=7 x=280 y=136 expected=ffffffff observed=ffffffff
VERTEX_ALLOCATION_TILE tile=8 x=88 y=200 expected=ffffffff observed=ffffffff
VERTEX_ALLOCATION_TILE tile=9 x=152 y=200 expected=ff00ffff observed=ff00ffff
VERTEX_ALLOCATION_TILE tile=10 x=216 y=200 expected=ffff00ff observed=ffff00ff
VERTEX_ALLOCATION_TILE tile=11 x=280 y=200 expected=ffffff00 observed=ffffff00
VERTEX_ALLOCATION_TILE tile=12 x=88 y=264 expected=ff0000ff observed=ff0000ff
VERTEX_ALLOCATION_TILE tile=13 x=152 y=264 expected=ff00ff00 observed=ff00ff00
VERTEX_ALLOCATION_TILE tile=14 x=216 y=264 expected=ffff0000 observed=ffff0000
VERTEX_ALLOCATION_TILE tile=15 x=280 y=264 expected=ff000000 observed=ff000000
CORRECTNESS_HASH Vertex buffer allocation::TinyAlloc-arrays fnv1a64=377e6c029807f325
TEST_END Vertex buffer allocation::TinyAlloc-arrays
RUNNING_PROGRESS Test: Vertex buffer allocation::TinyAlloc-inlinearrays
TEST_BEGIN Vertex buffer allocation::TinyAlloc-inlinearrays
WARMUP_BEGIN Vertex buffer allocation::TinyAlloc-inlinearrays iterations=2
WARMUP_END Vertex buffer allocation::TinyAlloc-inlinearrays
MEASURE_BEGIN Vertex buffer allocation::TinyAlloc-inlinearrays iterations=10 samples=10 multiplier=1 mode=enqueue
MEASURE_END Vertex buffer allocation::TinyAlloc-inlinearrays duration_us=23569891 completion_wait_us=0
VERTEX_ALLOCATION_TILE tile=0 x=88 y=72 expected=ff000000 observed=ff000000
VERTEX_ALLOCATION_TILE tile=1 x=152 y=72 expected=ffff0000 observed=ffff0000
VERTEX_ALLOCATION_TILE tile=2 x=216 y=72 expected=ff00ff00 observed=ff00ff00
VERTEX_ALLOCATION_TILE tile=3 x=280 y=72 expected=ff0000ff observed=ff0000ff
VERTEX_ALLOCATION_TILE tile=4 x=88 y=136 expected=ffffff00 observed=ffffff00
VERTEX_ALLOCATION_TILE tile=5 x=152 y=136 expected=ffff00ff observed=ffff00ff
VERTEX_ALLOCATION_TILE tile=6 x=216 y=136 expected=ff00ffff observed=ff00ffff
VERTEX_ALLOCATION_TILE tile=7 x=280 y=136 expected=ffffffff observed=ffffffff
VERTEX_ALLOCATION_TILE tile=8 x=88 y=200 expected=ffffffff observed=ffffffff
VERTEX_ALLOCATION_TILE tile=9 x=152 y=200 expected=ff00ffff observed=ff00ffff
VERTEX_ALLOCATION_TILE tile=10 x=216 y=200 expected=ffff00ff observed=ffff00ff
VERTEX_ALLOCATION_TILE tile=11 x=280 y=200 expected=ffffff00 observed=ffffff00
VERTEX_ALLOCATION_TILE tile=12 x=88 y=264 expected=ff0000ff observed=ff0000ff
VERTEX_ALLOCATION_TILE tile=13 x=152 y=264 expected=ff00ff00 observed=ff00ff00
VERTEX_ALLOCATION_TILE tile=14 x=216 y=264 expected=ffff0000 observed=ffff0000
VERTEX_ALLOCATION_TILE tile=15 x=280 y=264 expected=ff000000 observed=ff000000
CORRECTNESS_HASH Vertex buffer allocation::TinyAlloc-inlinearrays fnv1a64=377e6c029807f325
TEST_END Vertex buffer allocation::TinyAlloc-inlinearrays
RUNNING_PROGRESS Test: Vertex buffer allocation::TinyAlloc-inlinebuffers
TEST_BEGIN Vertex buffer allocation::TinyAlloc-inlinebuffers
WARMUP_BEGIN Vertex buffer allocation::TinyAlloc-inlinebuffers iterations=2
WARMUP_END Vertex buffer allocation::TinyAlloc-inlinebuffers
MEASURE_BEGIN Vertex buffer allocation::TinyAlloc-inlinebuffers iterations=10 samples=10 multiplier=1 mode=enqueue
MEASURE_END Vertex buffer allocation::TinyAlloc-inlinebuffers duration_us=35623346 completion_wait_us=0
VERTEX_ALLOCATION_TILE tile=0 x=88 y=72 expected=ff000000 observed=ff000000
VERTEX_ALLOCATION_TILE tile=1 x=152 y=72 expected=ffff0000 observed=ffff0000
VERTEX_ALLOCATION_TILE tile=2 x=216 y=72 expected=ff00ff00 observed=ff00ff00
VERTEX_ALLOCATION_TILE tile=3 x=280 y=72 expected=ff0000ff observed=ff0000ff
VERTEX_ALLOCATION_TILE tile=4 x=88 y=136 expected=ffffff00 observed=ffffff00
VERTEX_ALLOCATION_TILE tile=5 x=152 y=136 expected=ffff00ff observed=ffff00ff
VERTEX_ALLOCATION_TILE tile=6 x=216 y=136 expected=ff00ffff observed=ff00ffff
VERTEX_ALLOCATION_TILE tile=7 x=280 y=136 expected=ffffffff observed=ffffffff
VERTEX_ALLOCATION_TILE tile=8 x=88 y=200 expected=ffffffff observed=ffffffff
VERTEX_ALLOCATION_TILE tile=9 x=152 y=200 expected=ff00ffff observed=ff00ffff
VERTEX_ALLOCATION_TILE tile=10 x=216 y=200 expected=ffff00ff observed=ffff00ff
VERTEX_ALLOCATION_TILE tile=11 x=280 y=200 expected=ffffff00 observed=ffffff00
VERTEX_ALLOCATION_TILE tile=12 x=88 y=264 expected=ff0000ff observed=ff0000ff
VERTEX_ALLOCATION_TILE tile=13 x=152 y=264 expected=ff00ff00 observed=ff00ff00
VERTEX_ALLOCATION_TILE tile=14 x=216 y=264 expected=ffff0000 observed=ffff0000
VERTEX_ALLOCATION_TILE tile=15 x=280 y=264 expected=ff000000 observed=ff000000
CORRECTNESS_HASH Vertex buffer allocation::TinyAlloc-inlinebuffers fnv1a64=377e6c029807f325
TEST_END Vertex buffer allocation::TinyAlloc-inlinebuffers
RUNNING_PROGRESS Test: Vertex buffer allocation::TinyAlloc-inlineelements
TEST_BEGIN Vertex buffer allocation::TinyAlloc-inlineelements
WARMUP_BEGIN Vertex buffer allocation::TinyAlloc-inlineelements iterations=2
WARMUP_END Vertex buffer allocation::TinyAlloc-inlineelements
MEASURE_BEGIN Vertex buffer allocation::TinyAlloc-inlineelements iterations=10 samples=10 multiplier=1 mode=enqueue
MEASURE_END Vertex buffer allocation::TinyAlloc-inlineelements duration_us=7714499 completion_wait_us=0
VERTEX_ALLOCATION_TILE tile=0 x=88 y=72 expected=ff000000 observed=ff000000
VERTEX_ALLOCATION_TILE tile=1 x=152 y=72 expected=ffff0000 observed=ffff0000
VERTEX_ALLOCATION_TILE tile=2 x=216 y=72 expected=ff00ff00 observed=ff00ff00
VERTEX_ALLOCATION_TILE tile=3 x=280 y=72 expected=ff0000ff observed=ff0000ff
VERTEX_ALLOCATION_TILE tile=4 x=88 y=136 expected=ffffff00 observed=ffffff00
VERTEX_ALLOCATION_TILE tile=5 x=152 y=136 expected=ffff00ff observed=ffff00ff
VERTEX_ALLOCATION_TILE tile=6 x=216 y=136 expected=ff00ffff observed=ff00ffff
VERTEX_ALLOCATION_TILE tile=7 x=280 y=136 expected=ffffffff observed=ffffffff
VERTEX_ALLOCATION_TILE tile=8 x=88 y=200 expected=ffffffff observed=ffffffff
VERTEX_ALLOCATION_TILE tile=9 x=152 y=200 expected=ff00ffff observed=ff00ffff
VERTEX_ALLOCATION_TILE tile=10 x=216 y=200 expected=ffff00ff observed=ffff00ff
VERTEX_ALLOCATION_TILE tile=11 x=280 y=200 expected=ffffff00 observed=ffffff00
VERTEX_ALLOCATION_TILE tile=12 x=88 y=264 expected=ff0000ff observed=ff0000ff
VERTEX_ALLOCATION_TILE tile=13 x=152 y=264 expected=ff00ff00 observed=ff00ff00
VERTEX_ALLOCATION_TILE tile=14 x=216 y=264 expected=ffff0000 observed=ffff0000
VERTEX_ALLOCATION_TILE tile=15 x=280 y=264 expected=ff000000 observed=ff000000
CORRECTNESS_HASH Vertex buffer allocation::TinyAlloc-inlineelements fnv1a64=377e6c029807f325
TEST_END Vertex buffer allocation::TinyAlloc-inlineelements
RUNNING_PROGRESS Test: Vertex buffer allocation::XemuVertexRamDisjointSamePage
TEST_BEGIN Vertex buffer allocation::XemuVertexRamDisjointSamePage
WARMUP_BEGIN Vertex buffer allocation::XemuVertexRamDisjointSamePage iterations=2
WARMUP_END Vertex buffer allocation::XemuVertexRamDisjointSamePage
MEASURE_BEGIN Vertex buffer allocation::XemuVertexRamDisjointSamePage iterations=10 samples=10 multiplier=1 mode=enqueue
MEASURE_END Vertex buffer allocation::XemuVertexRamDisjointSamePage duration_us=3003934 completion_wait_us=0
CORRECTNESS_HASH Vertex buffer allocation::XemuVertexRamDisjointSamePage fnv1a64=fdcd25a37910bb25
TEST_END Vertex buffer allocation::XemuVertexRamDisjointSamePage
RUNNING_PROGRESS Suite teardown: Vertex buffer allocation
Test loop completed normally
