["git", "-c", "safe.directory=/work/.reference/roswell", "-C", "/work/.reference/roswell", "config", "--file", "/work/artifacts/optimization/final-release-repeat-v1/work-nswn8mtq/git-safe.config", "--add", "safe.directory", "/work/.reference/roswell"]
["git", "-c", "safe.directory=/work/.reference/roswell", "-C", "/work/.reference/roswell", "config", "--file", "/work/artifacts/optimization/final-release-repeat-v1/work-nswn8mtq/git-safe.config", "--add", "safe.directory", "/work/.reference/roswell/.git"]
["git", "clone", "--no-hardlinks", "--dissociate", "--no-checkout", "/work/.reference/roswell", "/work/artifacts/optimization/final-release-repeat-v1/work-nswn8mtq/source"]
Cloning into '/work/artifacts/optimization/final-release-repeat-v1/work-nswn8mtq/source'...
["git", "-c", "safe.directory=/work/artifacts/optimization/final-release-repeat-v1/work-nswn8mtq/source", "-C", "/work/artifacts/optimization/final-release-repeat-v1/work-nswn8mtq/source", "checkout", "--detach", "1569e2e89fb47cc72b9c704a8884f98200432bd4"]
HEAD is now at 1569e2e8 nxcache: note the reserve recovery path
["git", "-c", "safe.directory=/work/artifacts/optimization/final-release-repeat-v1/work-nswn8mtq/source", "-C", "/work/artifacts/optimization/final-release-repeat-v1/work-nswn8mtq/source", "apply", "--check", "--index", "/work/artifacts/optimization/final-release-repeat-v1/work-nswn8mtq/patches/0001.patch"]
["git", "-c", "safe.directory=/work/artifacts/optimization/final-release-repeat-v1/work-nswn8mtq/source", "-C", "/work/artifacts/optimization/final-release-repeat-v1/work-nswn8mtq/source", "apply", "--index", "/work/artifacts/optimization/final-release-repeat-v1/work-nswn8mtq/patches/0001.patch"]
["git", "-c", "safe.directory=/work/artifacts/optimization/final-release-repeat-v1/work-nswn8mtq/source", "-C", "/work/artifacts/optimization/final-release-repeat-v1/work-nswn8mtq/source", "apply", "--check", "--index", "/work/artifacts/optimization/final-release-repeat-v1/work-nswn8mtq/patches/0002.patch"]
["git", "-c", "safe.directory=/work/artifacts/optimization/final-release-repeat-v1/work-nswn8mtq/source", "-C", "/work/artifacts/optimization/final-release-repeat-v1/work-nswn8mtq/source", "apply", "--index", "/work/artifacts/optimization/final-release-repeat-v1/work-nswn8mtq/patches/0002.patch"]
["cmake", "-G", "Ninja", "-S", "/work/artifacts/optimization/final-release-repeat-v1/work-nswn8mtq/source", "-B", "/work/artifacts/optimization/final-release-repeat-v1/work-nswn8mtq/build", "-DCMAKE_TOOLCHAIN_FILE=/work/artifacts/optimization/final-release-repeat-v1/work-nswn8mtq/source/toolchain-gcc.cmake", "-DCMAKE_BUILD_TYPE=Release", "-DDBG=0", "-DKDBG=FALSE"]
CMake Warning at CMakeLists.txt:5 (message):
  Building with "/usr/bin/cmake", which is not the custom CMake included in
  RosBE, might cause build issues...


-- The C compiler identification is GNU 13.0.0
-- The CXX compiler identification is GNU 13.0.0
-- Detecting C compiler ABI info
-- Detecting C compiler ABI info - done
-- Check for working C compiler: /usr/bin/i686-w64-mingw32-gcc - skipped
-- Detecting C compile features
-- Detecting C compile features - done
-- Detecting CXX compiler ABI info
-- Detecting CXX compiler ABI info - done
-- Check for working CXX compiler: /usr/bin/i686-w64-mingw32-g++ - skipped
-- Detecting CXX compile features
-- Detecting CXX compile features - done
-- Found Git: /usr/bin/git (found version "2.43.0") 
-- Found BISON: /usr/bin/bison (found version "3.8.2") 
-- Found FLEX: /usr/bin/flex (found version "2.6.4") 
Cross-compiling on non-msvc, no special host-tools cmake command
-- Build type: Release
CMake Warning at CMakeLists.txt:255 (message):
  -- Disabling precompiled headers on GCC by default CORE-17108.


-- The ASM compiler identification is GNU
-- Found assembler: /usr/bin/i686-w64-mingw32-gcc
-- Selected localization: all
-- Generating a dwarf-based build (no rsym)
-- Using libwinpthread from /usr/lib/gcc/i686-w64-mingw32/13-win32/../../../../i686-w64-mingw32/lib/../lib/libwinpthread.a
-- Configuring done (0.3s)
-- Generating done (0.1s)
-- Build files have been written to: /work/artifacts/optimization/final-release-repeat-v1/work-nswn8mtq/build
["cmake", "--build", "/work/artifacts/optimization/final-release-repeat-v1/work-nswn8mtq/build", "--clean-first", "--target", "flash", "--parallel", "4"]
[1/1] Cleaning all built files...
Cleaning... 0 files.
[1/734] Creating directories for 'host-tools'
[2/734] Generating loader.o
[3/734] Generating paging.o
[4/734] Generating mem.o
[5/734] No download step for 'host-tools'
[6/734] Generating startup.o
[7/734] Generating pe.o
[8/734] No update step for 'host-tools'
[9/734] Generating xz_xz_crc32.o
[10/734] No patch step for 'host-tools'
[11/734] Generating xz_xz_dec_bcj.o
[12/734] Building C object sdk/lib/wdmguid/CMakeFiles/wdmguid.dir/wdmguid.c.obj
[13/734] Linking C static library sdk/lib/wdmguid/libwdmguid.a
[14/734] Generating xz_xz_dec_stream.o
[15/734] Generating xz_xz_dec_lzma2.o
[16/734] Generating nxldr.elf
ld: warning: /work/artifacts/optimization/final-release-repeat-v1/work-nswn8mtq/build/boot/nxldr/startup.o: missing .note.GNU-stack section implies executable stack
ld: NOTE: This behaviour is deprecated and will be removed in a future version of the linker
ld: warning: /work/artifacts/optimization/final-release-repeat-v1/work-nswn8mtq/build/boot/nxldr/nxldr.elf has a LOAD segment with RWX permissions
[17/734] Generating nxldr.bin
[18/734] Performing configure step for 'host-tools'
CMake Warning at CMakeLists.txt:5 (message):
  Building with "/usr/bin/cmake", which is not the custom CMake included in
  RosBE, might cause build issues...


-- The C compiler identification is GNU 13.3.0
-- The CXX compiler identification is GNU 13.3.0
-- Detecting C compiler ABI info
-- Detecting C compiler ABI info - done
-- Check for working C compiler: /usr/bin/cc - skipped
-- Detecting C compile features
-- Detecting C compile features - done
-- Detecting CXX compiler ABI info
-- Detecting CXX compiler ABI info - done
-- Check for working CXX compiler: /usr/bin/c++ - skipped
-- Detecting CXX compile features
-- Detecting CXX compile features - done
-- Found Git: /usr/bin/git (found version "2.43.0") 
-- Found BISON: /usr/bin/bison (found version "3.8.2") 
-- Found FLEX: /usr/bin/flex (found version "2.6.4") 
-- Configuring done (0.3s)
-- Generating done (0.0s)
-- Build files have been written to: /work/artifacts/optimization/final-release-repeat-v1/work-nswn8mtq/build/host-tools/bin
[19/734] Performing build step for 'host-tools'
[1/41] Building C object sdk/tools/hpp/CMakeFiles/hpp.dir/hpp.c.o
[2/41] Building C object sdk/tools/CMakeFiles/bin2c.dir/bin2c.c.o
[3/41] Building C object sdk/tools/CMakeFiles/geninc.dir/geninc/geninc.c.o
[4/41] [BISON][pp_parser] Building parser with bison 3.8.2
[5/41] Linking C executable hpp
[6/41] Linking C executable geninc
[7/41] Linking C executable bin2c
[8/41] [FLEX][pp_scanner] Building scanner with flex 2.6.4
[9/41] Building C object sdk/tools/CMakeFiles/pefixup.dir/pefixup.c.o
[10/41] Building C object sdk/tools/CMakeFiles/spec2def.dir/spec2def/spec2def.c.o
[11/41] Linking C executable pefixup
[12/41] Linking C executable spec2def
[13/41] Building C object sdk/tools/wpp/CMakeFiles/wpphost.dir/wpp.c.o
[14/41] Building C object sdk/tools/wpp/CMakeFiles/wpphost.dir/ppy.tab.c.o
[15/41] Building CXX object sdk/tools/CMakeFiles/utf16le.dir/utf16le/utf16le.cpp.o
[16/41] Building C object sdk/tools/wpp/CMakeFiles/wpphost.dir/ppl.yy.c.o
[17/41] Linking C static library sdk/tools/wpp/libwpphost.a
[18/41] [FLEX][p_scanner] Building scanner with flex 2.6.4
[19/41] Linking CXX executable utf16le
[20/41] [BISON][p_parser] Building parser with bison 3.8.2
[21/41] Building C object sdk/tools/widl/CMakeFiles/widl.dir/hash.c.o
[22/41] Building C object sdk/tools/widl/CMakeFiles/widl.dir/expr.c.o
[23/41] Building C object sdk/tools/widl/CMakeFiles/widl.dir/proxy.c.o
[24/41] Building C object sdk/tools/widl/CMakeFiles/widl.dir/client.c.o
[25/41] Building C object sdk/tools/widl/CMakeFiles/widl.dir/attribute.c.o
[26/41] Building C object sdk/tools/widl/CMakeFiles/widl.dir/register.c.o
[27/41] Building C object sdk/tools/widl/CMakeFiles/widl.dir/typelib.c.o
[28/41] Building C object sdk/tools/widl/CMakeFiles/widl.dir/server.c.o
[29/41] Building C object sdk/tools/widl/CMakeFiles/widl.dir/utils.c.o
[30/41] Building C object sdk/tools/widl/CMakeFiles/widl.dir/widl.c.o
[31/41] Building C object sdk/tools/widl/CMakeFiles/widl.dir/typetree.c.o
[32/41] Building C object sdk/tools/widl/CMakeFiles/widl.dir/header.c.o
[33/41] Building C object sdk/tools/widl/CMakeFiles/widl.dir/__/port/getopt1.c.o
[34/41] Building C object sdk/tools/widl/CMakeFiles/widl.dir/write_msft.c.o
[35/41] Building C object sdk/tools/widl/CMakeFiles/widl.dir/typegen.c.o
[36/41] Building C object sdk/tools/widl/CMakeFiles/widl.dir/__/port/mkstemps.c.o
[37/41] Building C object sdk/tools/widl/CMakeFiles/widl.dir/__/port/getopt.c.o
[38/41] Building C object sdk/tools/widl/CMakeFiles/widl.dir/write_sltg.c.o
[39/41] Building C object sdk/tools/widl/CMakeFiles/widl.dir/parser.yy.c.o
[40/41] Building C object sdk/tools/widl/CMakeFiles/widl.dir/parser.tab.c.o
[41/41] Linking C executable widl
[20/734] Performing install step for 'host-tools'
[21/734] Completed 'host-tools'
[22/734] Generating bugcodes.mc
[23/734] Generating ntddk.h
[24/734] Generating ntifs.h
[25/734] Generating wdm.h
[26/734] Generating bugcodes.h, bugcodes.rc
[27/734] Generating devioctl.h
[28/734] Generating ../ddk/ntifs.h
[29/734] Generating ../ddk/ntddk.h
[30/734] Generating ntdef.h
[31/734] Generating ../ddk/wdm.h
[32/734] Generating ../psdk/devioctl.h
[33/734] Generating winnt.h
[34/734] Generating ../psdk/ntdef.h
[35/734] Generating ../psdk/winnt.h
[36/734] Generating activation.h
[37/734] Generating asptlb.h
[38/734] Generating activdbg.h
[39/734] Generating audioclient.h
[40/734] Generating activaut.h
[41/734] Generating activscp.h
[42/734] Generating atliface.h
[43/734] Generating bits.h
[44/734] Generating bits1_5.h
[45/734] Generating bits2_0.h
[46/734] Generating bits2_5.h
[47/734] Generating bdaiface.h
[48/734] Generating bits3_0.h
[49/734] Generating comcat.h
[50/734] Generating audiopolicy.h
[51/734] Generating control.h
[52/734] Generating cor.h
[53/734] Generating cordebug.h
[54/734] Generating commoncontrols.h
[55/734] Generating ctxtcall.h
[56/734] Generating ctfutb.h
[57/734] Generating ctffunc.h
[58/734] Generating devenum.h
[59/734] Generating dimm.h
[60/734] Generating devicetopology.h
[61/734] Generating dispex.h
[62/734] Generating docobj.h
[63/734] Generating dxgiformat.h
[64/734] Generating emptyvc.h
[65/734] Generating downloadmgr.h
[66/734] Generating drmexternals.h
[67/734] Generating endpointvolume.h
[68/734] Generating fusion.h
[69/734] Generating hstring.h
[70/734] Generating exdisp.h
[71/734] Generating hlink.h
[72/734] Generating htiframe.h
[73/734] Generating httprequest.h
[74/734] Generating htiface.h
[75/734] Generating icftypes.h
[76/734] Generating imnact.h
[77/734] Generating iads.h
[78/734] Generating imnxport.h
[79/734] Generating ieautomation.h
[80/734] Generating indexsrv.h
[81/734] Generating inseng.h
[82/734] Generating inspectable.h
[83/734] Generating inputscope.h
[84/734] Generating mediaobj.h
[85/734] Generating metahost.h
[86/734] Generating mfidl.h
[87/734] Generating mfobjects.h
[88/734] Generating mimeinfo.h
[89/734] Generating mlang.h
[90/734] Generating mftransform.h
[91/734] Generating mimeole.h
[92/734] Generating mscoree.h
[93/734] Generating msaatext.h
[94/734] Generating docobjectservice.h
[95/734] Generating mmdeviceapi.h
[96/734] Generating msctf.h
[97/734] Generating mshtmhst.h
[98/734] Generating msdadc.h
[99/734] Generating mstask.h
[100/734] Generating msinkaut.h
[101/734] Generating msxml.h
[102/734] Generating natupnp.h
[103/734] Generating msxml2.h
[104/734] Generating msxml6.h
[105/734] Generating netcon.h
[106/734] Generating netfw.h
[107/734] Generating oaidl.h
[108/734] Generating objidlbase.h
[109/734] Generating objidl.h
[110/734] Generating objsafe.h
[111/734] Generating objectarray.h
[112/734] Generating oleacc.h
[113/734] Generating ocidl.h
[114/734] Generating ocmm.h
[115/734] Generating oleidl.h
[116/734] Generating perhist.h
[117/734] Generating optary.h
[118/734] Generating oledb.h
[119/734] Generating pstore.h
[120/734] Generating propidl.h
[121/734] Generating richole.h
[122/734] Generating restrictederrorinfo.h
[123/734] Generating propsys.h
[124/734] Generating roparameterizediid.h
[125/734] Generating servprov.h
[126/734] Generating sensevts.h
[127/734] Generating shldisp.h
[128/734] Generating shtypes.h
[129/734] Generating shdeprecated.h
[130/734] Generating shobjidl.h
[131/734] Generating mshtml.h
[132/734] Generating strmif.h
[133/734] Generating structuredquerycondition.h
[134/734] Generating textstor.h
[135/734] Generating tlogstg.h
[136/734] Generating transact.h
[137/734] Generating txcoord.h
[138/734] Generating taskschd.h
[139/734] Generating txdtc.h
[140/734] Generating tom.h
[141/734] Generating unknwn.h
[142/734] Generating uiautomationcore.h
[143/734] Generating tuner.h
[144/734] Generating urlhist.h
[145/734] Generating vmr9.h
[146/734] Generating urlmon.h
[147/734] Generating vsbackup.h
[148/734] Generating uiautomationclient.h
[149/734] Generating vss.h
[150/734] Generating wbemprov.h
[151/734] Generating vswriter.h
[152/734] Generating wia_lh.h
[153/734] Generating wbemcli.h
[154/734] Generating wia_xp.h
[155/734] Generating winsxs.h
[156/734] Generating wbemdisp.h
[157/734] Generating wincodecsdk.h
[158/734] Generating wmiutils.h
[159/734] Generating wincodec.h
[160/734] Generating wmsbuffer.h
[161/734] Generating wtypes.h
[162/734] Generating wmdrmsdk.h
[163/734] Generating wuapi.h
[164/734] Generating xmldom.h
[165/734] Generating xmldso.h
[166/734] Generating xmllite.h
[167/734] Generating wmsdkidl.h
[168/734] Building C object hal/halx86/CMakeFiles/lib_hal_up.dir/generic/buildtype.c.obj
[169/734] Building C object hal/halx86/CMakeFiles/lib_hal_up.dir/generic/spinlock.c.obj
[170/734] Building C object hal/halx86/CMakeFiles/lib_hal_up.dir/generic/up.c.obj
[171/734] Building C object sdk/include/asm/CMakeFiles/genincdata.dir/genincdata.c.obj
/work/artifacts/optimization/final-release-repeat-v1/work-nswn8mtq/source/sdk/include/asm/genincdata.c:5: warning: "_NTSYSTEM_" redefined
    5 | #define _NTSYSTEM_
      | 
<command-line>: note: this is the location of the previous definition
[172/734] Linking C shared module sdk/include/asm/genincdata.dll
[173/734] Generating ks386.inc
[174/734] Building C object drivers/base/bootvid/CMakeFiles/xboxbvid.dir/console.c.obj
[175/734] Building C object drivers/base/bootvid/CMakeFiles/xboxbvid.dir/common.c.obj
[176/734] Building C object drivers/base/bootvid/CMakeFiles/xboxbvid.dir/i386/xbox/bootvid.c.obj
[177/734] Building C object drivers/base/bootvid/CMakeFiles/xboxbvid.dir/fontdata.c.obj
[178/734] Linking C static library drivers/base/bootvid/libxboxbvid.a
[179/734] Building C object drivers/base/kdrosdbg/CMakeFiles/kdcom.dir/kdrosdbg.c.obj
[180/734] Building C object drivers/bus/pci/CMakeFiles/pci.dir/pdo.c.obj
[181/734] Building C object drivers/bus/pci/CMakeFiles/pci.dir/pci.c.obj
[182/734] Building C object drivers/bus/pci/CMakeFiles/pci.dir/fdo.c.obj
[183/734] Linking C static library drivers/bus/pci/libpci.a
[184/734] Building C object drivers/filesystems/vfatfs/CMakeFiles/vfatfs.dir/cleanup.c.obj
[185/734] Building C object drivers/filesystems/vfatfs/CMakeFiles/vfatfs.dir/blockdev.c.obj
[186/734] Building C object drivers/filesystems/vfatfs/CMakeFiles/vfatfs.dir/close.c.obj
[187/734] Building C object drivers/filesystems/vfatfs/CMakeFiles/vfatfs.dir/direntry.c.obj
[188/734] Building C object drivers/filesystems/xdvdfs/CMakeFiles/xdvdfs.dir/xdvdfs.c.obj
[189/734] Linking C static library drivers/filesystems/xdvdfs/libxdvdfs.a
[190/734] Building C object drivers/filesystems/vfatfs/CMakeFiles/vfatfs.dir/dir.c.obj
[191/734] Building C object drivers/filesystems/vfatfs/CMakeFiles/vfatfs.dir/create.c.obj
[192/734] Building C object drivers/filesystems/vfatfs/CMakeFiles/vfatfs.dir/ea.c.obj
[193/734] Building C object drivers/filesystems/vfatfs/CMakeFiles/vfatfs.dir/dirwr.c.obj
[194/734] Building C object drivers/filesystems/vfatfs/CMakeFiles/vfatfs.dir/fastio.c.obj
[195/734] Building C object drivers/filesystems/vfatfs/CMakeFiles/vfatfs.dir/fat.c.obj
[196/734] Building C object drivers/filesystems/vfatfs/CMakeFiles/vfatfs.dir/flush.c.obj
[197/734] Building C object drivers/filesystems/vfatfs/CMakeFiles/vfatfs.dir/fcb.c.obj
[198/734] Building C object drivers/filesystems/vfatfs/CMakeFiles/vfatfs.dir/finfo.c.obj
[199/734] Building C object drivers/filesystems/vfatfs/CMakeFiles/vfatfs.dir/fsctl.c.obj
[200/734] Building C object drivers/filesystems/vfatfs/CMakeFiles/vfatfs.dir/kdbg.c.obj
[201/734] Building C object drivers/filesystems/vfatfs/CMakeFiles/vfatfs.dir/iface.c.obj
[202/734] Building C object drivers/filesystems/vfatfs/CMakeFiles/vfatfs.dir/misc.c.obj
[203/734] Building C object drivers/filesystems/vfatfs/CMakeFiles/vfatfs.dir/shutdown.c.obj
[204/734] Building C object drivers/filesystems/vfatfs/CMakeFiles/vfatfs.dir/pnp.c.obj
[205/734] Building C object drivers/filesystems/vfatfs/CMakeFiles/vfatfs.dir/string.c.obj
[206/734] Building C object drivers/filesystems/vfatfs/CMakeFiles/vfatfs.dir/volume.c.obj
[207/734] Building C object drivers/filesystems/vfatfs/CMakeFiles/vfatfs.dir/rw.c.obj
[208/734] Building C object drivers/storage/class/nxcdrom/CMakeFiles/nxcdrom.dir/nxcdrom.c.obj
[209/734] Building C object drivers/storage/class/classpnp/CMakeFiles/classpnp.dir/clntirp.c.obj
[210/734] Building C object drivers/storage/class/classpnp/CMakeFiles/classpnp.dir/create.c.obj
[211/734] Building C object drivers/storage/class/classpnp/CMakeFiles/classpnp.dir/autorun.c.obj
[212/734] Building C object drivers/storage/class/classpnp/CMakeFiles/classpnp.dir/data.c.obj
[213/734] Building C object drivers/storage/class/classpnp/CMakeFiles/classpnp.dir/dictlib.c.obj
[214/734] Building C object drivers/storage/class/classpnp/CMakeFiles/classpnp.dir/debug.c.obj
[215/734] Building C object drivers/storage/class/classpnp/CMakeFiles/classpnp.dir/dispatch.c.obj
[216/734] Building C object drivers/storage/class/classpnp/CMakeFiles/classpnp.dir/guid.c.obj
[217/734] Building C object drivers/storage/class/classpnp/CMakeFiles/classpnp.dir/history.c.obj
[218/734] Building C object drivers/storage/class/classpnp/CMakeFiles/classpnp.dir/lock.c.obj
[219/734] Building C object drivers/storage/class/classpnp/CMakeFiles/classpnp.dir/obsolete.c.obj
[220/734] Building C object drivers/storage/class/classpnp/CMakeFiles/classpnp.dir/retry.c.obj
[221/734] Building C object drivers/storage/class/classpnp/CMakeFiles/classpnp.dir/class.c.obj
[222/734] Building C object drivers/storage/class/classpnp/CMakeFiles/classpnp.dir/srblib.c.obj
[223/734] Building C object drivers/storage/class/disk/CMakeFiles/disk.dir/data.c.obj
[224/734] Building C object drivers/storage/class/classpnp/CMakeFiles/classpnp.dir/xferpkt.c.obj
[225/734] Building C object drivers/storage/class/disk/CMakeFiles/disk.dir/geometry.c.obj
[226/734] Building C object drivers/storage/class/disk/CMakeFiles/disk.dir/disk.c.obj
[227/734] Building C object drivers/storage/class/disk/CMakeFiles/disk.dir/pnp.c.obj
[228/734] Building C object drivers/storage/ide/atapi/CMakeFiles/atapi.dir/atapi.c.obj
[229/734] Building C object drivers/storage/class/classpnp/CMakeFiles/classpnp.dir/utils.c.obj
[230/734] Building C object drivers/storage/ide/atapi/CMakeFiles/atapi.dir/dev_config.c.obj
[231/734] Building C object drivers/storage/ide/atapi/CMakeFiles/atapi.dir/dev_identify.c.obj
[232/734] Building C object drivers/storage/ide/atapi/CMakeFiles/atapi.dir/dev_error.c.obj
[233/734] Building C object drivers/storage/ide/atapi/CMakeFiles/atapi.dir/dev_timings.c.obj
[234/734] Building C object drivers/storage/ide/atapi/CMakeFiles/atapi.dir/dev_power.c.obj
[235/734] Building C object drivers/storage/ide/atapi/CMakeFiles/atapi.dir/enum.c.obj
[236/734] Building C object drivers/storage/ide/atapi/CMakeFiles/atapi.dir/pdo.c.obj
[237/734] Building C object drivers/storage/ide/atapi/CMakeFiles/atapi.dir/fdo.c.obj
[238/734] Building C object drivers/storage/ide/atapi/CMakeFiles/atapi.dir/ioctl.c.obj
[239/734] Building C object drivers/storage/ide/atapi/CMakeFiles/atapi.dir/portstate.c.obj
[240/734] Building C object drivers/storage/ide/atapi/CMakeFiles/atapi.dir/smart.c.obj
[241/734] Building C object drivers/storage/ide/atapi/CMakeFiles/atapi.dir/satl.c.obj
[242/734] Building C object drivers/storage/ide/pciide/CMakeFiles/pciide.dir/pciide.c.obj
[243/734] Linking C static library drivers/storage/ide/pciide/libpciide.a
[244/734] Building C object drivers/storage/ide/atapi/CMakeFiles/atapi.dir/scsi.c.obj
[245/734] Building C object drivers/storage/ide/pciidex/CMakeFiles/pciidex.dir/chipset/amd.c.obj
[246/734] Building C object drivers/storage/ide/pciidex/CMakeFiles/pciidex.dir/chipset/pata_hw.c.obj
[247/734] Building C object drivers/storage/ide/pciidex/CMakeFiles/pciidex.dir/chipset/pata_generic.c.obj
[248/734] Building C object drivers/storage/ide/pciidex/CMakeFiles/pciidex.dir/acpi.c.obj
[249/734] Building C object drivers/storage/ide/pciidex/CMakeFiles/pciidex.dir/chipset/pata_io.c.obj
[250/734] Building C object drivers/storage/ide/pciidex/CMakeFiles/pciidex.dir/chipset/via.c.obj
[251/734] Building C object drivers/storage/ide/pciidex/CMakeFiles/pciidex.dir/fdo.c.obj
[252/734] Building C object drivers/storage/ide/pciidex/CMakeFiles/pciidex.dir/miniport.c.obj
[253/734] Building C object drivers/storage/ide/pciidex/CMakeFiles/pciidex.dir/pciidex.c.obj
[254/734] Building C object drivers/storage/ide/pciidex/CMakeFiles/pciidex.dir/power.c.obj
[255/734] Building C object drivers/storage/ide/pciidex/CMakeFiles/pciidex.dir/pdo.c.obj
[256/734] Linking C static library drivers/storage/ide/pciidex/libpciidex.a
[257/734] Building C object drivers/storage/mountmgr/CMakeFiles/mountmgr.dir/mountmgr.c.obj
[258/734] Building C object drivers/storage/mountmgr/CMakeFiles/mountmgr.dir/notify.c.obj
[259/734] Building C object drivers/storage/mountmgr/CMakeFiles/mountmgr.dir/database.c.obj
[260/734] Building C object drivers/storage/mountmgr/CMakeFiles/mountmgr.dir/device.c.obj
[261/734] Building C object drivers/storage/mountmgr/CMakeFiles/mountmgr.dir/point.c.obj
[262/734] Building C object drivers/storage/mountmgr/CMakeFiles/mountmgr.dir/uniqueid.c.obj
[263/734] Building C object drivers/storage/mountmgr/CMakeFiles/mountmgr.dir/symlink.c.obj
[264/734] Building C object drivers/storage/partmgr/CMakeFiles/partmgr.dir/guid.c.obj
[265/734] Generating pci_classes.c, pci_classes.h
[266/734] Building C object drivers/storage/partmgr/CMakeFiles/partmgr.dir/partition.c.obj
[267/734] Generating pci_vendors.c, pci_vendors.h
[268/734] Building C object drivers/storage/partmgr/CMakeFiles/partmgr.dir/utils.c.obj
[269/734] Building C object sdk/lib/cportlib/CMakeFiles/cportlib.dir/cport.c.obj
[270/734] Building C object drivers/storage/partmgr/CMakeFiles/partmgr.dir/partmgr.c.obj
[271/734] Linking C static library drivers/storage/partmgr/libpartmgr.a
[272/734] Building C object hal/halx86/CMakeFiles/lib_hal_xbox.dir/generic/beep.c.obj
[273/734] Building C object hal/halx86/CMakeFiles/lib_hal_xbox.dir/generic/display.c.obj
[274/734] Building C object hal/halx86/CMakeFiles/lib_hal_xbox.dir/generic/cmos.c.obj
[275/734] Building C object hal/halx86/CMakeFiles/lib_hal_xbox.dir/generic/drive.c.obj
[276/734] Building C object hal/halx86/CMakeFiles/lib_hal_xbox.dir/generic/kdpci.c.obj
[277/734] Building C object hal/halx86/CMakeFiles/lib_hal_xbox.dir/generic/dma.c.obj
[278/734] Building C object hal/halx86/CMakeFiles/lib_hal_xbox.dir/generic/halinit.c.obj
[279/734] Building C object hal/halx86/CMakeFiles/lib_hal_xbox.dir/generic/memory.c.obj
[280/734] Building C object hal/halx86/CMakeFiles/lib_hal_xbox.dir/generic/nmi.c.obj
[281/734] Building C object hal/halx86/CMakeFiles/lib_hal_xbox.dir/generic/pic.c.obj
[282/734] Building C object hal/halx86/CMakeFiles/lib_hal_xbox.dir/generic/misc.c.obj
[283/734] Building C object hal/halx86/CMakeFiles/lib_hal_xbox.dir/generic/sysinfo.c.obj
[284/734] Building C object hal/halx86/CMakeFiles/lib_hal_xbox.dir/generic/portio.c.obj
[285/734] Building C object hal/halx86/CMakeFiles/lib_hal_xbox.dir/legacy/nxkrnl-x86bios-stub.c.obj
[286/734] Building C object hal/halx86/CMakeFiles/lib_hal_xbox.dir/generic/usage.c.obj
[287/734] Building C object hal/halx86/CMakeFiles/lib_hal_xbox.dir/legacy/bus/bushndlr.c.obj
[288/734] Building C object hal/halx86/CMakeFiles/lib_hal_xbox.dir/legacy/bus/cmosbus.c.obj
[289/734] Building C object hal/halx86/CMakeFiles/lib_hal_xbox.dir/legacy/bus/isabus.c.obj
[290/734] Building C object hal/halx86/CMakeFiles/lib_hal_xbox.dir/legacy/nxkrnl-pci-strings-stub.c.obj
[291/734] Building C object hal/halx86/CMakeFiles/lib_hal_xbox.dir/legacy/bus/sysbus.c.obj
[292/734] Building C object hal/halx86/CMakeFiles/lib_hal_xbox.dir/legacy/bus/pcibus.c.obj
[293/734] Building C object hal/halx86/CMakeFiles/lib_hal_xbox.dir/legacy/halpcat.c.obj
[294/734] Building C object hal/halx86/CMakeFiles/lib_hal_xbox.dir/legacy/halpnpdd.c.obj
[295/734] Building C object hal/halx86/CMakeFiles/lib_hal_xbox.dir/legacy/bussupp.c.obj
[296/734] Building C object hal/halx86/CMakeFiles/lib_hal_xbox.dir/generic/profil.c.obj
[297/734] Building C object hal/halx86/CMakeFiles/lib_hal_xbox.dir/xbox/clock.c.obj
[298/734] Building C object hal/halx86/CMakeFiles/lib_hal_xbox.dir/xbox/halinit.c.obj
[299/734] Building C object hal/halx86/CMakeFiles/lib_hal_xbox.dir/generic/timer.c.obj
[300/734] Building C object hal/halx86/CMakeFiles/lib_hal_xbox.dir/xbox/pci.c.obj
[301/734] Building C object hal/halx86/CMakeFiles/lib_hal_xbox.dir/xbox/reboot.c.obj
[302/734] Building C object hal/halx86/CMakeFiles/lib_hal_xbox.dir/xbox/smbus.c.obj
[303/734] Building C object hal/halx86/CMakeFiles/lib_hal_xbox.dir/xbox/av.c.obj
[304/734] Building C object hal/halx86/CMakeFiles/lib_hal_xbox.dir/xbox/hal.c.obj
[305/734] Building C object hal/halx86/CMakeFiles/lib_hal_xbox.dir/xbox/phy.c.obj
[306/734] Building C object hal/halx86/CMakeFiles/lib_hal_xbox.dir/xbox/video/xbox-video-support.c.obj
[307/734] Building C object hal/halx86/CMakeFiles/lib_hal_xbox.dir/xbox/video/BootVgaInitialization.c.obj
[308/734] Building C object hal/halx86/CMakeFiles/lib_hal_xbox.dir/xbox/video/VideoInitialization.c.obj
[309/734] Building C object hal/halx86/CMakeFiles/lib_hal_xbox.dir/xbox/video/focus.c.obj
[310/734] Building C object hal/halx86/CMakeFiles/lib_hal_xbox.dir/xbox/video/conexant.c.obj
[311/734] Building C object hal/halx86/CMakeFiles/lib_hal_xbox.dir/xbox/video/xcalibur.c.obj
[312/734] Building C object hal/halx86/CMakeFiles/lib_hal_xbox.dir/pic/irql.c.obj
[313/734] Building ASM object hal/halx86/CMakeFiles/lib_hal_xbox.dir/generic/systimer.S.obj
[314/734] Building ASM object hal/halx86/CMakeFiles/lib_hal_xbox.dir/generic/trap.S.obj
[315/734] Building ASM object hal/halx86/CMakeFiles/lib_hal_xbox.dir/pic/pic.S.obj
[316/734] Linking C static library sdk/lib/cportlib/libcportlib.a
[317/734] Linking C static library drivers/base/kdrosdbg/libkdcom.a
[318/734] Building ASM object sdk/lib/crt/CMakeFiles/chkstk.dir/except/i386/chkstk_asm.s.obj
[319/734] Linking C static library sdk/lib/crt/libchkstk.a
[320/734] Building C object hal/halx86/CMakeFiles/lib_hal_xbox.dir/xbox/pci-bringup/cromwell-pci.c.obj
[321/734] Building C object sdk/lib/crt/CMakeFiles/memcmp.dir/mem/memcmp.c.obj
[322/734] Linking C static library sdk/lib/crt/libmemcmp.a
[323/734] Building C object sdk/lib/crt/CMakeFiles/libcntpr.dir/math/_chgsignf.c.obj
[324/734] Building C object sdk/lib/crt/CMakeFiles/libcntpr.dir/math/_dclass.c.obj
[325/734] Building C object sdk/lib/crt/CMakeFiles/libcntpr.dir/math/_dsign.c.obj
[326/734] Building C object sdk/lib/crt/CMakeFiles/libcntpr.dir/math/_dtest.c.obj
[327/734] Building C object sdk/lib/crt/CMakeFiles/libcntpr.dir/math/_fdclass.c.obj
[328/734] Building C object sdk/lib/crt/CMakeFiles/libcntpr.dir/math/_fdsign.c.obj
[329/734] Building C object hal/halx86/CMakeFiles/lib_hal_xbox.dir/pic/processor.c.obj
[330/734] Building C object sdk/lib/crt/CMakeFiles/libcntpr.dir/math/_fdtest.c.obj
[331/734] Building C object sdk/lib/crt/CMakeFiles/libcntpr.dir/math/_finite.c.obj
[332/734] Building C object sdk/lib/crt/CMakeFiles/libcntpr.dir/math/_finitef.c.obj
[333/734] Building C object sdk/lib/crt/CMakeFiles/libcntpr.dir/math/_isnan.c.obj
[334/734] Building C object sdk/lib/crt/CMakeFiles/libcntpr.dir/math/_isnanf.c.obj
[335/734] Building C object sdk/lib/crt/CMakeFiles/libcntpr.dir/math/_invoke_matherr.c.obj
[336/734] Building C object sdk/lib/crt/CMakeFiles/libcntpr.dir/math/abs.c.obj
[337/734] Building C object sdk/lib/crt/CMakeFiles/libcntpr.dir/math/labs.c.obj
[338/734] Building C object sdk/lib/crt/CMakeFiles/libcntpr.dir/math/exp2f.c.obj
[339/734] Building C object hal/halx86/CMakeFiles/lib_hal_xbox.dir/pic/pic.c.obj
[340/734] Linking C static library hal/halx86/libhalxbox.a
[341/734] Building C object sdk/lib/crt/CMakeFiles/libcntpr.dir/math/nextafterf.c.obj
[342/734] Building C object sdk/lib/crt/CMakeFiles/libcntpr.dir/math/nextafter.c.obj
[343/734] Building C object sdk/lib/crt/CMakeFiles/libcntpr.dir/math/nexttowardf.c.obj
[344/734] Building C object sdk/lib/crt/CMakeFiles/libcntpr.dir/math/round.c.obj
[345/734] Building C object sdk/lib/crt/CMakeFiles/libcntpr.dir/math/roundf.c.obj
[346/734] Building C object sdk/lib/crt/CMakeFiles/libcntpr.dir/math/scalbn.c.obj
[347/734] Building C object sdk/lib/crt/CMakeFiles/libcntpr.dir/math/scalbnf.c.obj
[348/734] Building C object sdk/lib/crt/CMakeFiles/libcntpr.dir/math/sincos.c.obj
[349/734] Building C object sdk/lib/crt/CMakeFiles/libcntpr.dir/math/fabsf.c.obj
[350/734] Building C object sdk/lib/crt/CMakeFiles/libcntpr.dir/math/fabs.c.obj
[351/734] Building C object sdk/lib/crt/CMakeFiles/libcntpr.dir/math/div.c.obj
[352/734] Building C object sdk/lib/crt/CMakeFiles/libcntpr.dir/math/i386/ci.c.obj
[353/734] Building C object sdk/lib/crt/CMakeFiles/libcntpr.dir/math/i386/cilog.c.obj
[354/734] Building C object sdk/lib/crt/CMakeFiles/libcntpr.dir/math/i386/cicos.c.obj
[355/734] Building C object sdk/lib/crt/CMakeFiles/libcntpr.dir/math/i386/cipow.c.obj
[356/734] Building C object sdk/lib/crt/CMakeFiles/libcntpr.dir/math/i386/libm_sse2.c.obj
[357/734] Building C object sdk/lib/crt/CMakeFiles/libcntpr.dir/math/i386/ldexp.c.obj
[358/734] Building C object sdk/lib/crt/CMakeFiles/libcntpr.dir/math/i386/cisin.c.obj
[359/734] Building C object sdk/lib/crt/CMakeFiles/libcntpr.dir/mem/memcmp.c.obj
[360/734] Building C object sdk/lib/crt/CMakeFiles/libcntpr.dir/math/i386/cisqrt.c.obj
[361/734] Building C object sdk/lib/crt/CMakeFiles/libcntpr.dir/mem/memccpy.c.obj
[362/734] Building C object sdk/lib/crt/CMakeFiles/libcntpr.dir/misc/fltused.c.obj
[363/734] Building C object sdk/lib/crt/CMakeFiles/libcntpr.dir/printf/_snprintf.c.obj
[364/734] Building C object sdk/lib/crt/CMakeFiles/libcntpr.dir/printf/_vscprintf.c.obj
[365/734] Building C object sdk/lib/crt/CMakeFiles/libcntpr.dir/printf/_snwprintf.c.obj
[366/734] Building C object sdk/lib/crt/CMakeFiles/libcntpr.dir/printf/_swprintf.c.obj
[367/734] Building C object sdk/lib/crt/CMakeFiles/libcntpr.dir/printf/_vscwprintf.c.obj
[368/734] Building C object sdk/lib/crt/CMakeFiles/libcntpr.dir/printf/_vsnprintf.c.obj
[369/734] Building C object sdk/lib/crt/CMakeFiles/libcntpr.dir/printf/_vsnwprintf.c.obj
[370/734] Building C object sdk/lib/crt/CMakeFiles/libcntpr.dir/printf/_vswprintf.c.obj
[371/734] Building C object sdk/lib/crt/CMakeFiles/libcntpr.dir/printf/sprintf.c.obj
[372/734] Building C object sdk/lib/crt/CMakeFiles/libcntpr.dir/printf/vprintf.c.obj
[373/734] Building C object sdk/lib/crt/CMakeFiles/libcntpr.dir/printf/vsprintf.c.obj
[374/734] Building C object sdk/lib/crt/CMakeFiles/libcntpr.dir/mem/memicmp.c.obj
[375/734] Building C object sdk/lib/crt/CMakeFiles/libcntpr.dir/search/bsearch.c.obj
[376/734] Building C object sdk/lib/crt/CMakeFiles/libcntpr.dir/search/lfind.c.obj
[377/734] Building C object sdk/lib/crt/CMakeFiles/libcntpr.dir/printf/streamout.c.obj
[378/734] Building C object sdk/lib/crt/CMakeFiles/libcntpr.dir/stdlib/rand_nt.c.obj
[379/734] Building C object sdk/lib/crt/CMakeFiles/libcntpr.dir/stdlib/qsort.c.obj
[380/734] Building C object sdk/lib/crt/CMakeFiles/libcntpr.dir/printf/wstreamout.c.obj
[381/734] Building C object sdk/lib/crt/CMakeFiles/libcntpr.dir/string/_strlwr_nt.c.obj
[382/734] Building C object sdk/lib/crt/CMakeFiles/libcntpr.dir/string/_stricmp_nt.c.obj
[383/734] Building C object sdk/lib/crt/CMakeFiles/libcntpr.dir/stdlib/_invalid_parameter_nt.c.obj
[384/734] Building C object sdk/lib/crt/CMakeFiles/libcntpr.dir/string/_strnicmp_nt.c.obj
[385/734] Building C object sdk/lib/crt/CMakeFiles/libcntpr.dir/string/_splitpath.c.obj
[386/734] Building C object sdk/lib/crt/CMakeFiles/libcntpr.dir/string/_strupr_nt.c.obj
[387/734] Building C object sdk/lib/crt/CMakeFiles/libcntpr.dir/string/_wsplitpath.c.obj
[388/734] Building C object sdk/lib/crt/CMakeFiles/libcntpr.dir/string/atoi.c.obj
[389/734] Building C object sdk/lib/crt/CMakeFiles/libcntpr.dir/string/iswctype_nt.c.obj
[390/734] Building C object sdk/lib/crt/CMakeFiles/libcntpr.dir/string/ctype.c.obj
[391/734] Building C object sdk/lib/crt/CMakeFiles/libcntpr.dir/string/atol.c.obj
[392/734] Building C object sdk/lib/crt/CMakeFiles/libcntpr.dir/string/atoi64.c.obj
[393/734] Building C object sdk/lib/crt/CMakeFiles/libcntpr.dir/string/mbstowcs_nt.c.obj
[394/734] Building C object sdk/lib/crt/CMakeFiles/libcntpr.dir/string/strcspn.c.obj
[395/734] Building C object sdk/lib/crt/CMakeFiles/libcntpr.dir/string/strpbrk.c.obj
[396/734] Building C object sdk/lib/crt/CMakeFiles/libcntpr.dir/string/itoa.c.obj
[397/734] Building C object sdk/lib/crt/CMakeFiles/libcntpr.dir/string/itow.c.obj
[398/734] Building C object sdk/lib/crt/CMakeFiles/libcntpr.dir/string/strset.c.obj
[399/734] Building C object sdk/lib/crt/CMakeFiles/libcntpr.dir/string/strspn.c.obj
[400/734] Building C object sdk/lib/crt/CMakeFiles/libcntpr.dir/string/strrev.c.obj
[401/734] Building C object sdk/lib/crt/CMakeFiles/libcntpr.dir/string/strstr.c.obj
[402/734] Building C object sdk/lib/crt/CMakeFiles/libcntpr.dir/string/strtoi64.c.obj
[403/734] Building C object sdk/lib/crt/CMakeFiles/libcntpr.dir/string/strtol.c.obj
[404/734] Building C object sdk/lib/crt/CMakeFiles/libcntpr.dir/string/tolower_nt.c.obj
[405/734] Building C object sdk/lib/crt/CMakeFiles/libcntpr.dir/string/strtoul.c.obj
[406/734] Building C object sdk/lib/crt/CMakeFiles/libcntpr.dir/string/strtoull.c.obj
[407/734] Building C object sdk/lib/crt/CMakeFiles/libcntpr.dir/string/towupper_nt.c.obj
[408/734] Building C object sdk/lib/crt/CMakeFiles/libcntpr.dir/string/toupper_nt_mb.c.obj
[409/734] Building C object sdk/lib/crt/CMakeFiles/libcntpr.dir/string/wcstombs_nt.c.obj
[410/734] Building C object sdk/lib/crt/CMakeFiles/libcntpr.dir/string/wcs.c.obj
[411/734] Building C object sdk/lib/crt/CMakeFiles/libcntpr.dir/string/wcstol.c.obj
[412/734] Building C object sdk/lib/crt/CMakeFiles/libcntpr.dir/string/scanf.c.obj
[413/734] Building C object sdk/lib/crt/CMakeFiles/libcntpr.dir/string/wctype.c.obj
[414/734] Building C object sdk/lib/crt/CMakeFiles/libcntpr.dir/string/wcstoul.c.obj
[415/734] Building C object sdk/lib/crt/CMakeFiles/libcntpr.dir/string/wtol.c.obj
[416/734] Building C object sdk/lib/crt/CMakeFiles/libcntpr.dir/string/wtoi.c.obj
[417/734] Building C object sdk/lib/crt/CMakeFiles/libcntpr.dir/string/winesup.c.obj
[418/734] Building C object sdk/lib/crt/CMakeFiles/libcntpr.dir/string/wtoi64.c.obj
[419/734] Building C object sdk/lib/crt/CMakeFiles/libcntpr.dir/wstring/wcscspn.c.obj
[420/734] Building C object sdk/lib/crt/CMakeFiles/libcntpr.dir/wstring/_wcsicmp_nt.c.obj
[421/734] Building C object sdk/lib/crt/CMakeFiles/libcntpr.dir/wstring/wcsspn.c.obj
[422/734] Building C object sdk/lib/crt/CMakeFiles/libcntpr.dir/wstring/_wcsnicmp_nt.c.obj
[423/734] Building ASM object sdk/lib/crt/CMakeFiles/libcntpr.dir/misc/i386/readcr4.S.obj
[424/734] Building C object sdk/lib/crt/CMakeFiles/libcntpr.dir/wstring/_wcsupr_nt.c.obj
[425/734] Building ASM object sdk/lib/crt/CMakeFiles/libcntpr.dir/except/i386/chkstk_asm.s.obj
[426/734] Building ASM object sdk/lib/crt/CMakeFiles/libcntpr.dir/math/i386/alldiv_asm.s.obj
[427/734] Building ASM object sdk/lib/crt/CMakeFiles/libcntpr.dir/math/i386/alldvrm_asm.s.obj
[428/734] Building ASM object sdk/lib/crt/CMakeFiles/libcntpr.dir/math/i386/allmul_asm.s.obj
[429/734] Building ASM object sdk/lib/crt/CMakeFiles/libcntpr.dir/math/i386/allrem_asm.s.obj
[430/734] Building ASM object sdk/lib/crt/CMakeFiles/libcntpr.dir/math/i386/allshl_asm.s.obj
[431/734] Building ASM object sdk/lib/crt/CMakeFiles/libcntpr.dir/math/i386/allshr_asm.s.obj
[432/734] Building ASM object sdk/lib/crt/CMakeFiles/libcntpr.dir/math/i386/atan_asm.s.obj
[433/734] Building ASM object sdk/lib/crt/CMakeFiles/libcntpr.dir/math/i386/atan2_asm.s.obj
[434/734] Building C object sdk/lib/crt/CMakeFiles/libcntpr.dir/wstring/wcsstr.c.obj
[435/734] Building ASM object sdk/lib/crt/CMakeFiles/libcntpr.dir/math/i386/aulldiv_asm.s.obj
[436/734] Building ASM object sdk/lib/crt/CMakeFiles/libcntpr.dir/math/i386/aulldvrm_asm.s.obj
[437/734] Building ASM object sdk/lib/crt/CMakeFiles/libcntpr.dir/math/i386/aullrem_asm.s.obj
[438/734] Building ASM object sdk/lib/crt/CMakeFiles/libcntpr.dir/math/i386/ceil_asm.s.obj
[439/734] Building ASM object sdk/lib/crt/CMakeFiles/libcntpr.dir/math/i386/aullshr_asm.s.obj
[440/734] Building ASM object sdk/lib/crt/CMakeFiles/libcntpr.dir/math/i386/cos_asm.s.obj
[441/734] Building ASM object sdk/lib/crt/CMakeFiles/libcntpr.dir/math/i386/floor_asm.s.obj
[442/734] Building ASM object sdk/lib/crt/CMakeFiles/libcntpr.dir/math/i386/ftol_asm.s.obj
[443/734] Building ASM object sdk/lib/crt/CMakeFiles/libcntpr.dir/math/i386/ftol2_asm.s.obj
[444/734] Building C object sdk/lib/crt/CMakeFiles/libcntpr.dir/wstring/_wcslwr_nt.c.obj
[445/734] Building ASM object sdk/lib/crt/CMakeFiles/libcntpr.dir/math/i386/ftoul2_legacy_asm.s.obj
[446/734] Building ASM object sdk/lib/crt/CMakeFiles/libcntpr.dir/math/i386/log_asm.s.obj
[447/734] Building ASM object sdk/lib/crt/CMakeFiles/libcntpr.dir/math/i386/log10_asm.s.obj
[448/734] Building ASM object sdk/lib/crt/CMakeFiles/libcntpr.dir/math/i386/pow_asm.s.obj
[449/734] Building ASM object sdk/lib/crt/CMakeFiles/libcntpr.dir/math/i386/sin_asm.s.obj
[450/734] Building ASM object sdk/lib/crt/CMakeFiles/libcntpr.dir/math/i386/sqrt_asm.s.obj
[451/734] Building ASM object sdk/lib/crt/CMakeFiles/libcntpr.dir/math/i386/tan_asm.s.obj
[452/734] Building ASM object sdk/lib/crt/CMakeFiles/libcntpr.dir/mem/i386/memchr_asm.s.obj
[453/734] Building ASM object sdk/lib/crt/CMakeFiles/libcntpr.dir/mem/i386/memmove_asm.s.obj
[454/734] Building ASM object sdk/lib/crt/CMakeFiles/libcntpr.dir/mem/i386/memset_asm.s.obj
[455/734] Building ASM object sdk/lib/crt/CMakeFiles/libcntpr.dir/string/i386/strcat_asm.s.obj
[456/734] Building ASM object sdk/lib/crt/CMakeFiles/libcntpr.dir/string/i386/strchr_asm.s.obj
[457/734] Building ASM object sdk/lib/crt/CMakeFiles/libcntpr.dir/string/i386/strcmp_asm.s.obj
[458/734] Building ASM object sdk/lib/crt/CMakeFiles/libcntpr.dir/string/i386/strcpy_asm.s.obj
[459/734] Building ASM object sdk/lib/crt/CMakeFiles/libcntpr.dir/string/i386/strlen_asm.s.obj
[460/734] Building ASM object sdk/lib/crt/CMakeFiles/libcntpr.dir/string/i386/strncat_asm.s.obj
[461/734] Building ASM object sdk/lib/crt/CMakeFiles/libcntpr.dir/string/i386/strncmp_asm.s.obj
[462/734] Building ASM object sdk/lib/crt/CMakeFiles/libcntpr.dir/string/i386/strnlen_asm.s.obj
[463/734] Building ASM object sdk/lib/crt/CMakeFiles/libcntpr.dir/string/i386/strncpy_asm.s.obj
[464/734] Building ASM object sdk/lib/crt/CMakeFiles/libcntpr.dir/string/i386/strrchr_asm.s.obj
[465/734] Building ASM object sdk/lib/crt/CMakeFiles/libcntpr.dir/string/i386/wcschr_asm.s.obj
[466/734] Building ASM object sdk/lib/crt/CMakeFiles/libcntpr.dir/string/i386/wcscat_asm.s.obj
[467/734] Building ASM object sdk/lib/crt/CMakeFiles/libcntpr.dir/string/i386/wcscmp_asm.s.obj
[468/734] Building ASM object sdk/lib/crt/CMakeFiles/libcntpr.dir/string/i386/wcscpy_asm.s.obj
[469/734] Building ASM object sdk/lib/crt/CMakeFiles/libcntpr.dir/string/i386/wcslen_asm.s.obj
[470/734] Building ASM object sdk/lib/crt/CMakeFiles/libcntpr.dir/string/i386/wcsncat_asm.s.obj
[471/734] Building ASM object sdk/lib/crt/CMakeFiles/libcntpr.dir/string/i386/wcsncmp_asm.s.obj
[472/734] Building ASM object sdk/lib/crt/CMakeFiles/libcntpr.dir/string/i386/wcsncpy_asm.s.obj
[473/734] Building ASM object sdk/lib/crt/CMakeFiles/libcntpr.dir/string/i386/wcsnlen_asm.s.obj
[474/734] Building ASM object sdk/lib/crt/CMakeFiles/libcntpr.dir/string/i386/wcsrchr_asm.s.obj
[475/734] Linking C static library sdk/lib/crt/liblibcntpr.a
[476/734] Building C object sdk/lib/drivers/ntoskrnl_vista/CMakeFiles/ntoskrnl_vista.dir/etw.c.obj
[477/734] Building C object sdk/lib/drivers/csq/CMakeFiles/csq.dir/csq.c.obj
[478/734] Linking C static library sdk/lib/drivers/csq/libcsq.a
[479/734] Building C object sdk/lib/drivers/ntoskrnl_vista/CMakeFiles/ntoskrnl_vista.dir/io.c.obj
[480/734] Building C object sdk/lib/drivers/ntoskrnl_vista/CMakeFiles/ntoskrnl_vista.dir/fsrtl.c.obj
[481/734] Building C object sdk/lib/drivers/ntoskrnl_vista/CMakeFiles/ntoskrnl_vista.dir/pofx.c.obj
[482/734] Building C object sdk/lib/drivers/ntoskrnl_vista/CMakeFiles/ntoskrnl_vista.dir/po.c.obj
[483/734] Building C object sdk/lib/drivers/ntoskrnl_vista/CMakeFiles/ntoskrnl_vista.dir/ke.c.obj
[484/734] Building C object sdk/lib/ioevent/CMakeFiles/ioevent.dir/ioevent.c.obj
[485/734] Linking C static library sdk/lib/ioevent/libioevent.a
[486/734] Linking C static library drivers/storage/mountmgr/libmountmgr.a
[487/734] Building ASM object sdk/lib/pseh/CMakeFiles/pseh.dir/i386/pseh3_i386.S.obj
[488/734] Building ASM object sdk/lib/pseh/CMakeFiles/pseh.dir/i386/seh.s.obj
[489/734] Building ASM object sdk/lib/pseh/CMakeFiles/pseh.dir/i386/seh_prolog.s.obj
[490/734] Building C object sdk/lib/pseh/CMakeFiles/pseh.dir/i386/pseh3.c.obj
[491/734] Linking C static library sdk/lib/pseh/libpseh.a
[492/734] Linking C static library drivers/filesystems/vfatfs/libvfatfs.a
[493/734] Building C object sdk/lib/drivers/sptilib/CMakeFiles/sptilib.dir/sptilib.c.obj
[494/734] Linking C static library sdk/lib/drivers/sptilib/libsptilib.a
[495/734] Linking C static library drivers/storage/ide/atapi/libatapi.a
[496/734] Building C object sdk/lib/drivers/ntoskrnl_vista/CMakeFiles/ntoskrnl_vista.dir/__/__/rtl/utf8.c.obj
[497/734] Linking C static library sdk/lib/drivers/ntoskrnl_vista/libntoskrnl_vista.a
[498/734] Linking C static library drivers/storage/class/nxcdrom/libnxcdrom.a
[499/734] Linking C static library drivers/storage/class/classpnp/libclasspnp.a
[500/734] Linking C static library drivers/storage/class/disk/libdisk.a
[501/734] Building C object sdk/lib/rtl/CMakeFiles/rtl.dir/access.c.obj
[502/734] Building C object sdk/lib/rtl/CMakeFiles/rtl.dir/assert.c.obj
[503/734] Building C object sdk/lib/rtl/CMakeFiles/rtl.dir/acl.c.obj
[504/734] Building C object sdk/lib/rtl/CMakeFiles/rtl.dir/avltable.c.obj
[505/734] Building C object sdk/lib/rtl/CMakeFiles/rtl.dir/bitmap.c.obj
[506/734] Building C object sdk/lib/rtl/CMakeFiles/rtl.dir/crc32.c.obj
[507/734] Building C object sdk/lib/rtl/CMakeFiles/rtl.dir/debug.c.obj
[508/734] Building C object sdk/lib/rtl/CMakeFiles/rtl.dir/error.c.obj
[509/734] Building C object sdk/lib/rtl/CMakeFiles/rtl.dir/exception.c.obj
[510/734] Building C object sdk/lib/rtl/CMakeFiles/rtl.dir/generictable.c.obj
[511/734] Building C object sdk/lib/rtl/CMakeFiles/rtl.dir/image.c.obj
[512/734] Building C object sdk/lib/rtl/CMakeFiles/rtl.dir/largeint.c.obj
[513/734] Building C object sdk/lib/rtl/CMakeFiles/rtl.dir/random.c.obj
[514/734] Building C object sdk/lib/rtl/CMakeFiles/rtl.dir/res.c.obj
[515/734] Building C object sdk/lib/rtl/CMakeFiles/rtl.dir/sd.c.obj
[516/734] Building C object sdk/lib/rtl/CMakeFiles/rtl.dir/splaytree.c.obj
[517/734] Building C object sdk/lib/rtl/CMakeFiles/rtl.dir/sid.c.obj
[518/734] Building C object sdk/lib/rtl/CMakeFiles/rtl.dir/timezone.c.obj
[519/734] Building C object sdk/lib/rtl/CMakeFiles/rtl.dir/time.c.obj
[520/734] Building ASM object sdk/lib/rtl/CMakeFiles/rtl.dir/i386/debug_asm.S.obj
[521/734] Building ASM object sdk/lib/rtl/CMakeFiles/rtl.dir/i386/except_asm.s.obj
[522/734] Building ASM object sdk/lib/rtl/CMakeFiles/rtl.dir/i386/interlck.S.obj
[523/734] Building ASM object sdk/lib/rtl/CMakeFiles/rtl.dir/i386/rtlmem.s.obj
[524/734] Building ASM object sdk/lib/rtl/CMakeFiles/rtl.dir/i386/rtlswap.S.obj
[525/734] Building ASM object sdk/lib/rtl/CMakeFiles/rtl.dir/i386/res_asm.s.obj
[526/734] Building ASM object sdk/lib/vcruntime/CMakeFiles/setjmp.dir/i386/__longjmp_nounwind.s.obj
[527/734] Building ASM object sdk/lib/vcruntime/CMakeFiles/setjmp.dir/i386/_seh_longjmp_unwind.s.obj
[528/734] Building ASM object sdk/lib/vcruntime/CMakeFiles/setjmp.dir/i386/_setjmp.s.obj
[529/734] Building C object sdk/lib/vcruntime/CMakeFiles/setjmp.dir/i386/longjmp.c.obj
[530/734] Building ASM object sdk/lib/vcruntime/CMakeFiles/setjmp.dir/i386/_setjmp3.s.obj
[531/734] Linking C static library sdk/lib/vcruntime/libsetjmp.a
[532/734] Building C object sdk/lib/rtl/CMakeFiles/rtl.dir/i386/except.c.obj
[533/734] Building C object sdk/lib/rtl/CMakeFiles/rtl.dir/unicode.c.obj
[534/734] Linking C static library sdk/lib/rtl/librtl.a
[535/734] Embedding the Unicode case table into the kernel
[536/734] Generating the Xbox-ordinal export spec + scaffold
gen-exports: 371 ordinals (337 function, 34 data); 361 mapped, 10 scaffold stub(s)
[537/734] Generating xboxkrnl.def, xboxkrnl_stubs.c
[538/734] Generating export-root anchors
gen-export-roots: 371 exports rooted
[539/734] Baking the nxkrnl version banner
[540/734] Building ASM object ntoskrnl/CMakeFiles/ntoskrnl.dir/ke/i386/ctxswitch.S.obj
[541/734] Building ASM object ntoskrnl/CMakeFiles/ntoskrnl.dir/ex/i386/ioport.S.obj
[542/734] Building ASM object ntoskrnl/CMakeFiles/ntoskrnl.dir/ex/i386/fastinterlck_asm.S.obj
[543/734] Building ASM object ntoskrnl/CMakeFiles/ntoskrnl.dir/ke/i386/trap.s.obj
[544/734] Building ASM object ntoskrnl/CMakeFiles/ntoskrnl.dir/ke/i386/zeropage.S.obj
[545/734] Building ASM object ntoskrnl/CMakeFiles/ntoskrnl.dir/rtl/i386/prefetch.S.obj
[546/734] Building C object ntoskrnl/CMakeFiles/ntoskrnl.dir/cache/section/sptab.c.obj
[547/734] Building C object ntoskrnl/CMakeFiles/ntoskrnl.dir/cache/section/io.c.obj
[548/734] Building C object ntoskrnl/CMakeFiles/ntoskrnl.dir/ex/callback.c.obj
[549/734] Building C object ntoskrnl/CMakeFiles/ntoskrnl.dir/ex/event.c.obj
[550/734] Building C object ntoskrnl/CMakeFiles/ntoskrnl.dir/ex/exintrin.c.obj
[551/734] Building C object ntoskrnl/CMakeFiles/ntoskrnl.dir/ex/fmutex.c.obj
[552/734] Building C object ntoskrnl/CMakeFiles/ntoskrnl.dir/ex/harderr.c.obj
[553/734] Building C object ntoskrnl/CMakeFiles/ntoskrnl.dir/ex/handle.c.obj
[554/734] Building C object ntoskrnl/CMakeFiles/ntoskrnl.dir/ex/init.c.obj
[555/734] Building C object ntoskrnl/CMakeFiles/ntoskrnl.dir/ex/interlocked.c.obj
[556/734] Building C object ntoskrnl/CMakeFiles/ntoskrnl.dir/ex/locale.c.obj
[557/734] Building C object ntoskrnl/CMakeFiles/ntoskrnl.dir/ex/lookas.c.obj
[558/734] Building C object ntoskrnl/CMakeFiles/ntoskrnl.dir/ex/mutant.c.obj
[559/734] Building C object ntoskrnl/CMakeFiles/ntoskrnl.dir/ex/resource.c.obj
[560/734] Building C object ntoskrnl/CMakeFiles/ntoskrnl.dir/ex/pushlock.c.obj
[561/734] Building C object ntoskrnl/CMakeFiles/ntoskrnl.dir/ex/rundown.c.obj
[562/734] Building C object ntoskrnl/CMakeFiles/ntoskrnl.dir/ex/sem.c.obj
[563/734] Building C object ntoskrnl/CMakeFiles/ntoskrnl.dir/ex/time.c.obj
[564/734] Building C object ntoskrnl/CMakeFiles/ntoskrnl.dir/ex/timer.c.obj
[565/734] Building C object ntoskrnl/CMakeFiles/ntoskrnl.dir/ex/sysinfo.c.obj
[566/734] Building C object ntoskrnl/CMakeFiles/ntoskrnl.dir/ex/uuid.c.obj
[567/734] Building C object ntoskrnl/CMakeFiles/ntoskrnl.dir/ex/work.c.obj
[568/734] Building C object ntoskrnl/CMakeFiles/ntoskrnl.dir/fsrtl/filter.c.obj
[569/734] Building C object ntoskrnl/CMakeFiles/ntoskrnl.dir/fsrtl/filelock.c.obj
[570/734] Building C object ntoskrnl/CMakeFiles/ntoskrnl.dir/fsrtl/fastio.c.obj
[571/734] Building C object ntoskrnl/CMakeFiles/ntoskrnl.dir/fsrtl/filtrctx.c.obj
[572/734] Building C object ntoskrnl/CMakeFiles/ntoskrnl.dir/fsrtl/fsrtlpc.c.obj
[573/734] Building C object ntoskrnl/CMakeFiles/ntoskrnl.dir/fsrtl/name.c.obj
[574/734] Building C object ntoskrnl/CMakeFiles/ntoskrnl.dir/fsrtl/pnp.c.obj
[575/734] Building C object ntoskrnl/CMakeFiles/ntoskrnl.dir/fsrtl/largemcb.c.obj
[576/734] Building C object ntoskrnl/CMakeFiles/ntoskrnl.dir/fsrtl/notify.c.obj
[577/734] Building C object ntoskrnl/CMakeFiles/ntoskrnl.dir/fsrtl/stackovf.c.obj
[578/734] Building C object ntoskrnl/CMakeFiles/ntoskrnl.dir/fstub/disksup.c.obj
[579/734] Building C object ntoskrnl/CMakeFiles/ntoskrnl.dir/fsrtl/tunnel.c.obj
[580/734] Building C object ntoskrnl/CMakeFiles/ntoskrnl.dir/fstub/fstubex.c.obj
[581/734] Building C object ntoskrnl/CMakeFiles/ntoskrnl.dir/fstub/halstub.c.obj
[582/734] Building C object ntoskrnl/CMakeFiles/ntoskrnl.dir/fstub/translate.c.obj
[583/734] Building C object ntoskrnl/CMakeFiles/ntoskrnl.dir/inbv/bootanim.c.obj
[584/734] Building C object ntoskrnl/CMakeFiles/ntoskrnl.dir/inbv/inbv.c.obj
[585/734] Building C object ntoskrnl/CMakeFiles/ntoskrnl.dir/io/iomgr/adapter.c.obj
[586/734] Building C object ntoskrnl/CMakeFiles/ntoskrnl.dir/io/iomgr/arcname.c.obj
[587/734] Building C object ntoskrnl/CMakeFiles/ntoskrnl.dir/io/iomgr/device.c.obj
[588/734] Building C object ntoskrnl/CMakeFiles/ntoskrnl.dir/io/iomgr/error.c.obj
[589/734] Building C object ntoskrnl/CMakeFiles/ntoskrnl.dir/io/iomgr/driver.c.obj
[590/734] Building C object ntoskrnl/CMakeFiles/ntoskrnl.dir/io/iomgr/file.c.obj
[591/734] Building C object ntoskrnl/CMakeFiles/ntoskrnl.dir/io/iomgr/iomdl.c.obj
[592/734] Building C object ntoskrnl/CMakeFiles/ntoskrnl.dir/io/iomgr/iocomp.c.obj
[593/734] Building C object ntoskrnl/CMakeFiles/ntoskrnl.dir/io/iomgr/iorsrce.c.obj
[594/734] Building C object ntoskrnl/CMakeFiles/ntoskrnl.dir/io/iomgr/iofunc.c.obj
[595/734] Building C object ntoskrnl/CMakeFiles/ntoskrnl.dir/io/iomgr/iomgr.c.obj
[596/734] Building C object ntoskrnl/CMakeFiles/ntoskrnl.dir/io/iomgr/iotimer.c.obj
[597/734] Building C object ntoskrnl/CMakeFiles/ntoskrnl.dir/io/iomgr/iowork.c.obj
[598/734] Building C object ntoskrnl/CMakeFiles/ntoskrnl.dir/io/iomgr/irq.c.obj
[599/734] Building C object ntoskrnl/CMakeFiles/ntoskrnl.dir/io/iomgr/irp.c.obj
[600/734] Building C object ntoskrnl/CMakeFiles/ntoskrnl.dir/io/iomgr/rawfs.c.obj
[601/734] Building C object ntoskrnl/CMakeFiles/ntoskrnl.dir/io/iomgr/remlock.c.obj
[602/734] Building C object ntoskrnl/CMakeFiles/ntoskrnl.dir/io/iomgr/symlink.c.obj
[603/734] Building C object ntoskrnl/CMakeFiles/ntoskrnl.dir/io/iomgr/util.c.obj
[604/734] Building C object ntoskrnl/CMakeFiles/ntoskrnl.dir/io/iomgr/volume.c.obj
[605/734] Building C object ntoskrnl/CMakeFiles/ntoskrnl.dir/ke/apc.c.obj
[606/734] Building C object ntoskrnl/CMakeFiles/ntoskrnl.dir/ke/bug.c.obj
[607/734] Building C object ntoskrnl/CMakeFiles/ntoskrnl.dir/ke/clock.c.obj
[608/734] Building C object ntoskrnl/CMakeFiles/ntoskrnl.dir/ke/devqueue.c.obj
[609/734] Building C object ntoskrnl/CMakeFiles/ntoskrnl.dir/ke/eventobj.c.obj
[610/734] Building C object ntoskrnl/CMakeFiles/ntoskrnl.dir/ke/dpc.c.obj
[611/734] Building C object ntoskrnl/CMakeFiles/ntoskrnl.dir/ke/except.c.obj
[612/734] Building C object ntoskrnl/CMakeFiles/ntoskrnl.dir/ke/freeze.c.obj
[613/734] Building C object ntoskrnl/CMakeFiles/ntoskrnl.dir/ke/gate.c.obj
[614/734] Building C object ntoskrnl/CMakeFiles/ntoskrnl.dir/ke/gmutex.c.obj
[615/734] Building C object ntoskrnl/CMakeFiles/ntoskrnl.dir/ke/krnlinit.c.obj
[616/734] Building C object ntoskrnl/CMakeFiles/ntoskrnl.dir/ke/ipi.c.obj
[617/734] Building C object ntoskrnl/CMakeFiles/ntoskrnl.dir/ke/mutex.c.obj
[618/734] Building C object ntoskrnl/CMakeFiles/ntoskrnl.dir/ke/processor.c.obj
[619/734] Building C object ntoskrnl/CMakeFiles/ntoskrnl.dir/ke/procobj.c.obj
[620/734] Building C object ntoskrnl/CMakeFiles/ntoskrnl.dir/ke/queue.c.obj
[621/734] Building C object ntoskrnl/CMakeFiles/ntoskrnl.dir/ke/semphobj.c.obj
[622/734] Building C object ntoskrnl/CMakeFiles/ntoskrnl.dir/ke/spinlock.c.obj
[623/734] Building C object ntoskrnl/CMakeFiles/ntoskrnl.dir/ke/thrdobj.c.obj
[624/734] Building C object ntoskrnl/CMakeFiles/ntoskrnl.dir/ke/thrdschd.c.obj
[625/734] Building C object ntoskrnl/CMakeFiles/ntoskrnl.dir/ke/time.c.obj
[626/734] Building C object ntoskrnl/CMakeFiles/ntoskrnl.dir/ke/timerobj.c.obj
[627/734] Building C object ntoskrnl/CMakeFiles/ntoskrnl.dir/mm/ARM3/contmem.c.obj
[628/734] Building C object ntoskrnl/CMakeFiles/ntoskrnl.dir/mm/ARM3/drvmgmt.c.obj
[629/734] Building C object ntoskrnl/CMakeFiles/ntoskrnl.dir/ke/wait.c.obj
[630/734] Building C object ntoskrnl/CMakeFiles/ntoskrnl.dir/mm/ARM3/hypermap.c.obj
[631/734] Building C object ntoskrnl/CMakeFiles/ntoskrnl.dir/mm/ARM3/iosup.c.obj
[632/734] Building C object ntoskrnl/CMakeFiles/ntoskrnl.dir/mm/ARM3/mdlsup.c.obj
[633/734] Building C object ntoskrnl/CMakeFiles/ntoskrnl.dir/mm/ARM3/mmdbg.c.obj
[634/734] Building C object ntoskrnl/CMakeFiles/ntoskrnl.dir/mm/ARM3/mminit.c.obj
[635/734] Building C object ntoskrnl/CMakeFiles/ntoskrnl.dir/mm/ARM3/mmsup.c.obj
[636/734] Building C object ntoskrnl/CMakeFiles/ntoskrnl.dir/mm/ARM3/pfnlist.c.obj
[637/734] Building C object ntoskrnl/CMakeFiles/ntoskrnl.dir/mm/ARM3/procsup.c.obj
[638/734] Building C object ntoskrnl/CMakeFiles/ntoskrnl.dir/mm/ARM3/special.c.obj
[639/734] Building C object ntoskrnl/CMakeFiles/ntoskrnl.dir/mm/ARM3/session.c.obj
[640/734] Building C object ntoskrnl/CMakeFiles/ntoskrnl.dir/mm/ARM3/zeropage.c.obj
[641/734] Building C object ntoskrnl/CMakeFiles/ntoskrnl.dir/mm/ARM3/syspte.c.obj
[642/734] Building C object ntoskrnl/CMakeFiles/ntoskrnl.dir/mm/freelist.c.obj
[643/734] Building C object ntoskrnl/CMakeFiles/ntoskrnl.dir/mm/ARM3/sysldr.c.obj
[644/734] Building C object ntoskrnl/CMakeFiles/ntoskrnl.dir/mm/mminit.c.obj
[645/734] Building C object ntoskrnl/CMakeFiles/ntoskrnl.dir/ob/devicemap.c.obj
[646/734] Building C object ntoskrnl/CMakeFiles/ntoskrnl.dir/ob/obdir.c.obj
[647/734] Building C object ntoskrnl/CMakeFiles/ntoskrnl.dir/ob/obinit.c.obj
[648/734] Building C object ntoskrnl/CMakeFiles/ntoskrnl.dir/ob/oblife.c.obj
[649/734] Building C object ntoskrnl/CMakeFiles/ntoskrnl.dir/ob/obhandle.c.obj
[650/734] Building C object ntoskrnl/CMakeFiles/ntoskrnl.dir/ob/oblink.c.obj
[651/734] Building C object ntoskrnl/CMakeFiles/ntoskrnl.dir/ob/obname.c.obj
[652/734] Building C object ntoskrnl/CMakeFiles/ntoskrnl.dir/ob/obsdcach.c.obj
[653/734] Building C object ntoskrnl/CMakeFiles/ntoskrnl.dir/ob/obsecure.c.obj
[654/734] Building C object ntoskrnl/CMakeFiles/ntoskrnl.dir/ob/obref.c.obj
[655/734] Building C object ntoskrnl/CMakeFiles/ntoskrnl.dir/ob/obwait.c.obj
[656/734] Building C object ntoskrnl/CMakeFiles/ntoskrnl.dir/ps/debug.c.obj
[657/734] Building C object ntoskrnl/CMakeFiles/ntoskrnl.dir/ps/kill.c.obj
[658/734] Building C object ntoskrnl/CMakeFiles/ntoskrnl.dir/ps/process.c.obj
[659/734] Building C object ntoskrnl/CMakeFiles/ntoskrnl.dir/ps/psmgr.c.obj
[660/734] Building C object ntoskrnl/CMakeFiles/ntoskrnl.dir/ps/psnotify.c.obj
[661/734] Building C object ntoskrnl/CMakeFiles/ntoskrnl.dir/ps/quota.c.obj
[662/734] Building C object ntoskrnl/CMakeFiles/ntoskrnl.dir/ps/thread.c.obj
[663/734] Building C object ntoskrnl/CMakeFiles/ntoskrnl.dir/ps/state.c.obj
[664/734] Building C object ntoskrnl/CMakeFiles/ntoskrnl.dir/rtl/misc.c.obj
[665/734] Building C object ntoskrnl/CMakeFiles/ntoskrnl.dir/rtl/libsupp.c.obj
[666/734] Building C object ntoskrnl/CMakeFiles/ntoskrnl.dir/xb/kistacks.c.obj
[667/734] Building C object ntoskrnl/CMakeFiles/ntoskrnl.dir/xb/devtree.c.obj
[668/734] Building C object ntoskrnl/CMakeFiles/ntoskrnl.dir/xb/pci.c.obj
[669/734] Building C object ntoskrnl/CMakeFiles/ntoskrnl.dir/xb/nls-stubs.c.obj
[670/734] Building C object ntoskrnl/CMakeFiles/ntoskrnl.dir/xb/pnpstubs.c.obj
[671/734] Building C object ntoskrnl/CMakeFiles/ntoskrnl.dir/ke/i386/context.c.obj
[672/734] Building C object ntoskrnl/CMakeFiles/ntoskrnl.dir/ke/i386/freeze.c.obj
[673/734] Building C object ntoskrnl/CMakeFiles/ntoskrnl.dir/ke/i386/cpu.c.obj
[674/734] Building C object ntoskrnl/CMakeFiles/ntoskrnl.dir/ke/i386/exp.c.obj
[675/734] Building C object ntoskrnl/CMakeFiles/ntoskrnl.dir/ke/i386/irqobj.c.obj
[676/734] Building C object ntoskrnl/CMakeFiles/ntoskrnl.dir/ke/i386/mtrr.c.obj
[677/734] Building C object ntoskrnl/CMakeFiles/ntoskrnl.dir/ke/i386/ldt.c.obj
[678/734] Building C object ntoskrnl/CMakeFiles/ntoskrnl.dir/ke/i386/kiinit.c.obj
[679/734] Building C object ntoskrnl/CMakeFiles/ntoskrnl.dir/ke/i386/patpge.c.obj
[680/734] Building C object ntoskrnl/CMakeFiles/ntoskrnl.dir/ke/i386/thrdini.c.obj
[681/734] Building C object ntoskrnl/CMakeFiles/ntoskrnl.dir/mm/i386/procsup.c.obj
[682/734] Building C object ntoskrnl/CMakeFiles/ntoskrnl.dir/mm/i386/page.c.obj
[683/734] Building C object ntoskrnl/CMakeFiles/ntoskrnl.dir/ke/i386/traphdlr.c.obj
[684/734] Building C object ntoskrnl/CMakeFiles/ntoskrnl.dir/mm/ARM3/i386/init.c.obj
[685/734] Building C object ntoskrnl/CMakeFiles/ntoskrnl.dir/xb/kd-release-stubs.c.obj
[686/734] Building C object ntoskrnl/CMakeFiles/ntoskrnl.dir/kd/kdprompt.c.obj
[687/734] Building C object ntoskrnl/CMakeFiles/ntoskrnl.dir/xb-nls.c.obj
[688/734] Building C object ntoskrnl/CMakeFiles/ntoskrnl.dir/guid.c.obj
[689/734] Building C object ntoskrnl/CMakeFiles/ntoskrnl.dir/kd/kdps2kbd.c.obj
[690/734] Building C object ntoskrnl/CMakeFiles/ntoskrnl.dir/kd/kdserial.c.obj
[691/734] Building C object ntoskrnl/CMakeFiles/ntoskrnl.dir/xb-exports.c.obj
[692/734] Building C object ntoskrnl/CMakeFiles/ntoskrnl.dir/xb-version.c.obj
[693/734] Building C object ntoskrnl/CMakeFiles/ntoskrnl.dir/xb/mm/init.c.obj
[694/734] Building C object ntoskrnl/CMakeFiles/ntoskrnl.dir/xb/mm/persistence.c.obj
In file included from /work/artifacts/optimization/final-release-repeat-v1/work-nswn8mtq/source/ntoskrnl/xb/mm/persistence.c:9:
/work/artifacts/optimization/final-release-repeat-v1/work-nswn8mtq/source/ntoskrnl/mm/ARM3/miarm.h: In function ‘MI_WS_OWNER’:
/work/artifacts/optimization/final-release-repeat-v1/work-nswn8mtq/source/ntoskrnl/mm/ARM3/miarm.h:1089:9: warning: implicit declaration of function ‘DPRINT’ [-Wimplicit-function-declaration]
 1089 |         DPRINT("Thread: %p is not an owner\n", PsGetCurrentThread());
      |         ^~~~~~
/work/artifacts/optimization/final-release-repeat-v1/work-nswn8mtq/source/ntoskrnl/mm/ARM3/miarm.h: In function ‘MiDropLockCount’:
/work/artifacts/optimization/final-release-repeat-v1/work-nswn8mtq/source/ntoskrnl/mm/ARM3/miarm.h:1609:13: warning: implicit declaration of function ‘DPRINT1’ [-Wimplicit-function-declaration]
 1609 |             DPRINT1("Not returning commit for prototype PTE\n");
      |             ^~~~~~~
[695/734] Building C object ntoskrnl/CMakeFiles/ntoskrnl.dir/xb/mm/contig.c.obj
[696/734] Building C object ntoskrnl/CMakeFiles/ntoskrnl.dir/xb/mm/sysva.c.obj
[697/734] Building C object ntoskrnl/CMakeFiles/ntoskrnl.dir/xb/mm/iospace.c.obj
[698/734] Building C object ntoskrnl/CMakeFiles/ntoskrnl.dir/xb/mm/api.c.obj
[699/734] Building C object ntoskrnl/CMakeFiles/ntoskrnl.dir/__/sdk/lib/cryptlib/sha1.c.obj
[700/734] Building C object ntoskrnl/CMakeFiles/ntoskrnl.dir/__/sdk/lib/cryptlib/rc4.c.obj
[701/734] Building C object ntoskrnl/CMakeFiles/ntoskrnl.dir/xb/mm/pagesupply.c.obj
[702/734] Building C object ntoskrnl/CMakeFiles/ntoskrnl.dir/xb/mm/arm3stubs.c.obj
[703/734] Building C object ntoskrnl/CMakeFiles/ntoskrnl.dir/xb/strace.c.obj
[704/734] Building C object ntoskrnl/CMakeFiles/ntoskrnl.dir/xb/eeprom.c.obj
[705/734] Building C object ntoskrnl/CMakeFiles/ntoskrnl.dir/xb/refurb.c.obj
[706/734] Building C object ntoskrnl/CMakeFiles/ntoskrnl.dir/xb/crypto.c.obj
[707/734] Building C object ntoskrnl/CMakeFiles/ntoskrnl.dir/xb/titlekeys.c.obj
[708/734] Building C object ntoskrnl/CMakeFiles/ntoskrnl.dir/xb/rwlock.c.obj
[709/734] Building C object ntoskrnl/CMakeFiles/ntoskrnl.dir/xb/procobj.c.obj
[710/734] Building C object ntoskrnl/CMakeFiles/ntoskrnl.dir/xb/interrupt.c.obj
[711/734] Building C object ntoskrnl/CMakeFiles/ntoskrnl.dir/xb/ide.c.obj
/work/artifacts/optimization/final-release-repeat-v1/work-nswn8mtq/source/ntoskrnl/xb/ide.c:9:1: warning: ‘align’ attribute directive ignored [-Wattributes]
    9 | __declspec(align(16)) NX_IDE_CHANNEL IdexChannelObject;
      | ^~~~~~~~~~
[712/734] Building C object ntoskrnl/CMakeFiles/ntoskrnl.dir/xb/sizeddata.c.obj
/work/artifacts/optimization/final-release-repeat-v1/work-nswn8mtq/source/ntoskrnl/xb/sizeddata.c:35:1: warning: ‘align’ attribute directive ignored [-Wattributes]
   35 | __declspec(align(16)) UCHAR XePublicKeyData[XE_PUBLIC_KEY_SIZE];
      | ^~~~~~~~~~
/work/artifacts/optimization/final-release-repeat-v1/work-nswn8mtq/source/ntoskrnl/xb/sizeddata.c:49:1: warning: ‘align’ attribute directive ignored [-Wattributes]
   49 | __declspec(align(16)) UCHAR XboxEEPROMKey[16];
      | ^~~~~~~~~~
/work/artifacts/optimization/final-release-repeat-v1/work-nswn8mtq/source/ntoskrnl/xb/sizeddata.c:55:1: warning: ‘align’ attribute directive ignored [-Wattributes]
   55 | __declspec(align(16)) UCHAR MmGlobalData[32];
      | ^~~~~~~~~~
/work/artifacts/optimization/final-release-repeat-v1/work-nswn8mtq/source/ntoskrnl/xb/sizeddata.c:59:1: warning: ‘align’ attribute directive ignored [-Wattributes]
   59 | __declspec(align(16)) UCHAR ObpObjectHandleTable[48];
      | ^~~~~~~~~~
[713/734] Building C object ntoskrnl/CMakeFiles/ntoskrnl.dir/xb/debugprompt.c.obj
[714/734] Building C object ntoskrnl/CMakeFiles/ntoskrnl.dir/xb/rtlprintf.c.obj
[715/734] Building C object ntoskrnl/CMakeFiles/ntoskrnl.dir/xb/shutdown.c.obj
[716/734] Building C object ntoskrnl/CMakeFiles/ntoskrnl.dir/xb/rtlbyteswap.c.obj
[717/734] Building C object ntoskrnl/CMakeFiles/ntoskrnl.dir/xb/rtlassert.c.obj
[718/734] Building C object ntoskrnl/CMakeFiles/ntoskrnl.dir/xb/exflist.c.obj
[719/734] Building C object ntoskrnl/CMakeFiles/ntoskrnl.dir/xb/object-types.c.obj
[720/734] Building C object ntoskrnl/CMakeFiles/ntoskrnl.dir/xb/scattergather.c.obj
In file included from /work/artifacts/optimization/final-release-repeat-v1/work-nswn8mtq/source/ntoskrnl/xb/scattergather.c:7:
/work/artifacts/optimization/final-release-repeat-v1/work-nswn8mtq/source/ntoskrnl/mm/ARM3/miarm.h: In function ‘MI_WS_OWNER’:
/work/artifacts/optimization/final-release-repeat-v1/work-nswn8mtq/source/ntoskrnl/mm/ARM3/miarm.h:1089:9: warning: implicit declaration of function ‘DPRINT’ [-Wimplicit-function-declaration]
 1089 |         DPRINT("Thread: %p is not an owner\n", PsGetCurrentThread());
      |         ^~~~~~
/work/artifacts/optimization/final-release-repeat-v1/work-nswn8mtq/source/ntoskrnl/mm/ARM3/miarm.h: In function ‘MiDropLockCount’:
/work/artifacts/optimization/final-release-repeat-v1/work-nswn8mtq/source/ntoskrnl/mm/ARM3/miarm.h:1609:13: warning: implicit declaration of function ‘DPRINT1’ [-Wimplicit-function-declaration]
 1609 |             DPRINT1("Not returning commit for prototype PTE\n");
      |             ^~~~~~~
[721/734] Building C object ntoskrnl/CMakeFiles/ntoskrnl.dir/xb/obcreate.c.obj
[722/734] Building C object ntoskrnl/CMakeFiles/ntoskrnl.dir/xb/psstats.c.obj
[723/734] Building C object ntoskrnl/CMakeFiles/ntoskrnl.dir/xb/xbe.c.obj
[724/734] Building C object ntoskrnl/CMakeFiles/ntoskrnl.dir/xb/devnode.c.obj
[725/734] Building C object ntoskrnl/CMakeFiles/ntoskrnl.dir/xb/nxldr-entry.c.obj
[726/734] Building C object ntoskrnl/CMakeFiles/ntoskrnl.dir/xb/mm/pool.c.obj
[727/734] Building C object ntoskrnl/CMakeFiles/ntoskrnl.dir/xb/mm/poolpages.c.obj
[728/734] Building RC object ntoskrnl/CMakeFiles/ntoskrnl.dir/ntoskrnl.rc.res
[729/734] Building C object ntoskrnl/CMakeFiles/ntoskrnl.dir/xb/mm/fault.c.obj
[730/734] Building C object ntoskrnl/CMakeFiles/ntoskrnl.dir/xb-export-roots.c.obj
[731/734] Building C object ntoskrnl/CMakeFiles/ntoskrnl.dir/xb/mm/vm.c.obj
[732/734] Building C object ntoskrnl/CMakeFiles/ntoskrnl.dir/xb/mm/cache.c.obj
[733/734] Linking C executable ntoskrnl/xboxkrnl.exe
/work/artifacts/optimization/final-release-repeat-v1/work-nswn8mtq/build/hal/halx86/pci_vendors.h:4:22: warning: type of ‘VendorTable’ does not match original declaration [-Wlto-type-mismatch]
    4 | extern unsigned char VendorTable[1577983];
      |                      ^
/hal/halx86/legacy/nxkrnl-pci-strings-stub.c:23:36: note: array types have different bounds
/hal/halx86/legacy/nxkrnl-pci-strings-stub.c:23:36: note: ‘VendorTable’ was previously declared here
/work/artifacts/optimization/final-release-repeat-v1/work-nswn8mtq/build/hal/halx86/pci_classes.h:4:22: warning: type of ‘ClassTable’ does not match original declaration [-Wlto-type-mismatch]
    4 | extern unsigned char ClassTable[6645];
      |                      ^
/hal/halx86/legacy/nxkrnl-pci-strings-stub.c:22:36: note: array types have different bounds
/hal/halx86/legacy/nxkrnl-pci-strings-stub.c:22:36: note: ‘ClassTable’ was previously declared here
/ntoskrnl/ke/bug.c: In function ‘KiDoBugCheckCallbacks’:
/ntoskrnl/ke/bug.c:478:13: warning: listing the stack pointer register ‘%esp’ in a clobber list is deprecated [-Wdeprecated]
/ntoskrnl/ke/bug.c:478:13: note: the value of the stack pointer after an ‘asm’ statement must be the same as it was before the statement
/ntoskrnl/ke/bug.c:478:13: warning: listing the stack pointer register ‘%esp’ in a clobber list is deprecated [-Wdeprecated]
/ntoskrnl/ke/bug.c:478:13: note: the value of the stack pointer after an ‘asm’ statement must be the same as it was before the statement
/ntoskrnl/io/iomgr/iocomp.c: In function ‘NtQueryIoCompletion’:
/ntoskrnl/io/iomgr/iocomp.c:428:9: warning: listing the stack pointer register ‘%esp’ in a clobber list is deprecated [-Wdeprecated]
/ntoskrnl/io/iomgr/iocomp.c:428:9: note: the value of the stack pointer after an ‘asm’ statement must be the same as it was before the statement
/ntoskrnl/io/iomgr/iocomp.c:428:9: warning: listing the stack pointer register ‘%esp’ in a clobber list is deprecated [-Wdeprecated]
/ntoskrnl/io/iomgr/iocomp.c:428:9: note: the value of the stack pointer after an ‘asm’ statement must be the same as it was before the statement
/drivers/filesystems/vfatfs/fat.c: In function ‘FAT32GetNextCluster’:
/drivers/filesystems/vfatfs/fat.c:60:5: warning: listing the stack pointer register ‘%esp’ in a clobber list is deprecated [-Wdeprecated]
/drivers/filesystems/vfatfs/fat.c:60:5: note: the value of the stack pointer after an ‘asm’ statement must be the same as it was before the statement
/drivers/filesystems/vfatfs/fat.c:60:5: warning: listing the stack pointer register ‘%esp’ in a clobber list is deprecated [-Wdeprecated]
/drivers/filesystems/vfatfs/fat.c:60:5: note: the value of the stack pointer after an ‘asm’ statement must be the same as it was before the statement
/drivers/filesystems/vfatfs/fat.c: In function ‘FAT16GetNextCluster’:
/drivers/filesystems/vfatfs/fat.c:105:5: warning: listing the stack pointer register ‘%esp’ in a clobber list is deprecated [-Wdeprecated]
/drivers/filesystems/vfatfs/fat.c:105:5: note: the value of the stack pointer after an ‘asm’ statement must be the same as it was before the statement
/drivers/filesystems/vfatfs/fat.c:105:5: warning: listing the stack pointer register ‘%esp’ in a clobber list is deprecated [-Wdeprecated]
/drivers/filesystems/vfatfs/fat.c:105:5: note: the value of the stack pointer after an ‘asm’ statement must be the same as it was before the statement
/ntoskrnl/io/iomgr/irp.c: In function ‘IoBuildAsynchronousFsdRequest’:
/ntoskrnl/io/iomgr/irp.c:852:13: warning: listing the stack pointer register ‘%esp’ in a clobber list is deprecated [-Wdeprecated]
/ntoskrnl/io/iomgr/irp.c:852:13: note: the value of the stack pointer after an ‘asm’ statement must be the same as it was before the statement
/ntoskrnl/io/iomgr/irp.c:852:13: warning: listing the stack pointer register ‘%esp’ in a clobber list is deprecated [-Wdeprecated]
/ntoskrnl/io/iomgr/irp.c:852:13: note: the value of the stack pointer after an ‘asm’ statement must be the same as it was before the statement
/drivers/filesystems/vfatfs/fat.c: In function ‘FAT16CountAvailableClusters’:
/drivers/filesystems/vfatfs/fat.c:483:9: warning: listing the stack pointer register ‘%esp’ in a clobber list is deprecated [-Wdeprecated]
/drivers/filesystems/vfatfs/fat.c:483:9: note: the value of the stack pointer after an ‘asm’ statement must be the same as it was before the statement
/drivers/filesystems/vfatfs/fat.c:483:9: warning: listing the stack pointer register ‘%esp’ in a clobber list is deprecated [-Wdeprecated]
/drivers/filesystems/vfatfs/fat.c:483:9: note: the value of the stack pointer after an ‘asm’ statement must be the same as it was before the statement
/drivers/filesystems/vfatfs/fat.c: In function ‘FAT32CountAvailableClusters’:
/drivers/filesystems/vfatfs/fat.c:538:9: warning: listing the stack pointer register ‘%esp’ in a clobber list is deprecated [-Wdeprecated]
/drivers/filesystems/vfatfs/fat.c:538:9: note: the value of the stack pointer after an ‘asm’ statement must be the same as it was before the statement
/drivers/filesystems/vfatfs/fat.c:538:9: warning: listing the stack pointer register ‘%esp’ in a clobber list is deprecated [-Wdeprecated]
/drivers/filesystems/vfatfs/fat.c:538:9: note: the value of the stack pointer after an ‘asm’ statement must be the same as it was before the statement
/ntoskrnl/io/iomgr/irp.c: In function ‘IoBuildDeviceIoControlRequest’:
/ntoskrnl/io/iomgr/irp.c:1044:17: warning: listing the stack pointer register ‘%esp’ in a clobber list is deprecated [-Wdeprecated]
/ntoskrnl/io/iomgr/irp.c:1044:17: note: the value of the stack pointer after an ‘asm’ statement must be the same as it was before the statement
/ntoskrnl/io/iomgr/irp.c:1044:17: warning: listing the stack pointer register ‘%esp’ in a clobber list is deprecated [-Wdeprecated]
/ntoskrnl/io/iomgr/irp.c:1044:17: note: the value of the stack pointer after an ‘asm’ statement must be the same as it was before the statement
/drivers/filesystems/vfatfs/fat.c: In function ‘FAT16FindAndMarkAvailableCluster’:
/drivers/filesystems/vfatfs/fat.c:219:13: warning: listing the stack pointer register ‘%esp’ in a clobber list is deprecated [-Wdeprecated]
/drivers/filesystems/vfatfs/fat.c:219:13: note: the value of the stack pointer after an ‘asm’ statement must be the same as it was before the statement
/drivers/filesystems/vfatfs/fat.c:219:13: warning: listing the stack pointer register ‘%esp’ in a clobber list is deprecated [-Wdeprecated]
/drivers/filesystems/vfatfs/fat.c:219:13: note: the value of the stack pointer after an ‘asm’ statement must be the same as it was before the statement
/drivers/filesystems/vfatfs/fat.c: In function ‘FAT32FindAndMarkAvailableCluster’:
/drivers/filesystems/vfatfs/fat.c:365:13: warning: listing the stack pointer register ‘%esp’ in a clobber list is deprecated [-Wdeprecated]
/drivers/filesystems/vfatfs/fat.c:365:13: note: the value of the stack pointer after an ‘asm’ statement must be the same as it was before the statement
/drivers/filesystems/vfatfs/fat.c:365:13: warning: listing the stack pointer register ‘%esp’ in a clobber list is deprecated [-Wdeprecated]
/drivers/filesystems/vfatfs/fat.c:365:13: note: the value of the stack pointer after an ‘asm’ statement must be the same as it was before the statement
/drivers/filesystems/vfatfs/fat.c: In function ‘FAT16WriteCluster’:
/drivers/filesystems/vfatfs/fat.c:683:5: warning: listing the stack pointer register ‘%esp’ in a clobber list is deprecated [-Wdeprecated]
/drivers/filesystems/vfatfs/fat.c:683:5: note: the value of the stack pointer after an ‘asm’ statement must be the same as it was before the statement
/drivers/filesystems/vfatfs/fat.c:683:5: warning: listing the stack pointer register ‘%esp’ in a clobber list is deprecated [-Wdeprecated]
/drivers/filesystems/vfatfs/fat.c:683:5: note: the value of the stack pointer after an ‘asm’ statement must be the same as it was before the statement
/drivers/filesystems/vfatfs/fat.c: In function ‘FAT32WriteCluster’:
/drivers/filesystems/vfatfs/fat.c:724:5: warning: listing the stack pointer register ‘%esp’ in a clobber list is deprecated [-Wdeprecated]
/drivers/filesystems/vfatfs/fat.c:724:5: note: the value of the stack pointer after an ‘asm’ statement must be the same as it was before the statement
/drivers/filesystems/vfatfs/fat.c:724:5: warning: listing the stack pointer register ‘%esp’ in a clobber list is deprecated [-Wdeprecated]
/drivers/filesystems/vfatfs/fat.c:724:5: note: the value of the stack pointer after an ‘asm’ statement must be the same as it was before the statement
/ntoskrnl/io/iomgr/file.c: In function ‘IopCreateFile’:
/ntoskrnl/io/iomgr/file.c:3036:17: warning: listing the stack pointer register ‘%esp’ in a clobber list is deprecated [-Wdeprecated]
/ntoskrnl/io/iomgr/file.c:3036:17: note: the value of the stack pointer after an ‘asm’ statement must be the same as it was before the statement
/ntoskrnl/io/iomgr/file.c:3036:17: warning: listing the stack pointer register ‘%esp’ in a clobber list is deprecated [-Wdeprecated]
/ntoskrnl/io/iomgr/file.c:3036:17: note: the value of the stack pointer after an ‘asm’ statement must be the same as it was before the statement
/sdk/lib/rtl/res.c: In function ‘LdrpAccessResource’:
/sdk/lib/rtl/res.c:254:5: warning: listing the stack pointer register ‘%esp’ in a clobber list is deprecated [-Wdeprecated]
/sdk/lib/rtl/res.c:254:5: note: the value of the stack pointer after an ‘asm’ statement must be the same as it was before the statement
/sdk/lib/rtl/res.c:254:5: warning: listing the stack pointer register ‘%esp’ in a clobber list is deprecated [-Wdeprecated]
/sdk/lib/rtl/res.c:254:5: note: the value of the stack pointer after an ‘asm’ statement must be the same as it was before the statement
/sdk/lib/rtl/res.c: In function ‘LdrFindResource_U’:
/sdk/lib/rtl/res.c:290:5: warning: listing the stack pointer register ‘%esp’ in a clobber list is deprecated [-Wdeprecated]
/sdk/lib/rtl/res.c:290:5: note: the value of the stack pointer after an ‘asm’ statement must be the same as it was before the statement
/sdk/lib/rtl/res.c:290:5: warning: listing the stack pointer register ‘%esp’ in a clobber list is deprecated [-Wdeprecated]
/sdk/lib/rtl/res.c:290:5: note: the value of the stack pointer after an ‘asm’ statement must be the same as it was before the statement
/ntoskrnl/io/iomgr/iofunc.c: In function ‘NtQueryDirectoryFile’:
/ntoskrnl/io/iomgr/iofunc.c:2260:9: warning: listing the stack pointer register ‘%esp’ in a clobber list is deprecated [-Wdeprecated]
/ntoskrnl/io/iomgr/iofunc.c:2260:9: note: the value of the stack pointer after an ‘asm’ statement must be the same as it was before the statement
/ntoskrnl/io/iomgr/iofunc.c:2260:9: warning: listing the stack pointer register ‘%esp’ in a clobber list is deprecated [-Wdeprecated]
/ntoskrnl/io/iomgr/iofunc.c:2260:9: note: the value of the stack pointer after an ‘asm’ statement must be the same as it was before the statement
/ntoskrnl/io/iomgr/iofunc.c:2286:9: warning: listing the stack pointer register ‘%esp’ in a clobber list is deprecated [-Wdeprecated]
/ntoskrnl/io/iomgr/iofunc.c:2286:9: note: the value of the stack pointer after an ‘asm’ statement must be the same as it was before the statement
/ntoskrnl/io/iomgr/iofunc.c:2286:9: warning: listing the stack pointer register ‘%esp’ in a clobber list is deprecated [-Wdeprecated]
/ntoskrnl/io/iomgr/iofunc.c:2286:9: note: the value of the stack pointer after an ‘asm’ statement must be the same as it was before the statement
/ntoskrnl/ke/thrdobj.c: In function ‘KeInitThread’:
/ntoskrnl/ke/thrdobj.c:876:5: warning: listing the stack pointer register ‘%esp’ in a clobber list is deprecated [-Wdeprecated]
/ntoskrnl/ke/thrdobj.c:876:5: note: the value of the stack pointer after an ‘asm’ statement must be the same as it was before the statement
/ntoskrnl/ke/thrdobj.c:876:5: warning: listing the stack pointer register ‘%esp’ in a clobber list is deprecated [-Wdeprecated]
/ntoskrnl/ke/thrdobj.c:876:5: note: the value of the stack pointer after an ‘asm’ statement must be the same as it was before the statement
/ntoskrnl/ke/i386/traphdlr.c: In function ‘KiCheckForSListFault’:
/ntoskrnl/ke/i386/traphdlr.c:1381:13: warning: listing the stack pointer register ‘%esp’ in a clobber list is deprecated [-Wdeprecated]
/ntoskrnl/ke/i386/traphdlr.c:1381:13: note: the value of the stack pointer after an ‘asm’ statement must be the same as it was before the statement
/ntoskrnl/ke/i386/traphdlr.c:1381:13: warning: listing the stack pointer register ‘%esp’ in a clobber list is deprecated [-Wdeprecated]
/ntoskrnl/ke/i386/traphdlr.c:1381:13: note: the value of the stack pointer after an ‘asm’ statement must be the same as it was before the statement
/ntoskrnl/io/iomgr/iofunc.c: In function ‘IopDeviceFsIoControl’:
/ntoskrnl/io/iomgr/iofunc.c:571:13: warning: listing the stack pointer register ‘%esp’ in a clobber list is deprecated [-Wdeprecated]
/ntoskrnl/io/iomgr/iofunc.c:571:13: note: the value of the stack pointer after an ‘asm’ statement must be the same as it was before the statement
/ntoskrnl/io/iomgr/iofunc.c:571:13: warning: listing the stack pointer register ‘%esp’ in a clobber list is deprecated [-Wdeprecated]
/ntoskrnl/io/iomgr/iofunc.c:571:13: note: the value of the stack pointer after an ‘asm’ statement must be the same as it was before the statement
/ntoskrnl/io/iomgr/iofunc.c:627:13: warning: listing the stack pointer register ‘%esp’ in a clobber list is deprecated [-Wdeprecated]
/ntoskrnl/io/iomgr/iofunc.c:627:13: note: the value of the stack pointer after an ‘asm’ statement must be the same as it was before the statement
/ntoskrnl/io/iomgr/iofunc.c:627:13: warning: listing the stack pointer register ‘%esp’ in a clobber list is deprecated [-Wdeprecated]
/ntoskrnl/io/iomgr/iofunc.c:627:13: note: the value of the stack pointer after an ‘asm’ statement must be the same as it was before the statement
/ntoskrnl/ke/bug.c: In function ‘KeGetBugMessageText’:
/ntoskrnl/ke/bug.c:425:5: warning: listing the stack pointer register ‘%esp’ in a clobber list is deprecated [-Wdeprecated]
/ntoskrnl/ke/bug.c:425:5: note: the value of the stack pointer after an ‘asm’ statement must be the same as it was before the statement
/ntoskrnl/ke/bug.c:425:5: warning: listing the stack pointer register ‘%esp’ in a clobber list is deprecated [-Wdeprecated]
/ntoskrnl/ke/bug.c:425:5: note: the value of the stack pointer after an ‘asm’ statement must be the same as it was before the statement
/drivers/filesystems/vfatfs/dirwr.c: In function ‘vfatFCBInitializeCacheFromVolume’:
/drivers/filesystems/vfatfs/dirwr.c:84:5: warning: listing the stack pointer register ‘%esp’ in a clobber list is deprecated [-Wdeprecated]
/drivers/filesystems/vfatfs/dirwr.c:84:5: note: the value of the stack pointer after an ‘asm’ statement must be the same as it was before the statement
/drivers/filesystems/vfatfs/dirwr.c:84:5: warning: listing the stack pointer register ‘%esp’ in a clobber list is deprecated [-Wdeprecated]
/drivers/filesystems/vfatfs/dirwr.c:84:5: note: the value of the stack pointer after an ‘asm’ statement must be the same as it was before the statement
/ntoskrnl/io/iomgr/iofunc.c: In function ‘NtReadFile’:
/ntoskrnl/io/iomgr/iofunc.c:3091:13: warning: listing the stack pointer register ‘%esp’ in a clobber list is deprecated [-Wdeprecated]
/ntoskrnl/io/iomgr/iofunc.c:3091:13: note: the value of the stack pointer after an ‘asm’ statement must be the same as it was before the statement
/ntoskrnl/io/iomgr/iofunc.c:3091:13: warning: listing the stack pointer register ‘%esp’ in a clobber list is deprecated [-Wdeprecated]
/ntoskrnl/io/iomgr/iofunc.c:3091:13: note: the value of the stack pointer after an ‘asm’ statement must be the same as it was before the statement
/ntoskrnl/io/iomgr/iofunc.c:3124:13: warning: listing the stack pointer register ‘%esp’ in a clobber list is deprecated [-Wdeprecated]
/ntoskrnl/io/iomgr/iofunc.c:3124:13: note: the value of the stack pointer after an ‘asm’ statement must be the same as it was before the statement
/ntoskrnl/io/iomgr/iofunc.c:3124:13: warning: listing the stack pointer register ‘%esp’ in a clobber list is deprecated [-Wdeprecated]
/ntoskrnl/io/iomgr/iofunc.c:3124:13: note: the value of the stack pointer after an ‘asm’ statement must be the same as it was before the statement
/drivers/filesystems/vfatfs/direntry.c: In function ‘FATXIsDirectoryEmpty’:
/drivers/filesystems/vfatfs/direntry.c:153:13: warning: listing the stack pointer register ‘%esp’ in a clobber list is deprecated [-Wdeprecated]
/drivers/filesystems/vfatfs/direntry.c:153:13: note: the value of the stack pointer after an ‘asm’ statement must be the same as it was before the statement
/drivers/filesystems/vfatfs/direntry.c:153:13: warning: listing the stack pointer register ‘%esp’ in a clobber list is deprecated [-Wdeprecated]
/drivers/filesystems/vfatfs/direntry.c:153:13: note: the value of the stack pointer after an ‘asm’ statement must be the same as it was before the statement
/drivers/filesystems/vfatfs/direntry.c: In function ‘FATXGetNextDirEntry’:
/drivers/filesystems/vfatfs/direntry.c:557:9: warning: listing the stack pointer register ‘%esp’ in a clobber list is deprecated [-Wdeprecated]
/drivers/filesystems/vfatfs/direntry.c:557:9: note: the value of the stack pointer after an ‘asm’ statement must be the same as it was before the statement
/drivers/filesystems/vfatfs/direntry.c:557:9: warning: listing the stack pointer register ‘%esp’ in a clobber list is deprecated [-Wdeprecated]
/drivers/filesystems/vfatfs/direntry.c:557:9: note: the value of the stack pointer after an ‘asm’ statement must be the same as it was before the statement
/drivers/filesystems/vfatfs/direntry.c:600:13: warning: listing the stack pointer register ‘%esp’ in a clobber list is deprecated [-Wdeprecated]
/drivers/filesystems/vfatfs/direntry.c:600:13: note: the value of the stack pointer after an ‘asm’ statement must be the same as it was before the statement
/drivers/filesystems/vfatfs/direntry.c:600:13: warning: listing the stack pointer register ‘%esp’ in a clobber list is deprecated [-Wdeprecated]
/drivers/filesystems/vfatfs/direntry.c:600:13: note: the value of the stack pointer after an ‘asm’ statement must be the same as it was before the statement
/ntoskrnl/io/iomgr/iofunc.c: In function ‘NtWriteFile’:
/ntoskrnl/io/iomgr/iofunc.c:4198:13: warning: listing the stack pointer register ‘%esp’ in a clobber list is deprecated [-Wdeprecated]
/ntoskrnl/io/iomgr/iofunc.c:4198:13: note: the value of the stack pointer after an ‘asm’ statement must be the same as it was before the statement
/ntoskrnl/io/iomgr/iofunc.c:4198:13: warning: listing the stack pointer register ‘%esp’ in a clobber list is deprecated [-Wdeprecated]
/ntoskrnl/io/iomgr/iofunc.c:4198:13: note: the value of the stack pointer after an ‘asm’ statement must be the same as it was before the statement
/ntoskrnl/io/iomgr/iofunc.c:4228:13: warning: listing the stack pointer register ‘%esp’ in a clobber list is deprecated [-Wdeprecated]
/ntoskrnl/io/iomgr/iofunc.c:4228:13: note: the value of the stack pointer after an ‘asm’ statement must be the same as it was before the statement
/ntoskrnl/io/iomgr/iofunc.c:4228:13: warning: listing the stack pointer register ‘%esp’ in a clobber list is deprecated [-Wdeprecated]
/ntoskrnl/io/iomgr/iofunc.c:4228:13: note: the value of the stack pointer after an ‘asm’ statement must be the same as it was before the statement
/drivers/filesystems/vfatfs/dirwr.c: In function ‘FATXDelEntry’:
/drivers/filesystems/vfatfs/dirwr.c:1108:5: warning: listing the stack pointer register ‘%esp’ in a clobber list is deprecated [-Wdeprecated]
/drivers/filesystems/vfatfs/dirwr.c:1108:5: note: the value of the stack pointer after an ‘asm’ statement must be the same as it was before the statement
/drivers/filesystems/vfatfs/dirwr.c:1108:5: warning: listing the stack pointer register ‘%esp’ in a clobber list is deprecated [-Wdeprecated]
/drivers/filesystems/vfatfs/dirwr.c:1108:5: note: the value of the stack pointer after an ‘asm’ statement must be the same as it was before the statement
/drivers/filesystems/vfatfs/dirwr.c: In function ‘VfatUpdateEntry’:
/drivers/filesystems/vfatfs/dirwr.c:160:5: warning: listing the stack pointer register ‘%esp’ in a clobber list is deprecated [-Wdeprecated]
/drivers/filesystems/vfatfs/dirwr.c:160:5: note: the value of the stack pointer after an ‘asm’ statement must be the same as it was before the statement
/drivers/filesystems/vfatfs/dirwr.c:160:5: warning: listing the stack pointer register ‘%esp’ in a clobber list is deprecated [-Wdeprecated]
/drivers/filesystems/vfatfs/dirwr.c:160:5: note: the value of the stack pointer after an ‘asm’ statement must be the same as it was before the statement
/ntoskrnl/ke/except.c: In function ‘KiContinue’:
/ntoskrnl/ke/except.c:74:5: warning: listing the stack pointer register ‘%esp’ in a clobber list is deprecated [-Wdeprecated]
/ntoskrnl/ke/except.c:74:5: note: the value of the stack pointer after an ‘asm’ statement must be the same as it was before the statement
/ntoskrnl/ke/except.c:74:5: warning: listing the stack pointer register ‘%esp’ in a clobber list is deprecated [-Wdeprecated]
/ntoskrnl/ke/except.c:74:5: note: the value of the stack pointer after an ‘asm’ statement must be the same as it was before the statement
/drivers/filesystems/vfatfs/dirwr.c: In function ‘vfatFindDirSpace’:
/drivers/filesystems/vfatfs/dirwr.c:300:13: warning: listing the stack pointer register ‘%esp’ in a clobber list is deprecated [-Wdeprecated]
/drivers/filesystems/vfatfs/dirwr.c:300:13: note: the value of the stack pointer after an ‘asm’ statement must be the same as it was before the statement
/drivers/filesystems/vfatfs/dirwr.c:300:13: warning: listing the stack pointer register ‘%esp’ in a clobber list is deprecated [-Wdeprecated]
/drivers/filesystems/vfatfs/dirwr.c:300:13: note: the value of the stack pointer after an ‘asm’ statement must be the same as it was before the statement
/drivers/filesystems/vfatfs/dirwr.c:371:21: warning: listing the stack pointer register ‘%esp’ in a clobber list is deprecated [-Wdeprecated]
/drivers/filesystems/vfatfs/dirwr.c:371:21: note: the value of the stack pointer after an ‘asm’ statement must be the same as it was before the statement
/drivers/filesystems/vfatfs/dirwr.c:371:21: warning: listing the stack pointer register ‘%esp’ in a clobber list is deprecated [-Wdeprecated]
/drivers/filesystems/vfatfs/dirwr.c:371:21: note: the value of the stack pointer after an ‘asm’ statement must be the same as it was before the statement
/drivers/filesystems/vfatfs/dirwr.c:393:13: warning: listing the stack pointer register ‘%esp’ in a clobber list is deprecated [-Wdeprecated]
/drivers/filesystems/vfatfs/dirwr.c:393:13: note: the value of the stack pointer after an ‘asm’ statement must be the same as it was before the statement
/drivers/filesystems/vfatfs/dirwr.c:393:13: warning: listing the stack pointer register ‘%esp’ in a clobber list is deprecated [-Wdeprecated]
/drivers/filesystems/vfatfs/dirwr.c:393:13: note: the value of the stack pointer after an ‘asm’ statement must be the same as it was before the statement
/ntoskrnl/io/iomgr/iocomp.c: In function ‘NtCreateIoCompletion’:
/ntoskrnl/io/iomgr/iocomp.c:311:13: warning: listing the stack pointer register ‘%esp’ in a clobber list is deprecated [-Wdeprecated]
/ntoskrnl/io/iomgr/iocomp.c:311:13: note: the value of the stack pointer after an ‘asm’ statement must be the same as it was before the statement
/ntoskrnl/io/iomgr/iocomp.c:311:13: warning: listing the stack pointer register ‘%esp’ in a clobber list is deprecated [-Wdeprecated]
/ntoskrnl/io/iomgr/iocomp.c:311:13: note: the value of the stack pointer after an ‘asm’ statement must be the same as it was before the statement
/ntoskrnl/io/iomgr/iocomp.c: In function ‘NtRemoveIoCompletion’:
/ntoskrnl/io/iomgr/iocomp.c:551:13: warning: listing the stack pointer register ‘%esp’ in a clobber list is deprecated [-Wdeprecated]
/ntoskrnl/io/iomgr/iocomp.c:551:13: note: the value of the stack pointer after an ‘asm’ statement must be the same as it was before the statement
/ntoskrnl/io/iomgr/iocomp.c:551:13: warning: listing the stack pointer register ‘%esp’ in a clobber list is deprecated [-Wdeprecated]
/ntoskrnl/io/iomgr/iocomp.c:551:13: note: the value of the stack pointer after an ‘asm’ statement must be the same as it was before the statement
/ntoskrnl/io/iomgr/rawfs.c: In function ‘RawMountVolume’:
/ntoskrnl/io/iomgr/rawfs.c:438:5: warning: listing the stack pointer register ‘%esp’ in a clobber list is deprecated [-Wdeprecated]
/ntoskrnl/io/iomgr/rawfs.c:438:5: note: the value of the stack pointer after an ‘asm’ statement must be the same as it was before the statement
/ntoskrnl/io/iomgr/rawfs.c:438:5: warning: listing the stack pointer register ‘%esp’ in a clobber list is deprecated [-Wdeprecated]
/ntoskrnl/io/iomgr/rawfs.c:438:5: note: the value of the stack pointer after an ‘asm’ statement must be the same as it was before the statement
/drivers/filesystems/vfatfs/rw.c: In function ‘VfatCommonRead’:
/drivers/filesystems/vfatfs/rw.c:617:9: warning: listing the stack pointer register ‘%esp’ in a clobber list is deprecated [-Wdeprecated]
/drivers/filesystems/vfatfs/rw.c:617:9: note: the value of the stack pointer after an ‘asm’ statement must be the same as it was before the statement
/drivers/filesystems/vfatfs/rw.c:617:9: warning: listing the stack pointer register ‘%esp’ in a clobber list is deprecated [-Wdeprecated]
/drivers/filesystems/vfatfs/rw.c:617:9: note: the value of the stack pointer after an ‘asm’ statement must be the same as it was before the statement
/ntoskrnl/io/iomgr/iofunc.c: In function ‘IopFinalizeAsynchronousIo’:
/ntoskrnl/io/iomgr/iofunc.c:105:5: warning: listing the stack pointer register ‘%esp’ in a clobber list is deprecated [-Wdeprecated]
/ntoskrnl/io/iomgr/iofunc.c:105:5: note: the value of the stack pointer after an ‘asm’ statement must be the same as it was before the statement
/ntoskrnl/io/iomgr/iofunc.c:105:5: warning: listing the stack pointer register ‘%esp’ in a clobber list is deprecated [-Wdeprecated]
/ntoskrnl/io/iomgr/iofunc.c:105:5: note: the value of the stack pointer after an ‘asm’ statement must be the same as it was before the statement
/ntoskrnl/io/iomgr/iofunc.c: In function ‘NtQueryVolumeInformationFile’:
/ntoskrnl/io/iomgr/iofunc.c:4538:5: warning: listing the stack pointer register ‘%esp’ in a clobber list is deprecated [-Wdeprecated]
/ntoskrnl/io/iomgr/iofunc.c:4538:5: note: the value of the stack pointer after an ‘asm’ statement must be the same as it was before the statement
/ntoskrnl/io/iomgr/iofunc.c:4538:5: warning: listing the stack pointer register ‘%esp’ in a clobber list is deprecated [-Wdeprecated]
/ntoskrnl/io/iomgr/iofunc.c:4538:5: note: the value of the stack pointer after an ‘asm’ statement must be the same as it was before the statement
/drivers/filesystems/vfatfs/rw.c: In function ‘VfatWrite’:
/drivers/filesystems/vfatfs/rw.c:1133:9: warning: listing the stack pointer register ‘%esp’ in a clobber list is deprecated [-Wdeprecated]
/drivers/filesystems/vfatfs/rw.c:1133:9: note: the value of the stack pointer after an ‘asm’ statement must be the same as it was before the statement
/drivers/filesystems/vfatfs/rw.c:1133:9: warning: listing the stack pointer register ‘%esp’ in a clobber list is deprecated [-Wdeprecated]
/drivers/filesystems/vfatfs/rw.c:1133:9: note: the value of the stack pointer after an ‘asm’ statement must be the same as it was before the statement
/ntoskrnl/io/iomgr/iofunc.c: In function ‘NtQueryInformationFile’:
/ntoskrnl/io/iomgr/iofunc.c:2611:5: warning: listing the stack pointer register ‘%esp’ in a clobber list is deprecated [-Wdeprecated]
/ntoskrnl/io/iomgr/iofunc.c:2611:5: note: the value of the stack pointer after an ‘asm’ statement must be the same as it was before the statement
/ntoskrnl/io/iomgr/iofunc.c:2611:5: warning: listing the stack pointer register ‘%esp’ in a clobber list is deprecated [-Wdeprecated]
/ntoskrnl/io/iomgr/iofunc.c:2611:5: note: the value of the stack pointer after an ‘asm’ statement must be the same as it was before the statement
/ntoskrnl/io/iomgr/iofunc.c: In function ‘NtSetInformationFile’:
/ntoskrnl/io/iomgr/iofunc.c:3407:5: warning: listing the stack pointer register ‘%esp’ in a clobber list is deprecated [-Wdeprecated]
/ntoskrnl/io/iomgr/iofunc.c:3407:5: note: the value of the stack pointer after an ‘asm’ statement must be the same as it was before the statement
/ntoskrnl/io/iomgr/iofunc.c:3407:5: warning: listing the stack pointer register ‘%esp’ in a clobber list is deprecated [-Wdeprecated]
/ntoskrnl/io/iomgr/iofunc.c:3407:5: note: the value of the stack pointer after an ‘asm’ statement must be the same as it was before the statement
/drivers/filesystems/vfatfs/dirwr.c: In function ‘vfatRenameEntry’:
/drivers/filesystems/vfatfs/dirwr.c:211:9: warning: listing the stack pointer register ‘%esp’ in a clobber list is deprecated [-Wdeprecated]
/drivers/filesystems/vfatfs/dirwr.c:211:9: note: the value of the stack pointer after an ‘asm’ statement must be the same as it was before the statement
/drivers/filesystems/vfatfs/dirwr.c:211:9: warning: listing the stack pointer register ‘%esp’ in a clobber list is deprecated [-Wdeprecated]
/drivers/filesystems/vfatfs/dirwr.c:211:9: note: the value of the stack pointer after an ‘asm’ statement must be the same as it was before the statement
/drivers/filesystems/vfatfs/dirwr.c: In function ‘FATXAddEntry’:
/drivers/filesystems/vfatfs/dirwr.c:951:5: warning: listing the stack pointer register ‘%esp’ in a clobber list is deprecated [-Wdeprecated]
/drivers/filesystems/vfatfs/dirwr.c:951:5: note: the value of the stack pointer after an ‘asm’ statement must be the same as it was before the statement
/drivers/filesystems/vfatfs/dirwr.c:951:5: warning: listing the stack pointer register ‘%esp’ in a clobber list is deprecated [-Wdeprecated]
/drivers/filesystems/vfatfs/dirwr.c:951:5: note: the value of the stack pointer after an ‘asm’ statement must be the same as it was before the statement
In function ‘KiSwitchToBootStack’,
    inlined from ‘KiSystemStartup’ at /ntoskrnl/ke/i386/kiinit.c:933:5:
/ntoskrnl/include/internal/i386/ke.h:927:5: warning: listing the stack pointer register ‘%esp’ in a clobber list is deprecated [-Wdeprecated]
/ntoskrnl/include/internal/i386/ke.h:927:5: note: the value of the stack pointer after an ‘asm’ statement must be the same as it was before the statement
/drivers/filesystems/vfatfs/fsctl.c: In function ‘ReadVolumeLabel’:
/drivers/filesystems/vfatfs/fsctl.c:407:9: warning: listing the stack pointer register ‘%esp’ in a clobber list is deprecated [-Wdeprecated]
/drivers/filesystems/vfatfs/fsctl.c:407:9: note: the value of the stack pointer after an ‘asm’ statement must be the same as it was before the statement
/drivers/filesystems/vfatfs/fsctl.c:407:9: warning: listing the stack pointer register ‘%esp’ in a clobber list is deprecated [-Wdeprecated]
/drivers/filesystems/vfatfs/fsctl.c:407:9: note: the value of the stack pointer after an ‘asm’ statement must be the same as it was before the statement
/drivers/filesystems/vfatfs/fsctl.c:477:21: warning: listing the stack pointer register ‘%esp’ in a clobber list is deprecated [-Wdeprecated]
/drivers/filesystems/vfatfs/fsctl.c:477:21: note: the value of the stack pointer after an ‘asm’ statement must be the same as it was before the statement
/drivers/filesystems/vfatfs/fsctl.c:477:21: warning: listing the stack pointer register ‘%esp’ in a clobber list is deprecated [-Wdeprecated]
/drivers/filesystems/vfatfs/fsctl.c:477:21: note: the value of the stack pointer after an ‘asm’ statement must be the same as it was before the statement
/drivers/filesystems/vfatfs/fsctl.c: In function ‘VfatMount’:
/drivers/filesystems/vfatfs/fsctl.c:764:5: warning: listing the stack pointer register ‘%esp’ in a clobber list is deprecated [-Wdeprecated]
/drivers/filesystems/vfatfs/fsctl.c:764:5: note: the value of the stack pointer after an ‘asm’ statement must be the same as it was before the statement
/drivers/filesystems/vfatfs/fsctl.c:764:5: warning: listing the stack pointer register ‘%esp’ in a clobber list is deprecated [-Wdeprecated]
/drivers/filesystems/vfatfs/fsctl.c:764:5: note: the value of the stack pointer after an ‘asm’ statement must be the same as it was before the statement
/ntoskrnl/ex/event.c: In function ‘NtCreateEvent’:
/ntoskrnl/ex/event.c:173:5: warning: listing the stack pointer register ‘%esp’ in a clobber list is deprecated [-Wdeprecated]
/ntoskrnl/ex/event.c:173:5: note: the value of the stack pointer after an ‘asm’ statement must be the same as it was before the statement
/ntoskrnl/ex/event.c:173:5: warning: listing the stack pointer register ‘%esp’ in a clobber list is deprecated [-Wdeprecated]
/ntoskrnl/ex/event.c:173:5: note: the value of the stack pointer after an ‘asm’ statement must be the same as it was before the statement
/ntoskrnl/ex/event.c: In function ‘NtQueryEvent’:
/ntoskrnl/ex/event.c:374:9: warning: listing the stack pointer register ‘%esp’ in a clobber list is deprecated [-Wdeprecated]
/ntoskrnl/ex/event.c:374:9: note: the value of the stack pointer after an ‘asm’ statement must be the same as it was before the statement
/ntoskrnl/ex/event.c:374:9: warning: listing the stack pointer register ‘%esp’ in a clobber list is deprecated [-Wdeprecated]
/ntoskrnl/ex/event.c:374:9: note: the value of the stack pointer after an ‘asm’ statement must be the same as it was before the statement
/ntoskrnl/ob/obdir.c: In function ‘NtOpenDirectoryObject’:
/ntoskrnl/ob/obdir.c:433:9: warning: listing the stack pointer register ‘%esp’ in a clobber list is deprecated [-Wdeprecated]
/ntoskrnl/ob/obdir.c:433:9: note: the value of the stack pointer after an ‘asm’ statement must be the same as it was before the statement
/ntoskrnl/ob/obdir.c:433:9: warning: listing the stack pointer register ‘%esp’ in a clobber list is deprecated [-Wdeprecated]
/ntoskrnl/ob/obdir.c:433:9: note: the value of the stack pointer after an ‘asm’ statement must be the same as it was before the statement
/ntoskrnl/ex/mutant.c: In function ‘NtQueryMutant’:
/ntoskrnl/ex/mutant.c:277:9: warning: listing the stack pointer register ‘%esp’ in a clobber list is deprecated [-Wdeprecated]
/ntoskrnl/ex/mutant.c:277:9: note: the value of the stack pointer after an ‘asm’ statement must be the same as it was before the statement
/ntoskrnl/ex/mutant.c:277:9: warning: listing the stack pointer register ‘%esp’ in a clobber list is deprecated [-Wdeprecated]
/ntoskrnl/ex/mutant.c:277:9: note: the value of the stack pointer after an ‘asm’ statement must be the same as it was before the statement
/ntoskrnl/ob/oblink.c: In function ‘NtOpenSymbolicLinkObject’:
/ntoskrnl/ob/oblink.c:880:5: warning: listing the stack pointer register ‘%esp’ in a clobber list is deprecated [-Wdeprecated]
/ntoskrnl/ob/oblink.c:880:5: note: the value of the stack pointer after an ‘asm’ statement must be the same as it was before the statement
/ntoskrnl/ob/oblink.c:880:5: warning: listing the stack pointer register ‘%esp’ in a clobber list is deprecated [-Wdeprecated]
/ntoskrnl/ob/oblink.c:880:5: note: the value of the stack pointer after an ‘asm’ statement must be the same as it was before the statement
/drivers/filesystems/vfatfs/misc.c: In function ‘VfatLockUserBuffer’:
/drivers/filesystems/vfatfs/misc.c:495:5: warning: listing the stack pointer register ‘%esp’ in a clobber list is deprecated [-Wdeprecated]
/drivers/filesystems/vfatfs/misc.c:495:5: note: the value of the stack pointer after an ‘asm’ statement must be the same as it was before the statement
/drivers/filesystems/vfatfs/misc.c:495:5: warning: listing the stack pointer register ‘%esp’ in a clobber list is deprecated [-Wdeprecated]
/drivers/filesystems/vfatfs/misc.c:495:5: note: the value of the stack pointer after an ‘asm’ statement must be the same as it was before the statement
/ntoskrnl/ob/obname.c: In function ‘ObQueryNameString’:
/ntoskrnl/ob/obname.c:1265:9: warning: listing the stack pointer register ‘%esp’ in a clobber list is deprecated [-Wdeprecated]
/ntoskrnl/ob/obname.c:1265:9: note: the value of the stack pointer after an ‘asm’ statement must be the same as it was before the statement
/ntoskrnl/ob/obname.c:1265:9: warning: listing the stack pointer register ‘%esp’ in a clobber list is deprecated [-Wdeprecated]
/ntoskrnl/ob/obname.c:1265:9: note: the value of the stack pointer after an ‘asm’ statement must be the same as it was before the statement
/ntoskrnl/ob/obname.c:1296:9: warning: listing the stack pointer register ‘%esp’ in a clobber list is deprecated [-Wdeprecated]
/ntoskrnl/ob/obname.c:1296:9: note: the value of the stack pointer after an ‘asm’ statement must be the same as it was before the statement
/ntoskrnl/ob/obname.c:1296:9: warning: listing the stack pointer register ‘%esp’ in a clobber list is deprecated [-Wdeprecated]
/ntoskrnl/ob/obname.c:1296:9: note: the value of the stack pointer after an ‘asm’ statement must be the same as it was before the statement
/ntoskrnl/ob/obname.c:1432:5: warning: listing the stack pointer register ‘%esp’ in a clobber list is deprecated [-Wdeprecated]
/ntoskrnl/ob/obname.c:1432:5: note: the value of the stack pointer after an ‘asm’ statement must be the same as it was before the statement
/ntoskrnl/ob/obname.c:1432:5: warning: listing the stack pointer register ‘%esp’ in a clobber list is deprecated [-Wdeprecated]
/ntoskrnl/ob/obname.c:1432:5: note: the value of the stack pointer after an ‘asm’ statement must be the same as it was before the statement
/ntoskrnl/ex/sem.c: In function ‘NtQuerySemaphore’:
/ntoskrnl/ex/sem.c:282:9: warning: listing the stack pointer register ‘%esp’ in a clobber list is deprecated [-Wdeprecated]
/ntoskrnl/ex/sem.c:282:9: note: the value of the stack pointer after an ‘asm’ statement must be the same as it was before the statement
/ntoskrnl/ex/sem.c:282:9: warning: listing the stack pointer register ‘%esp’ in a clobber list is deprecated [-Wdeprecated]
/ntoskrnl/ex/sem.c:282:9: note: the value of the stack pointer after an ‘asm’ statement must be the same as it was before the statement
/ntoskrnl/ex/timer.c: In function ‘NtQueryTimer’:
/ntoskrnl/ex/timer.c:566:9: warning: listing the stack pointer register ‘%esp’ in a clobber list is deprecated [-Wdeprecated]
/ntoskrnl/ex/timer.c:566:9: note: the value of the stack pointer after an ‘asm’ statement must be the same as it was before the statement
/ntoskrnl/ex/timer.c:566:9: warning: listing the stack pointer register ‘%esp’ in a clobber list is deprecated [-Wdeprecated]
/ntoskrnl/ex/timer.c:566:9: note: the value of the stack pointer after an ‘asm’ statement must be the same as it was before the statement
/ntoskrnl/ex/event.c: In function ‘NtPulseEvent’:
/ntoskrnl/ex/event.c:303:13: warning: listing the stack pointer register ‘%esp’ in a clobber list is deprecated [-Wdeprecated]
/ntoskrnl/ex/event.c:303:13: note: the value of the stack pointer after an ‘asm’ statement must be the same as it was before the statement
/ntoskrnl/ex/event.c:303:13: warning: listing the stack pointer register ‘%esp’ in a clobber list is deprecated [-Wdeprecated]
/ntoskrnl/ex/event.c:303:13: note: the value of the stack pointer after an ‘asm’ statement must be the same as it was before the statement
/ntoskrnl/ex/event.c: In function ‘NtSetEvent’:
/ntoskrnl/ex/event.c:518:13: warning: listing the stack pointer register ‘%esp’ in a clobber list is deprecated [-Wdeprecated]
/ntoskrnl/ex/event.c:518:13: note: the value of the stack pointer after an ‘asm’ statement must be the same as it was before the statement
/ntoskrnl/ex/event.c:518:13: warning: listing the stack pointer register ‘%esp’ in a clobber list is deprecated [-Wdeprecated]
/ntoskrnl/ex/event.c:518:13: note: the value of the stack pointer after an ‘asm’ statement must be the same as it was before the statement
/ntoskrnl/ob/oblink.c: In function ‘NtQuerySymbolicLinkObject’:
/ntoskrnl/ob/oblink.c:1005:9: warning: listing the stack pointer register ‘%esp’ in a clobber list is deprecated [-Wdeprecated]
/ntoskrnl/ob/oblink.c:1005:9: note: the value of the stack pointer after an ‘asm’ statement must be the same as it was before the statement
/ntoskrnl/ob/oblink.c:1005:9: warning: listing the stack pointer register ‘%esp’ in a clobber list is deprecated [-Wdeprecated]
/ntoskrnl/ob/oblink.c:1005:9: note: the value of the stack pointer after an ‘asm’ statement must be the same as it was before the statement
/ntoskrnl/rtl/libsupp.c: In function ‘RtlWalkFrameChain’:
/ntoskrnl/rtl/libsupp.c:508:5: warning: listing the stack pointer register ‘%esp’ in a clobber list is deprecated [-Wdeprecated]
/ntoskrnl/rtl/libsupp.c:508:5: note: the value of the stack pointer after an ‘asm’ statement must be the same as it was before the statement
/ntoskrnl/rtl/libsupp.c:508:5: warning: listing the stack pointer register ‘%esp’ in a clobber list is deprecated [-Wdeprecated]
/ntoskrnl/rtl/libsupp.c:508:5: note: the value of the stack pointer after an ‘asm’ statement must be the same as it was before the statement
/ntoskrnl/rtl/libsupp.c: In function ‘RtlImageNtHeaderEx’:
/ntoskrnl/rtl/libsupp.c:742:5: warning: listing the stack pointer register ‘%esp’ in a clobber list is deprecated [-Wdeprecated]
/ntoskrnl/rtl/libsupp.c:742:5: note: the value of the stack pointer after an ‘asm’ statement must be the same as it was before the statement
/ntoskrnl/rtl/libsupp.c:742:5: warning: listing the stack pointer register ‘%esp’ in a clobber list is deprecated [-Wdeprecated]
/ntoskrnl/rtl/libsupp.c:742:5: note: the value of the stack pointer after an ‘asm’ statement must be the same as it was before the statement
/ntoskrnl/xb/shutdown.c: In function ‘NxDrainShutdownNotifications’:
/ntoskrnl/xb/shutdown.c:88:15: warning: listing the stack pointer register ‘%esp’ in a clobber list is deprecated [-Wdeprecated]
/ntoskrnl/xb/shutdown.c:88:15: note: the value of the stack pointer after an ‘asm’ statement must be the same as it was before the statement
/ntoskrnl/xb/shutdown.c:88:15: warning: listing the stack pointer register ‘%esp’ in a clobber list is deprecated [-Wdeprecated]
/ntoskrnl/xb/shutdown.c:88:15: note: the value of the stack pointer after an ‘asm’ statement must be the same as it was before the statement
/ntoskrnl/xb/shutdown.c:93:11: warning: listing the stack pointer register ‘%esp’ in a clobber list is deprecated [-Wdeprecated]
/ntoskrnl/xb/shutdown.c:93:11: note: the value of the stack pointer after an ‘asm’ statement must be the same as it was before the statement
/ntoskrnl/xb/shutdown.c:93:11: warning: listing the stack pointer register ‘%esp’ in a clobber list is deprecated [-Wdeprecated]
/ntoskrnl/xb/shutdown.c:93:11: note: the value of the stack pointer after an ‘asm’ statement must be the same as it was before the statement
/ntoskrnl/xb/shutdown.c: In function ‘NxkShutdownNotifications’:
/ntoskrnl/xb/shutdown.c:107:7: warning: listing the stack pointer register ‘%esp’ in a clobber list is deprecated [-Wdeprecated]
/ntoskrnl/xb/shutdown.c:107:7: note: the value of the stack pointer after an ‘asm’ statement must be the same as it was before the statement
/ntoskrnl/xb/shutdown.c:107:7: warning: listing the stack pointer register ‘%esp’ in a clobber list is deprecated [-Wdeprecated]
/ntoskrnl/xb/shutdown.c:107:7: note: the value of the stack pointer after an ‘asm’ statement must be the same as it was before the statement
/drivers/storage/class/classpnp/utils.c: In function ‘ClasspBuildDeviceMdl’:
/drivers/storage/class/classpnp/utils.c:622:11: warning: listing the stack pointer register ‘%esp’ in a clobber list is deprecated [-Wdeprecated]
/drivers/storage/class/classpnp/utils.c:622:11: note: the value of the stack pointer after an ‘asm’ statement must be the same as it was before the statement
/drivers/storage/class/classpnp/utils.c:622:11: warning: listing the stack pointer register ‘%esp’ in a clobber list is deprecated [-Wdeprecated]
/drivers/storage/class/classpnp/utils.c:622:11: note: the value of the stack pointer after an ‘asm’ statement must be the same as it was before the statement
/ntoskrnl/ob/obdir.c: In function ‘NtCreateDirectoryObject’:
/ntoskrnl/ob/obdir.c:836:5: warning: listing the stack pointer register ‘%esp’ in a clobber list is deprecated [-Wdeprecated]
/ntoskrnl/ob/obdir.c:836:5: note: the value of the stack pointer after an ‘asm’ statement must be the same as it was before the statement
/ntoskrnl/ob/obdir.c:836:5: warning: listing the stack pointer register ‘%esp’ in a clobber list is deprecated [-Wdeprecated]
/ntoskrnl/ob/obdir.c:836:5: note: the value of the stack pointer after an ‘asm’ statement must be the same as it was before the statement
/ntoskrnl/ob/oblink.c: In function ‘NtCreateSymbolicLinkObject’:
/ntoskrnl/ob/oblink.c:780:9: warning: listing the stack pointer register ‘%esp’ in a clobber list is deprecated [-Wdeprecated]
/ntoskrnl/ob/oblink.c:780:9: note: the value of the stack pointer after an ‘asm’ statement must be the same as it was before the statement
/ntoskrnl/ob/oblink.c:780:9: warning: listing the stack pointer register ‘%esp’ in a clobber list is deprecated [-Wdeprecated]
/ntoskrnl/ob/oblink.c:780:9: note: the value of the stack pointer after an ‘asm’ statement must be the same as it was before the statement
/ntoskrnl/ob/oblink.c:806:13: warning: listing the stack pointer register ‘%esp’ in a clobber list is deprecated [-Wdeprecated]
/ntoskrnl/ob/oblink.c:806:13: note: the value of the stack pointer after an ‘asm’ statement must be the same as it was before the statement
/ntoskrnl/ob/oblink.c:806:13: warning: listing the stack pointer register ‘%esp’ in a clobber list is deprecated [-Wdeprecated]
/ntoskrnl/ob/oblink.c:806:13: note: the value of the stack pointer after an ‘asm’ statement must be the same as it was before the statement
/ntoskrnl/ob/obwait.c: In function ‘NtWaitForSingleObject’:
/ntoskrnl/ob/obwait.c:433:9: warning: listing the stack pointer register ‘%esp’ in a clobber list is deprecated [-Wdeprecated]
/ntoskrnl/ob/obwait.c:433:9: note: the value of the stack pointer after an ‘asm’ statement must be the same as it was before the statement
/ntoskrnl/ob/obwait.c:433:9: warning: listing the stack pointer register ‘%esp’ in a clobber list is deprecated [-Wdeprecated]
/ntoskrnl/ob/obwait.c:433:9: note: the value of the stack pointer after an ‘asm’ statement must be the same as it was before the statement
/ntoskrnl/ob/obwait.c: In function ‘NxkSignalAndWaitForSingleObjectMode’:
/ntoskrnl/ob/obwait.c:623:9: warning: listing the stack pointer register ‘%esp’ in a clobber list is deprecated [-Wdeprecated]
/ntoskrnl/ob/obwait.c:623:9: note: the value of the stack pointer after an ‘asm’ statement must be the same as it was before the statement
/ntoskrnl/ob/obwait.c:623:9: warning: listing the stack pointer register ‘%esp’ in a clobber list is deprecated [-Wdeprecated]
/ntoskrnl/ob/obwait.c:623:9: note: the value of the stack pointer after an ‘asm’ statement must be the same as it was before the statement
/ntoskrnl/ob/obwait.c:639:9: warning: listing the stack pointer register ‘%esp’ in a clobber list is deprecated [-Wdeprecated]
/ntoskrnl/ob/obwait.c:639:9: note: the value of the stack pointer after an ‘asm’ statement must be the same as it was before the statement
/ntoskrnl/ob/obwait.c:639:9: warning: listing the stack pointer register ‘%esp’ in a clobber list is deprecated [-Wdeprecated]
/ntoskrnl/ob/obwait.c:639:9: note: the value of the stack pointer after an ‘asm’ statement must be the same as it was before the statement
/ntoskrnl/ps/thread.c: In function ‘PspSystemThreadStartup’:
/ntoskrnl/ps/thread.c:176:5: warning: listing the stack pointer register ‘%esp’ in a clobber list is deprecated [-Wdeprecated]
/ntoskrnl/ps/thread.c:176:5: note: the value of the stack pointer after an ‘asm’ statement must be the same as it was before the statement
/ntoskrnl/ps/thread.c:176:5: warning: listing the stack pointer register ‘%esp’ in a clobber list is deprecated [-Wdeprecated]
/ntoskrnl/ps/thread.c:176:5: note: the value of the stack pointer after an ‘asm’ statement must be the same as it was before the statement
/ntoskrnl/ps/state.c: In function ‘PsSuspendThread’:
/ntoskrnl/ps/state.c:68:9: warning: listing the stack pointer register ‘%esp’ in a clobber list is deprecated [-Wdeprecated]
/ntoskrnl/ps/state.c:68:9: note: the value of the stack pointer after an ‘asm’ statement must be the same as it was before the statement
/ntoskrnl/ps/state.c:68:9: warning: listing the stack pointer register ‘%esp’ in a clobber list is deprecated [-Wdeprecated]
/ntoskrnl/ps/state.c:68:9: note: the value of the stack pointer after an ‘asm’ statement must be the same as it was before the statement
/ntoskrnl/ps/state.c:94:17: warning: listing the stack pointer register ‘%esp’ in a clobber list is deprecated [-Wdeprecated]
/ntoskrnl/ps/state.c:94:17: note: the value of the stack pointer after an ‘asm’ statement must be the same as it was before the statement
/ntoskrnl/ps/state.c:94:17: warning: listing the stack pointer register ‘%esp’ in a clobber list is deprecated [-Wdeprecated]
/ntoskrnl/ps/state.c:94:17: note: the value of the stack pointer after an ‘asm’ statement must be the same as it was before the statement
/ntoskrnl/ex/sem.c: In function ‘NtReleaseSemaphore’:
/ntoskrnl/ex/sem.c:358:9: warning: listing the stack pointer register ‘%esp’ in a clobber list is deprecated [-Wdeprecated]
/ntoskrnl/ex/sem.c:358:9: note: the value of the stack pointer after an ‘asm’ statement must be the same as it was before the statement
/ntoskrnl/ex/sem.c:358:9: warning: listing the stack pointer register ‘%esp’ in a clobber list is deprecated [-Wdeprecated]
/ntoskrnl/ex/sem.c:358:9: note: the value of the stack pointer after an ‘asm’ statement must be the same as it was before the statement
/ntoskrnl/ex/time.c: In function ‘NtSetSystemTime’:
/ntoskrnl/ex/time.c:535:9: warning: listing the stack pointer register ‘%esp’ in a clobber list is deprecated [-Wdeprecated]
/ntoskrnl/ex/time.c:535:9: note: the value of the stack pointer after an ‘asm’ statement must be the same as it was before the statement
/ntoskrnl/ex/time.c:535:9: warning: listing the stack pointer register ‘%esp’ in a clobber list is deprecated [-Wdeprecated]
/ntoskrnl/ex/time.c:535:9: note: the value of the stack pointer after an ‘asm’ statement must be the same as it was before the statement
/ntoskrnl/ex/timer.c: In function ‘NtCancelTimer’:
/ntoskrnl/ex/timer.c:357:13: warning: listing the stack pointer register ‘%esp’ in a clobber list is deprecated [-Wdeprecated]
/ntoskrnl/ex/timer.c:357:13: note: the value of the stack pointer after an ‘asm’ statement must be the same as it was before the statement
/ntoskrnl/ex/timer.c:357:13: warning: listing the stack pointer register ‘%esp’ in a clobber list is deprecated [-Wdeprecated]
/ntoskrnl/ex/timer.c:357:13: note: the value of the stack pointer after an ‘asm’ statement must be the same as it was before the statement
/ntoskrnl/ex/timer.c: In function ‘NtCreateTimer’:
/ntoskrnl/ex/timer.c:448:13: warning: listing the stack pointer register ‘%esp’ in a clobber list is deprecated [-Wdeprecated]
/ntoskrnl/ex/timer.c:448:13: note: the value of the stack pointer after an ‘asm’ statement must be the same as it was before the statement
/ntoskrnl/ex/timer.c:448:13: warning: listing the stack pointer register ‘%esp’ in a clobber list is deprecated [-Wdeprecated]
/ntoskrnl/ex/timer.c:448:13: note: the value of the stack pointer after an ‘asm’ statement must be the same as it was before the statement
/ntoskrnl/ex/timer.c: In function ‘NtSetTimer’:
/ntoskrnl/ex/timer.c:749:13: warning: listing the stack pointer register ‘%esp’ in a clobber list is deprecated [-Wdeprecated]
/ntoskrnl/ex/timer.c:749:13: note: the value of the stack pointer after an ‘asm’ statement must be the same as it was before the statement
/ntoskrnl/ex/timer.c:749:13: warning: listing the stack pointer register ‘%esp’ in a clobber list is deprecated [-Wdeprecated]
/ntoskrnl/ex/timer.c:749:13: note: the value of the stack pointer after an ‘asm’ statement must be the same as it was before the statement
/ntoskrnl/xb/mm/cache.c: In function ‘CcCopyRead’:
/ntoskrnl/xb/mm/cache.c:865:9: warning: listing the stack pointer register ‘%esp’ in a clobber list is deprecated [-Wdeprecated]
/ntoskrnl/xb/mm/cache.c:865:9: note: the value of the stack pointer after an ‘asm’ statement must be the same as it was before the statement
/ntoskrnl/xb/mm/cache.c:865:9: warning: listing the stack pointer register ‘%esp’ in a clobber list is deprecated [-Wdeprecated]
/ntoskrnl/xb/mm/cache.c:865:9: note: the value of the stack pointer after an ‘asm’ statement must be the same as it was before the statement
/drivers/storage/class/classpnp/class.c: In function ‘ClassSendSrbSynchronous’:
/drivers/storage/class/classpnp/class.c:4359:11: warning: listing the stack pointer register ‘%esp’ in a clobber list is deprecated [-Wdeprecated]
/drivers/storage/class/classpnp/class.c:4359:11: note: the value of the stack pointer after an ‘asm’ statement must be the same as it was before the statement
/drivers/storage/class/classpnp/class.c:4359:11: warning: listing the stack pointer register ‘%esp’ in a clobber list is deprecated [-Wdeprecated]
/drivers/storage/class/classpnp/class.c:4359:11: note: the value of the stack pointer after an ‘asm’ statement must be the same as it was before the statement
/ntoskrnl/xb/mm/cache.c: In function ‘CcCopyWrite’:
/ntoskrnl/xb/mm/cache.c:921:9: warning: listing the stack pointer register ‘%esp’ in a clobber list is deprecated [-Wdeprecated]
/ntoskrnl/xb/mm/cache.c:921:9: note: the value of the stack pointer after an ‘asm’ statement must be the same as it was before the statement
/ntoskrnl/xb/mm/cache.c:921:9: warning: listing the stack pointer register ‘%esp’ in a clobber list is deprecated [-Wdeprecated]
/ntoskrnl/xb/mm/cache.c:921:9: note: the value of the stack pointer after an ‘asm’ statement must be the same as it was before the statement
/work/artifacts/optimization/final-release-repeat-v1/work-nswn8mtq/build/hal/halx86/pci_vendors.h:4:22: warning: type of ‘VendorTable’ does not match original declaration [-Wlto-type-mismatch]
    4 | extern unsigned char VendorTable[1577983];
      |                      ^
/hal/halx86/legacy/nxkrnl-pci-strings-stub.c:23:36: note: array types have different bounds
/hal/halx86/legacy/nxkrnl-pci-strings-stub.c:23:36: note: ‘VendorTable’ was previously declared here
/work/artifacts/optimization/final-release-repeat-v1/work-nswn8mtq/build/hal/halx86/pci_classes.h:4:22: warning: type of ‘ClassTable’ does not match original declaration [-Wlto-type-mismatch]
    4 | extern unsigned char ClassTable[6645];
      |                      ^
/hal/halx86/legacy/nxkrnl-pci-strings-stub.c:22:36: note: array types have different bounds
/hal/halx86/legacy/nxkrnl-pci-strings-stub.c:22:36: note: ‘ClassTable’ was previously declared here
/ntoskrnl/ke/bug.c: In function ‘KiDoBugCheckCallbacks’:
/ntoskrnl/ke/bug.c:478:13: warning: listing the stack pointer register ‘%esp’ in a clobber list is deprecated [-Wdeprecated]
/ntoskrnl/ke/bug.c:478:13: note: the value of the stack pointer after an ‘asm’ statement must be the same as it was before the statement
/ntoskrnl/ke/bug.c:478:13: warning: listing the stack pointer register ‘%esp’ in a clobber list is deprecated [-Wdeprecated]
/ntoskrnl/ke/bug.c:478:13: note: the value of the stack pointer after an ‘asm’ statement must be the same as it was before the statement
/ntoskrnl/io/iomgr/iocomp.c: In function ‘NtQueryIoCompletion’:
/ntoskrnl/io/iomgr/iocomp.c:428:9: warning: listing the stack pointer register ‘%esp’ in a clobber list is deprecated [-Wdeprecated]
/ntoskrnl/io/iomgr/iocomp.c:428:9: note: the value of the stack pointer after an ‘asm’ statement must be the same as it was before the statement
/ntoskrnl/io/iomgr/iocomp.c:428:9: warning: listing the stack pointer register ‘%esp’ in a clobber list is deprecated [-Wdeprecated]
/ntoskrnl/io/iomgr/iocomp.c:428:9: note: the value of the stack pointer after an ‘asm’ statement must be the same as it was before the statement
/drivers/filesystems/vfatfs/fat.c: In function ‘FAT32GetNextCluster’:
/drivers/filesystems/vfatfs/fat.c:60:5: warning: listing the stack pointer register ‘%esp’ in a clobber list is deprecated [-Wdeprecated]
/drivers/filesystems/vfatfs/fat.c:60:5: note: the value of the stack pointer after an ‘asm’ statement must be the same as it was before the statement
/drivers/filesystems/vfatfs/fat.c:60:5: warning: listing the stack pointer register ‘%esp’ in a clobber list is deprecated [-Wdeprecated]
/drivers/filesystems/vfatfs/fat.c:60:5: note: the value of the stack pointer after an ‘asm’ statement must be the same as it was before the statement
/drivers/filesystems/vfatfs/fat.c: In function ‘FAT16GetNextCluster’:
/drivers/filesystems/vfatfs/fat.c:105:5: warning: listing the stack pointer register ‘%esp’ in a clobber list is deprecated [-Wdeprecated]
/drivers/filesystems/vfatfs/fat.c:105:5: note: the value of the stack pointer after an ‘asm’ statement must be the same as it was before the statement
/drivers/filesystems/vfatfs/fat.c:105:5: warning: listing the stack pointer register ‘%esp’ in a clobber list is deprecated [-Wdeprecated]
/drivers/filesystems/vfatfs/fat.c:105:5: note: the value of the stack pointer after an ‘asm’ statement must be the same as it was before the statement
/drivers/filesystems/vfatfs/fat.c: In function ‘FAT16CountAvailableClusters’:
/drivers/filesystems/vfatfs/fat.c:483:9: warning: listing the stack pointer register ‘%esp’ in a clobber list is deprecated [-Wdeprecated]
/drivers/filesystems/vfatfs/fat.c:483:9: note: the value of the stack pointer after an ‘asm’ statement must be the same as it was before the statement
/drivers/filesystems/vfatfs/fat.c:483:9: warning: listing the stack pointer register ‘%esp’ in a clobber list is deprecated [-Wdeprecated]
/drivers/filesystems/vfatfs/fat.c:483:9: note: the value of the stack pointer after an ‘asm’ statement must be the same as it was before the statement
/drivers/filesystems/vfatfs/fat.c: In function ‘FAT32CountAvailableClusters’:
/drivers/filesystems/vfatfs/fat.c:538:9: warning: listing the stack pointer register ‘%esp’ in a clobber list is deprecated [-Wdeprecated]
/drivers/filesystems/vfatfs/fat.c:538:9: note: the value of the stack pointer after an ‘asm’ statement must be the same as it was before the statement
/drivers/filesystems/vfatfs/fat.c:538:9: warning: listing the stack pointer register ‘%esp’ in a clobber list is deprecated [-Wdeprecated]
/drivers/filesystems/vfatfs/fat.c:538:9: note: the value of the stack pointer after an ‘asm’ statement must be the same as it was before the statement
/ntoskrnl/io/iomgr/irp.c: In function ‘IoBuildAsynchronousFsdRequest’:
/ntoskrnl/io/iomgr/irp.c:852:13: warning: listing the stack pointer register ‘%esp’ in a clobber list is deprecated [-Wdeprecated]
/ntoskrnl/io/iomgr/irp.c:852:13: note: the value of the stack pointer after an ‘asm’ statement must be the same as it was before the statement
/ntoskrnl/io/iomgr/irp.c:852:13: warning: listing the stack pointer register ‘%esp’ in a clobber list is deprecated [-Wdeprecated]
/ntoskrnl/io/iomgr/irp.c:852:13: note: the value of the stack pointer after an ‘asm’ statement must be the same as it was before the statement
/drivers/filesystems/vfatfs/fat.c: In function ‘FAT16FindAndMarkAvailableCluster’:
/drivers/filesystems/vfatfs/fat.c:219:13: warning: listing the stack pointer register ‘%esp’ in a clobber list is deprecated [-Wdeprecated]
/drivers/filesystems/vfatfs/fat.c:219:13: note: the value of the stack pointer after an ‘asm’ statement must be the same as it was before the statement
/drivers/filesystems/vfatfs/fat.c:219:13: warning: listing the stack pointer register ‘%esp’ in a clobber list is deprecated [-Wdeprecated]
/drivers/filesystems/vfatfs/fat.c:219:13: note: the value of the stack pointer after an ‘asm’ statement must be the same as it was before the statement
/ntoskrnl/io/iomgr/irp.c: In function ‘IoBuildDeviceIoControlRequest’:
/ntoskrnl/io/iomgr/irp.c:1044:17: warning: listing the stack pointer register ‘%esp’ in a clobber list is deprecated [-Wdeprecated]
/ntoskrnl/io/iomgr/irp.c:1044:17: note: the value of the stack pointer after an ‘asm’ statement must be the same as it was before the statement
/ntoskrnl/io/iomgr/irp.c:1044:17: warning: listing the stack pointer register ‘%esp’ in a clobber list is deprecated [-Wdeprecated]
/ntoskrnl/io/iomgr/irp.c:1044:17: note: the value of the stack pointer after an ‘asm’ statement must be the same as it was before the statement
/drivers/filesystems/vfatfs/fat.c: In function ‘FAT32FindAndMarkAvailableCluster’:
/drivers/filesystems/vfatfs/fat.c:365:13: warning: listing the stack pointer register ‘%esp’ in a clobber list is deprecated [-Wdeprecated]
/drivers/filesystems/vfatfs/fat.c:365:13: note: the value of the stack pointer after an ‘asm’ statement must be the same as it was before the statement
/drivers/filesystems/vfatfs/fat.c:365:13: warning: listing the stack pointer register ‘%esp’ in a clobber list is deprecated [-Wdeprecated]
/drivers/filesystems/vfatfs/fat.c:365:13: note: the value of the stack pointer after an ‘asm’ statement must be the same as it was before the statement
/drivers/filesystems/vfatfs/fat.c: In function ‘FAT16WriteCluster’:
/drivers/filesystems/vfatfs/fat.c:683:5: warning: listing the stack pointer register ‘%esp’ in a clobber list is deprecated [-Wdeprecated]
/drivers/filesystems/vfatfs/fat.c:683:5: note: the value of the stack pointer after an ‘asm’ statement must be the same as it was before the statement
/drivers/filesystems/vfatfs/fat.c:683:5: warning: listing the stack pointer register ‘%esp’ in a clobber list is deprecated [-Wdeprecated]
/drivers/filesystems/vfatfs/fat.c:683:5: note: the value of the stack pointer after an ‘asm’ statement must be the same as it was before the statement
/drivers/filesystems/vfatfs/fat.c: In function ‘FAT32WriteCluster’:
/drivers/filesystems/vfatfs/fat.c:724:5: warning: listing the stack pointer register ‘%esp’ in a clobber list is deprecated [-Wdeprecated]
/drivers/filesystems/vfatfs/fat.c:724:5: note: the value of the stack pointer after an ‘asm’ statement must be the same as it was before the statement
/drivers/filesystems/vfatfs/fat.c:724:5: warning: listing the stack pointer register ‘%esp’ in a clobber list is deprecated [-Wdeprecated]
/drivers/filesystems/vfatfs/fat.c:724:5: note: the value of the stack pointer after an ‘asm’ statement must be the same as it was before the statement
/ntoskrnl/io/iomgr/file.c: In function ‘IopCreateFile’:
/ntoskrnl/io/iomgr/file.c:3036:17: warning: listing the stack pointer register ‘%esp’ in a clobber list is deprecated [-Wdeprecated]
/ntoskrnl/io/iomgr/file.c:3036:17: note: the value of the stack pointer after an ‘asm’ statement must be the same as it was before the statement
/ntoskrnl/io/iomgr/file.c:3036:17: warning: listing the stack pointer register ‘%esp’ in a clobber list is deprecated [-Wdeprecated]
/ntoskrnl/io/iomgr/file.c:3036:17: note: the value of the stack pointer after an ‘asm’ statement must be the same as it was before the statement
/ntoskrnl/ke/thrdobj.c: In function ‘KeInitThread’:
/ntoskrnl/ke/thrdobj.c:876:5: warning: listing the stack pointer register ‘%esp’ in a clobber list is deprecated [-Wdeprecated]
/ntoskrnl/ke/thrdobj.c:876:5: note: the value of the stack pointer after an ‘asm’ statement must be the same as it was before the statement
/ntoskrnl/ke/thrdobj.c:876:5: warning: listing the stack pointer register ‘%esp’ in a clobber list is deprecated [-Wdeprecated]
/ntoskrnl/ke/thrdobj.c:876:5: note: the value of the stack pointer after an ‘asm’ statement must be the same as it was before the statement
/sdk/lib/rtl/res.c: In function ‘LdrpAccessResource’:
/sdk/lib/rtl/res.c:254:5: warning: listing the stack pointer register ‘%esp’ in a clobber list is deprecated [-Wdeprecated]
/sdk/lib/rtl/res.c:254:5: note: the value of the stack pointer after an ‘asm’ statement must be the same as it was before the statement
/sdk/lib/rtl/res.c:254:5: warning: listing the stack pointer register ‘%esp’ in a clobber list is deprecated [-Wdeprecated]
/sdk/lib/rtl/res.c:254:5: note: the value of the stack pointer after an ‘asm’ statement must be the same as it was before the statement
/ntoskrnl/io/iomgr/iofunc.c: In function ‘NtQueryDirectoryFile’:
/ntoskrnl/io/iomgr/iofunc.c:2260:9: warning: listing the stack pointer register ‘%esp’ in a clobber list is deprecated [-Wdeprecated]
/ntoskrnl/io/iomgr/iofunc.c:2260:9: note: the value of the stack pointer after an ‘asm’ statement must be the same as it was before the statement
/ntoskrnl/io/iomgr/iofunc.c:2260:9: warning: listing the stack pointer register ‘%esp’ in a clobber list is deprecated [-Wdeprecated]
/ntoskrnl/io/iomgr/iofunc.c:2260:9: note: the value of the stack pointer after an ‘asm’ statement must be the same as it was before the statement
/ntoskrnl/io/iomgr/iofunc.c:2286:9: warning: listing the stack pointer register ‘%esp’ in a clobber list is deprecated [-Wdeprecated]
/ntoskrnl/io/iomgr/iofunc.c:2286:9: note: the value of the stack pointer after an ‘asm’ statement must be the same as it was before the statement
/ntoskrnl/io/iomgr/iofunc.c:2286:9: warning: listing the stack pointer register ‘%esp’ in a clobber list is deprecated [-Wdeprecated]
/ntoskrnl/io/iomgr/iofunc.c:2286:9: note: the value of the stack pointer after an ‘asm’ statement must be the same as it was before the statement
/sdk/lib/rtl/res.c: In function ‘LdrFindResource_U’:
/sdk/lib/rtl/res.c:290:5: warning: listing the stack pointer register ‘%esp’ in a clobber list is deprecated [-Wdeprecated]
/sdk/lib/rtl/res.c:290:5: note: the value of the stack pointer after an ‘asm’ statement must be the same as it was before the statement
/sdk/lib/rtl/res.c:290:5: warning: listing the stack pointer register ‘%esp’ in a clobber list is deprecated [-Wdeprecated]
/sdk/lib/rtl/res.c:290:5: note: the value of the stack pointer after an ‘asm’ statement must be the same as it was before the statement
/ntoskrnl/ke/i386/traphdlr.c: In function ‘KiCheckForSListFault’:
/ntoskrnl/ke/i386/traphdlr.c:1381:13: warning: listing the stack pointer register ‘%esp’ in a clobber list is deprecated [-Wdeprecated]
/ntoskrnl/ke/i386/traphdlr.c:1381:13: note: the value of the stack pointer after an ‘asm’ statement must be the same as it was before the statement
/ntoskrnl/ke/i386/traphdlr.c:1381:13: warning: listing the stack pointer register ‘%esp’ in a clobber list is deprecated [-Wdeprecated]
/ntoskrnl/ke/i386/traphdlr.c:1381:13: note: the value of the stack pointer after an ‘asm’ statement must be the same as it was before the statement
/ntoskrnl/ke/bug.c: In function ‘KeGetBugMessageText’:
/ntoskrnl/ke/bug.c:425:5: warning: listing the stack pointer register ‘%esp’ in a clobber list is deprecated [-Wdeprecated]
/ntoskrnl/ke/bug.c:425:5: note: the value of the stack pointer after an ‘asm’ statement must be the same as it was before the statement
/ntoskrnl/ke/bug.c:425:5: warning: listing the stack pointer register ‘%esp’ in a clobber list is deprecated [-Wdeprecated]
/ntoskrnl/ke/bug.c:425:5: note: the value of the stack pointer after an ‘asm’ statement must be the same as it was before the statement
/ntoskrnl/io/iomgr/iofunc.c: In function ‘IopDeviceFsIoControl’:
/drivers/filesystems/vfatfs/dirwr.c: In function ‘vfatFCBInitializeCacheFromVolume’:
/drivers/filesystems/vfatfs/dirwr.c:84:5: warning: listing the stack pointer register ‘%esp’ in a clobber list is deprecated [-Wdeprecated]
/ntoskrnl/io/iomgr/iofunc.c:571:13: warning: listing the stack pointer register ‘%esp’ in a clobber list is deprecated [-Wdeprecated]
/drivers/filesystems/vfatfs/dirwr.c:84:5: note: the value of the stack pointer after an ‘asm’ statement must be the same as it was before the statement
/ntoskrnl/io/iomgr/iofunc.c:571:13: note: the value of the stack pointer after an ‘asm’ statement must be the same as it was before the statement
/drivers/filesystems/vfatfs/dirwr.c:84:5: warning: listing the stack pointer register ‘%esp’ in a clobber list is deprecated [-Wdeprecated]
/ntoskrnl/io/iomgr/iofunc.c:571:13: warning: listing the stack pointer register ‘%esp’ in a clobber list is deprecated [-Wdeprecated]
/drivers/filesystems/vfatfs/dirwr.c:84:5: note: the value of the stack pointer after an ‘asm’ statement must be the same as it was before the statement
/ntoskrnl/io/iomgr/iofunc.c:571:13: note: the value of the stack pointer after an ‘asm’ statement must be the same as it was before the statement
/ntoskrnl/io/iomgr/iofunc.c:627:13: warning: listing the stack pointer register ‘%esp’ in a clobber list is deprecated [-Wdeprecated]
/ntoskrnl/io/iomgr/iofunc.c:627:13: note: the value of the stack pointer after an ‘asm’ statement must be the same as it was before the statement
/ntoskrnl/io/iomgr/iofunc.c:627:13: warning: listing the stack pointer register ‘%esp’ in a clobber list is deprecated [-Wdeprecated]
/ntoskrnl/io/iomgr/iofunc.c:627:13: note: the value of the stack pointer after an ‘asm’ statement must be the same as it was before the statement
/drivers/filesystems/vfatfs/direntry.c: In function ‘FATXIsDirectoryEmpty’:
/drivers/filesystems/vfatfs/direntry.c:153:13: warning: listing the stack pointer register ‘%esp’ in a clobber list is deprecated [-Wdeprecated]
/drivers/filesystems/vfatfs/direntry.c:153:13: note: the value of the stack pointer after an ‘asm’ statement must be the same as it was before the statement
/drivers/filesystems/vfatfs/direntry.c:153:13: warning: listing the stack pointer register ‘%esp’ in a clobber list is deprecated [-Wdeprecated]
/drivers/filesystems/vfatfs/direntry.c:153:13: note: the value of the stack pointer after an ‘asm’ statement must be the same as it was before the statement
/drivers/filesystems/vfatfs/direntry.c: In function ‘FATXGetNextDirEntry’:
/drivers/filesystems/vfatfs/direntry.c:557:9: warning: listing the stack pointer register ‘%esp’ in a clobber list is deprecated [-Wdeprecated]
/drivers/filesystems/vfatfs/direntry.c:557:9: note: the value of the stack pointer after an ‘asm’ statement must be the same as it was before the statement
/drivers/filesystems/vfatfs/direntry.c:557:9: warning: listing the stack pointer register ‘%esp’ in a clobber list is deprecated [-Wdeprecated]
/drivers/filesystems/vfatfs/direntry.c:557:9: note: the value of the stack pointer after an ‘asm’ statement must be the same as it was before the statement
/drivers/filesystems/vfatfs/direntry.c:600:13: warning: listing the stack pointer register ‘%esp’ in a clobber list is deprecated [-Wdeprecated]
/drivers/filesystems/vfatfs/direntry.c:600:13: note: the value of the stack pointer after an ‘asm’ statement must be the same as it was before the statement
/drivers/filesystems/vfatfs/direntry.c:600:13: warning: listing the stack pointer register ‘%esp’ in a clobber list is deprecated [-Wdeprecated]
/drivers/filesystems/vfatfs/direntry.c:600:13: note: the value of the stack pointer after an ‘asm’ statement must be the same as it was before the statement
/ntoskrnl/io/iomgr/iofunc.c: In function ‘NtReadFile’:
/ntoskrnl/io/iomgr/iofunc.c:3091:13: warning: listing the stack pointer register ‘%esp’ in a clobber list is deprecated [-Wdeprecated]
/ntoskrnl/io/iomgr/iofunc.c:3091:13: note: the value of the stack pointer after an ‘asm’ statement must be the same as it was before the statement
/ntoskrnl/io/iomgr/iofunc.c:3091:13: warning: listing the stack pointer register ‘%esp’ in a clobber list is deprecated [-Wdeprecated]
/ntoskrnl/io/iomgr/iofunc.c:3091:13: note: the value of the stack pointer after an ‘asm’ statement must be the same as it was before the statement
/ntoskrnl/io/iomgr/iofunc.c:3124:13: warning: listing the stack pointer register ‘%esp’ in a clobber list is deprecated [-Wdeprecated]
/ntoskrnl/io/iomgr/iofunc.c:3124:13: note: the value of the stack pointer after an ‘asm’ statement must be the same as it was before the statement
/ntoskrnl/io/iomgr/iofunc.c:3124:13: warning: listing the stack pointer register ‘%esp’ in a clobber list is deprecated [-Wdeprecated]
/ntoskrnl/io/iomgr/iofunc.c:3124:13: note: the value of the stack pointer after an ‘asm’ statement must be the same as it was before the statement
/drivers/filesystems/vfatfs/dirwr.c: In function ‘FATXDelEntry’:
/drivers/filesystems/vfatfs/dirwr.c:1108:5: warning: listing the stack pointer register ‘%esp’ in a clobber list is deprecated [-Wdeprecated]
/drivers/filesystems/vfatfs/dirwr.c:1108:5: note: the value of the stack pointer after an ‘asm’ statement must be the same as it was before the statement
/drivers/filesystems/vfatfs/dirwr.c:1108:5: warning: listing the stack pointer register ‘%esp’ in a clobber list is deprecated [-Wdeprecated]
/drivers/filesystems/vfatfs/dirwr.c:1108:5: note: the value of the stack pointer after an ‘asm’ statement must be the same as it was before the statement
/ntoskrnl/io/iomgr/iofunc.c: In function ‘NtWriteFile’:
/ntoskrnl/io/iomgr/iofunc.c:4198:13: warning: listing the stack pointer register ‘%esp’ in a clobber list is deprecated [-Wdeprecated]
/ntoskrnl/io/iomgr/iofunc.c:4198:13: note: the value of the stack pointer after an ‘asm’ statement must be the same as it was before the statement
/ntoskrnl/io/iomgr/iofunc.c:4198:13: warning: listing the stack pointer register ‘%esp’ in a clobber list is deprecated [-Wdeprecated]
/ntoskrnl/io/iomgr/iofunc.c:4198:13: note: the value of the stack pointer after an ‘asm’ statement must be the same as it was before the statement
/ntoskrnl/io/iomgr/iofunc.c:4228:13: warning: listing the stack pointer register ‘%esp’ in a clobber list is deprecated [-Wdeprecated]
/ntoskrnl/io/iomgr/iofunc.c:4228:13: note: the value of the stack pointer after an ‘asm’ statement must be the same as it was before the statement
/ntoskrnl/io/iomgr/iofunc.c:4228:13: warning: listing the stack pointer register ‘%esp’ in a clobber list is deprecated [-Wdeprecated]
/ntoskrnl/io/iomgr/iofunc.c:4228:13: note: the value of the stack pointer after an ‘asm’ statement must be the same as it was before the statement
/drivers/filesystems/vfatfs/dirwr.c: In function ‘VfatUpdateEntry’:
/drivers/filesystems/vfatfs/dirwr.c:160:5: warning: listing the stack pointer register ‘%esp’ in a clobber list is deprecated [-Wdeprecated]
/drivers/filesystems/vfatfs/dirwr.c:160:5: note: the value of the stack pointer after an ‘asm’ statement must be the same as it was before the statement
/drivers/filesystems/vfatfs/dirwr.c:160:5: warning: listing the stack pointer register ‘%esp’ in a clobber list is deprecated [-Wdeprecated]
/drivers/filesystems/vfatfs/dirwr.c:160:5: note: the value of the stack pointer after an ‘asm’ statement must be the same as it was before the statement
/drivers/filesystems/vfatfs/dirwr.c: In function ‘vfatFindDirSpace’:
/drivers/filesystems/vfatfs/dirwr.c:300:13: warning: listing the stack pointer register ‘%esp’ in a clobber list is deprecated [-Wdeprecated]
/drivers/filesystems/vfatfs/dirwr.c:300:13: note: the value of the stack pointer after an ‘asm’ statement must be the same as it was before the statement
/drivers/filesystems/vfatfs/dirwr.c:300:13: warning: listing the stack pointer register ‘%esp’ in a clobber list is deprecated [-Wdeprecated]
/drivers/filesystems/vfatfs/dirwr.c:300:13: note: the value of the stack pointer after an ‘asm’ statement must be the same as it was before the statement
/drivers/filesystems/vfatfs/dirwr.c:371:21: warning: listing the stack pointer register ‘%esp’ in a clobber list is deprecated [-Wdeprecated]
/drivers/filesystems/vfatfs/dirwr.c:371:21: note: the value of the stack pointer after an ‘asm’ statement must be the same as it was before the statement
/drivers/filesystems/vfatfs/dirwr.c:371:21: warning: listing the stack pointer register ‘%esp’ in a clobber list is deprecated [-Wdeprecated]
/drivers/filesystems/vfatfs/dirwr.c:371:21: note: the value of the stack pointer after an ‘asm’ statement must be the same as it was before the statement
/drivers/filesystems/vfatfs/dirwr.c:393:13: warning: listing the stack pointer register ‘%esp’ in a clobber list is deprecated [-Wdeprecated]
/drivers/filesystems/vfatfs/dirwr.c:393:13: note: the value of the stack pointer after an ‘asm’ statement must be the same as it was before the statement
/drivers/filesystems/vfatfs/dirwr.c:393:13: warning: listing the stack pointer register ‘%esp’ in a clobber list is deprecated [-Wdeprecated]
/drivers/filesystems/vfatfs/dirwr.c:393:13: note: the value of the stack pointer after an ‘asm’ statement must be the same as it was before the statement
/ntoskrnl/ke/except.c: In function ‘KiContinue’:
/ntoskrnl/ke/except.c:74:5: warning: listing the stack pointer register ‘%esp’ in a clobber list is deprecated [-Wdeprecated]
/ntoskrnl/ke/except.c:74:5: note: the value of the stack pointer after an ‘asm’ statement must be the same as it was before the statement
/ntoskrnl/ke/except.c:74:5: warning: listing the stack pointer register ‘%esp’ in a clobber list is deprecated [-Wdeprecated]
/ntoskrnl/ke/except.c:74:5: note: the value of the stack pointer after an ‘asm’ statement must be the same as it was before the statement
/ntoskrnl/io/iomgr/iocomp.c: In function ‘NtCreateIoCompletion’:
/ntoskrnl/io/iomgr/iocomp.c:311:13: warning: listing the stack pointer register ‘%esp’ in a clobber list is deprecated [-Wdeprecated]
/ntoskrnl/io/iomgr/iocomp.c:311:13: note: the value of the stack pointer after an ‘asm’ statement must be the same as it was before the statement
/ntoskrnl/io/iomgr/iocomp.c:311:13: warning: listing the stack pointer register ‘%esp’ in a clobber list is deprecated [-Wdeprecated]
/ntoskrnl/io/iomgr/iocomp.c:311:13: note: the value of the stack pointer after an ‘asm’ statement must be the same as it was before the statement
/ntoskrnl/io/iomgr/iocomp.c: In function ‘NtRemoveIoCompletion’:
/ntoskrnl/io/iomgr/iocomp.c:551:13: warning: listing the stack pointer register ‘%esp’ in a clobber list is deprecated [-Wdeprecated]
/ntoskrnl/io/iomgr/iocomp.c:551:13: note: the value of the stack pointer after an ‘asm’ statement must be the same as it was before the statement
/ntoskrnl/io/iomgr/iocomp.c:551:13: warning: listing the stack pointer register ‘%esp’ in a clobber list is deprecated [-Wdeprecated]
/ntoskrnl/io/iomgr/iocomp.c:551:13: note: the value of the stack pointer after an ‘asm’ statement must be the same as it was before the statement
/ntoskrnl/io/iomgr/rawfs.c: In function ‘RawMountVolume’:
/ntoskrnl/io/iomgr/rawfs.c:438:5: warning: listing the stack pointer register ‘%esp’ in a clobber list is deprecated [-Wdeprecated]
/ntoskrnl/io/iomgr/rawfs.c:438:5: note: the value of the stack pointer after an ‘asm’ statement must be the same as it was before the statement
/ntoskrnl/io/iomgr/rawfs.c:438:5: warning: listing the stack pointer register ‘%esp’ in a clobber list is deprecated [-Wdeprecated]
/ntoskrnl/io/iomgr/rawfs.c:438:5: note: the value of the stack pointer after an ‘asm’ statement must be the same as it was before the statement
/drivers/filesystems/vfatfs/rw.c: In function ‘VfatCommonRead’:
/drivers/filesystems/vfatfs/rw.c:617:9: warning: listing the stack pointer register ‘%esp’ in a clobber list is deprecated [-Wdeprecated]
/drivers/filesystems/vfatfs/rw.c:617:9: note: the value of the stack pointer after an ‘asm’ statement must be the same as it was before the statement
/drivers/filesystems/vfatfs/rw.c:617:9: warning: listing the stack pointer register ‘%esp’ in a clobber list is deprecated [-Wdeprecated]
/drivers/filesystems/vfatfs/rw.c:617:9: note: the value of the stack pointer after an ‘asm’ statement must be the same as it was before the statement
/ntoskrnl/io/iomgr/iofunc.c: In function ‘IopFinalizeAsynchronousIo’:
/ntoskrnl/io/iomgr/iofunc.c:105:5: warning: listing the stack pointer register ‘%esp’ in a clobber list is deprecated [-Wdeprecated]
/ntoskrnl/io/iomgr/iofunc.c:105:5: note: the value of the stack pointer after an ‘asm’ statement must be the same as it was before the statement
/ntoskrnl/io/iomgr/iofunc.c:105:5: warning: listing the stack pointer register ‘%esp’ in a clobber list is deprecated [-Wdeprecated]
/ntoskrnl/io/iomgr/iofunc.c:105:5: note: the value of the stack pointer after an ‘asm’ statement must be the same as it was before the statement
/ntoskrnl/io/iomgr/iofunc.c: In function ‘NtQueryVolumeInformationFile’:
/ntoskrnl/io/iomgr/iofunc.c:4538:5: warning: listing the stack pointer register ‘%esp’ in a clobber list is deprecated [-Wdeprecated]
/ntoskrnl/io/iomgr/iofunc.c:4538:5: note: the value of the stack pointer after an ‘asm’ statement must be the same as it was before the statement
/ntoskrnl/io/iomgr/iofunc.c:4538:5: warning: listing the stack pointer register ‘%esp’ in a clobber list is deprecated [-Wdeprecated]
/ntoskrnl/io/iomgr/iofunc.c:4538:5: note: the value of the stack pointer after an ‘asm’ statement must be the same as it was before the statement
/drivers/filesystems/vfatfs/rw.c: In function ‘VfatWrite’:
/drivers/filesystems/vfatfs/rw.c:1133:9: warning: listing the stack pointer register ‘%esp’ in a clobber list is deprecated [-Wdeprecated]
/drivers/filesystems/vfatfs/rw.c:1133:9: note: the value of the stack pointer after an ‘asm’ statement must be the same as it was before the statement
/drivers/filesystems/vfatfs/rw.c:1133:9: warning: listing the stack pointer register ‘%esp’ in a clobber list is deprecated [-Wdeprecated]
/drivers/filesystems/vfatfs/rw.c:1133:9: note: the value of the stack pointer after an ‘asm’ statement must be the same as it was before the statement
/ntoskrnl/io/iomgr/iofunc.c: In function ‘NtQueryInformationFile’:
/ntoskrnl/io/iomgr/iofunc.c:2611:5: warning: listing the stack pointer register ‘%esp’ in a clobber list is deprecated [-Wdeprecated]
/ntoskrnl/io/iomgr/iofunc.c:2611:5: note: the value of the stack pointer after an ‘asm’ statement must be the same as it was before the statement
/ntoskrnl/io/iomgr/iofunc.c:2611:5: warning: listing the stack pointer register ‘%esp’ in a clobber list is deprecated [-Wdeprecated]
/ntoskrnl/io/iomgr/iofunc.c:2611:5: note: the value of the stack pointer after an ‘asm’ statement must be the same as it was before the statement
/ntoskrnl/io/iomgr/iofunc.c: In function ‘NtSetInformationFile’:
/ntoskrnl/io/iomgr/iofunc.c:3407:5: warning: listing the stack pointer register ‘%esp’ in a clobber list is deprecated [-Wdeprecated]
/ntoskrnl/io/iomgr/iofunc.c:3407:5: note: the value of the stack pointer after an ‘asm’ statement must be the same as it was before the statement
/ntoskrnl/io/iomgr/iofunc.c:3407:5: warning: listing the stack pointer register ‘%esp’ in a clobber list is deprecated [-Wdeprecated]
/ntoskrnl/io/iomgr/iofunc.c:3407:5: note: the value of the stack pointer after an ‘asm’ statement must be the same as it was before the statement
/drivers/filesystems/vfatfs/dirwr.c: In function ‘vfatRenameEntry’:
/drivers/filesystems/vfatfs/dirwr.c:211:9: warning: listing the stack pointer register ‘%esp’ in a clobber list is deprecated [-Wdeprecated]
/drivers/filesystems/vfatfs/dirwr.c:211:9: note: the value of the stack pointer after an ‘asm’ statement must be the same as it was before the statement
/drivers/filesystems/vfatfs/dirwr.c:211:9: warning: listing the stack pointer register ‘%esp’ in a clobber list is deprecated [-Wdeprecated]
/drivers/filesystems/vfatfs/dirwr.c:211:9: note: the value of the stack pointer after an ‘asm’ statement must be the same as it was before the statement
/drivers/filesystems/vfatfs/dirwr.c: In function ‘FATXAddEntry’:
/drivers/filesystems/vfatfs/dirwr.c:951:5: warning: listing the stack pointer register ‘%esp’ in a clobber list is deprecated [-Wdeprecated]
/drivers/filesystems/vfatfs/dirwr.c:951:5: note: the value of the stack pointer after an ‘asm’ statement must be the same as it was before the statement
/drivers/filesystems/vfatfs/dirwr.c:951:5: warning: listing the stack pointer register ‘%esp’ in a clobber list is deprecated [-Wdeprecated]
/drivers/filesystems/vfatfs/dirwr.c:951:5: note: the value of the stack pointer after an ‘asm’ statement must be the same as it was before the statement
/drivers/filesystems/vfatfs/fsctl.c: In function ‘ReadVolumeLabel’:
/drivers/filesystems/vfatfs/fsctl.c:407:9: warning: listing the stack pointer register ‘%esp’ in a clobber list is deprecated [-Wdeprecated]
/drivers/filesystems/vfatfs/fsctl.c:407:9: note: the value of the stack pointer after an ‘asm’ statement must be the same as it was before the statement
/drivers/filesystems/vfatfs/fsctl.c:407:9: warning: listing the stack pointer register ‘%esp’ in a clobber list is deprecated [-Wdeprecated]
/drivers/filesystems/vfatfs/fsctl.c:407:9: note: the value of the stack pointer after an ‘asm’ statement must be the same as it was before the statement
/drivers/filesystems/vfatfs/fsctl.c:477:21: warning: listing the stack pointer register ‘%esp’ in a clobber list is deprecated [-Wdeprecated]
/drivers/filesystems/vfatfs/fsctl.c:477:21: note: the value of the stack pointer after an ‘asm’ statement must be the same as it was before the statement
/drivers/filesystems/vfatfs/fsctl.c:477:21: warning: listing the stack pointer register ‘%esp’ in a clobber list is deprecated [-Wdeprecated]
/drivers/filesystems/vfatfs/fsctl.c:477:21: note: the value of the stack pointer after an ‘asm’ statement must be the same as it was before the statement
In function ‘KiSwitchToBootStack’,
    inlined from ‘KiSystemStartup’ at /ntoskrnl/ke/i386/kiinit.c:933:5:
/ntoskrnl/include/internal/i386/ke.h:927:5: warning: listing the stack pointer register ‘%esp’ in a clobber list is deprecated [-Wdeprecated]
/ntoskrnl/include/internal/i386/ke.h:927:5: note: the value of the stack pointer after an ‘asm’ statement must be the same as it was before the statement
/drivers/filesystems/vfatfs/fsctl.c: In function ‘VfatMount’:
/drivers/filesystems/vfatfs/fsctl.c:764:5: warning: listing the stack pointer register ‘%esp’ in a clobber list is deprecated [-Wdeprecated]
/drivers/filesystems/vfatfs/fsctl.c:764:5: note: the value of the stack pointer after an ‘asm’ statement must be the same as it was before the statement
/drivers/filesystems/vfatfs/fsctl.c:764:5: warning: listing the stack pointer register ‘%esp’ in a clobber list is deprecated [-Wdeprecated]
/drivers/filesystems/vfatfs/fsctl.c:764:5: note: the value of the stack pointer after an ‘asm’ statement must be the same as it was before the statement
/ntoskrnl/ex/event.c: In function ‘NtCreateEvent’:
/ntoskrnl/ex/event.c:173:5: warning: listing the stack pointer register ‘%esp’ in a clobber list is deprecated [-Wdeprecated]
/ntoskrnl/ex/event.c:173:5: note: the value of the stack pointer after an ‘asm’ statement must be the same as it was before the statement
/ntoskrnl/ex/event.c:173:5: warning: listing the stack pointer register ‘%esp’ in a clobber list is deprecated [-Wdeprecated]
/ntoskrnl/ex/event.c:173:5: note: the value of the stack pointer after an ‘asm’ statement must be the same as it was before the statement
/ntoskrnl/ex/event.c: In function ‘NtQueryEvent’:
/ntoskrnl/ex/event.c:374:9: warning: listing the stack pointer register ‘%esp’ in a clobber list is deprecated [-Wdeprecated]
/ntoskrnl/ex/event.c:374:9: note: the value of the stack pointer after an ‘asm’ statement must be the same as it was before the statement
/ntoskrnl/ex/event.c:374:9: warning: listing the stack pointer register ‘%esp’ in a clobber list is deprecated [-Wdeprecated]
/ntoskrnl/ex/event.c:374:9: note: the value of the stack pointer after an ‘asm’ statement must be the same as it was before the statement
/ntoskrnl/ob/obdir.c: In function ‘NtOpenDirectoryObject’:
/ntoskrnl/ob/obdir.c:433:9: warning: listing the stack pointer register ‘%esp’ in a clobber list is deprecated [-Wdeprecated]
/ntoskrnl/ob/obdir.c:433:9: note: the value of the stack pointer after an ‘asm’ statement must be the same as it was before the statement
/ntoskrnl/ob/obdir.c:433:9: warning: listing the stack pointer register ‘%esp’ in a clobber list is deprecated [-Wdeprecated]
/ntoskrnl/ob/obdir.c:433:9: note: the value of the stack pointer after an ‘asm’ statement must be the same as it was before the statement
/ntoskrnl/ex/mutant.c: In function ‘NtQueryMutant’:
/ntoskrnl/ex/mutant.c:277:9: warning: listing the stack pointer register ‘%esp’ in a clobber list is deprecated [-Wdeprecated]
/ntoskrnl/ex/mutant.c:277:9: note: the value of the stack pointer after an ‘asm’ statement must be the same as it was before the statement
/ntoskrnl/ex/mutant.c:277:9: warning: listing the stack pointer register ‘%esp’ in a clobber list is deprecated [-Wdeprecated]
/ntoskrnl/ex/mutant.c:277:9: note: the value of the stack pointer after an ‘asm’ statement must be the same as it was before the statement
/ntoskrnl/ob/oblink.c: In function ‘NtOpenSymbolicLinkObject’:
/ntoskrnl/ob/oblink.c:880:5: warning: listing the stack pointer register ‘%esp’ in a clobber list is deprecated [-Wdeprecated]
/ntoskrnl/ob/oblink.c:880:5: note: the value of the stack pointer after an ‘asm’ statement must be the same as it was before the statement
/ntoskrnl/ob/oblink.c:880:5: warning: listing the stack pointer register ‘%esp’ in a clobber list is deprecated [-Wdeprecated]
/ntoskrnl/ob/oblink.c:880:5: note: the value of the stack pointer after an ‘asm’ statement must be the same as it was before the statement
/ntoskrnl/ob/obname.c: In function ‘ObQueryNameString’:
/ntoskrnl/ob/obname.c:1265:9: warning: listing the stack pointer register ‘%esp’ in a clobber list is deprecated [-Wdeprecated]
/ntoskrnl/ob/obname.c:1265:9: note: the value of the stack pointer after an ‘asm’ statement must be the same as it was before the statement
/ntoskrnl/ob/obname.c:1265:9: warning: listing the stack pointer register ‘%esp’ in a clobber list is deprecated [-Wdeprecated]
/ntoskrnl/ob/obname.c:1265:9: note: the value of the stack pointer after an ‘asm’ statement must be the same as it was before the statement
/ntoskrnl/ob/obname.c:1296:9: warning: listing the stack pointer register ‘%esp’ in a clobber list is deprecated [-Wdeprecated]
/ntoskrnl/ob/obname.c:1296:9: note: the value of the stack pointer after an ‘asm’ statement must be the same as it was before the statement
/ntoskrnl/ob/obname.c:1296:9: warning: listing the stack pointer register ‘%esp’ in a clobber list is deprecated [-Wdeprecated]
/ntoskrnl/ob/obname.c:1296:9: note: the value of the stack pointer after an ‘asm’ statement must be the same as it was before the statement
/ntoskrnl/ob/obname.c:1432:5: warning: listing the stack pointer register ‘%esp’ in a clobber list is deprecated [-Wdeprecated]
/ntoskrnl/ob/obname.c:1432:5: note: the value of the stack pointer after an ‘asm’ statement must be the same as it was before the statement
/ntoskrnl/ob/obname.c:1432:5: warning: listing the stack pointer register ‘%esp’ in a clobber list is deprecated [-Wdeprecated]
/ntoskrnl/ob/obname.c:1432:5: note: the value of the stack pointer after an ‘asm’ statement must be the same as it was before the statement
/ntoskrnl/ex/sem.c: In function ‘NtQuerySemaphore’:
/ntoskrnl/ex/sem.c:282:9: warning: listing the stack pointer register ‘%esp’ in a clobber list is deprecated [-Wdeprecated]
/ntoskrnl/ex/sem.c:282:9: note: the value of the stack pointer after an ‘asm’ statement must be the same as it was before the statement
/ntoskrnl/ex/sem.c:282:9: warning: listing the stack pointer register ‘%esp’ in a clobber list is deprecated [-Wdeprecated]
/ntoskrnl/ex/sem.c:282:9: note: the value of the stack pointer after an ‘asm’ statement must be the same as it was before the statement
/ntoskrnl/ex/timer.c: In function ‘NtQueryTimer’:
/ntoskrnl/ex/timer.c:566:9: warning: listing the stack pointer register ‘%esp’ in a clobber list is deprecated [-Wdeprecated]
/ntoskrnl/ex/timer.c:566:9: note: the value of the stack pointer after an ‘asm’ statement must be the same as it was before the statement
/ntoskrnl/ex/timer.c:566:9: warning: listing the stack pointer register ‘%esp’ in a clobber list is deprecated [-Wdeprecated]
/ntoskrnl/ex/timer.c:566:9: note: the value of the stack pointer after an ‘asm’ statement must be the same as it was before the statement
/ntoskrnl/xb/shutdown.c: In function ‘NxDrainShutdownNotifications’:
/ntoskrnl/xb/shutdown.c:88:15: warning: listing the stack pointer register ‘%esp’ in a clobber list is deprecated [-Wdeprecated]
/ntoskrnl/xb/shutdown.c:88:15: note: the value of the stack pointer after an ‘asm’ statement must be the same as it was before the statement
/ntoskrnl/xb/shutdown.c:88:15: warning: listing the stack pointer register ‘%esp’ in a clobber list is deprecated [-Wdeprecated]
/ntoskrnl/xb/shutdown.c:88:15: note: the value of the stack pointer after an ‘asm’ statement must be the same as it was before the statement
/ntoskrnl/xb/shutdown.c:93:11: warning: listing the stack pointer register ‘%esp’ in a clobber list is deprecated [-Wdeprecated]
/ntoskrnl/xb/shutdown.c:93:11: note: the value of the stack pointer after an ‘asm’ statement must be the same as it was before the statement
/ntoskrnl/xb/shutdown.c:93:11: warning: listing the stack pointer register ‘%esp’ in a clobber list is deprecated [-Wdeprecated]
/ntoskrnl/xb/shutdown.c:93:11: note: the value of the stack pointer after an ‘asm’ statement must be the same as it was before the statement
/ntoskrnl/ex/event.c: In function ‘NtPulseEvent’:
/ntoskrnl/ex/event.c:303:13: warning: listing the stack pointer register ‘%esp’ in a clobber list is deprecated [-Wdeprecated]
/ntoskrnl/ex/event.c:303:13: note: the value of the stack pointer after an ‘asm’ statement must be the same as it was before the statement
/ntoskrnl/ex/event.c:303:13: warning: listing the stack pointer register ‘%esp’ in a clobber list is deprecated [-Wdeprecated]
/ntoskrnl/ex/event.c:303:13: note: the value of the stack pointer after an ‘asm’ statement must be the same as it was before the statement
/ntoskrnl/xb/shutdown.c: In function ‘NxkShutdownNotifications’:
/ntoskrnl/xb/shutdown.c:107:7: warning: listing the stack pointer register ‘%esp’ in a clobber list is deprecated [-Wdeprecated]
/ntoskrnl/xb/shutdown.c:107:7: note: the value of the stack pointer after an ‘asm’ statement must be the same as it was before the statement
/ntoskrnl/xb/shutdown.c:107:7: warning: listing the stack pointer register ‘%esp’ in a clobber list is deprecated [-Wdeprecated]
/ntoskrnl/xb/shutdown.c:107:7: note: the value of the stack pointer after an ‘asm’ statement must be the same as it was before the statement
/ntoskrnl/ex/event.c: In function ‘NtSetEvent’:
/ntoskrnl/ex/event.c:518:13: warning: listing the stack pointer register ‘%esp’ in a clobber list is deprecated [-Wdeprecated]
/ntoskrnl/ex/event.c:518:13: note: the value of the stack pointer after an ‘asm’ statement must be the same as it was before the statement
/ntoskrnl/ex/event.c:518:13: warning: listing the stack pointer register ‘%esp’ in a clobber list is deprecated [-Wdeprecated]
/ntoskrnl/ex/event.c:518:13: note: the value of the stack pointer after an ‘asm’ statement must be the same as it was before the statement
/drivers/filesystems/vfatfs/misc.c: In function ‘VfatLockUserBuffer’:
/drivers/filesystems/vfatfs/misc.c:495:5: warning: listing the stack pointer register ‘%esp’ in a clobber list is deprecated [-Wdeprecated]
/drivers/filesystems/vfatfs/misc.c:495:5: note: the value of the stack pointer after an ‘asm’ statement must be the same as it was before the statement
/drivers/filesystems/vfatfs/misc.c:495:5: warning: listing the stack pointer register ‘%esp’ in a clobber list is deprecated [-Wdeprecated]
/drivers/filesystems/vfatfs/misc.c:495:5: note: the value of the stack pointer after an ‘asm’ statement must be the same as it was before the statement
/ntoskrnl/ob/oblink.c: In function ‘NtQuerySymbolicLinkObject’:
/ntoskrnl/ob/oblink.c:1005:9: warning: listing the stack pointer register ‘%esp’ in a clobber list is deprecated [-Wdeprecated]
/ntoskrnl/ob/oblink.c:1005:9: note: the value of the stack pointer after an ‘asm’ statement must be the same as it was before the statement
/ntoskrnl/ob/oblink.c:1005:9: warning: listing the stack pointer register ‘%esp’ in a clobber list is deprecated [-Wdeprecated]
/ntoskrnl/ob/oblink.c:1005:9: note: the value of the stack pointer after an ‘asm’ statement must be the same as it was before the statement
/ntoskrnl/rtl/libsupp.c: In function ‘RtlWalkFrameChain’:
/ntoskrnl/rtl/libsupp.c:508:5: warning: listing the stack pointer register ‘%esp’ in a clobber list is deprecated [-Wdeprecated]
/ntoskrnl/rtl/libsupp.c:508:5: note: the value of the stack pointer after an ‘asm’ statement must be the same as it was before the statement
/ntoskrnl/rtl/libsupp.c:508:5: warning: listing the stack pointer register ‘%esp’ in a clobber list is deprecated [-Wdeprecated]
/ntoskrnl/rtl/libsupp.c:508:5: note: the value of the stack pointer after an ‘asm’ statement must be the same as it was before the statement
/ntoskrnl/rtl/libsupp.c: In function ‘RtlImageNtHeaderEx’:
/ntoskrnl/rtl/libsupp.c:742:5: warning: listing the stack pointer register ‘%esp’ in a clobber list is deprecated [-Wdeprecated]
/ntoskrnl/rtl/libsupp.c:742:5: note: the value of the stack pointer after an ‘asm’ statement must be the same as it was before the statement
/ntoskrnl/rtl/libsupp.c:742:5: warning: listing the stack pointer register ‘%esp’ in a clobber list is deprecated [-Wdeprecated]
/ntoskrnl/rtl/libsupp.c:742:5: note: the value of the stack pointer after an ‘asm’ statement must be the same as it was before the statement
/drivers/storage/class/classpnp/utils.c: In function ‘ClasspBuildDeviceMdl’:
/drivers/storage/class/classpnp/utils.c:622:11: warning: listing the stack pointer register ‘%esp’ in a clobber list is deprecated [-Wdeprecated]
/drivers/storage/class/classpnp/utils.c:622:11: note: the value of the stack pointer after an ‘asm’ statement must be the same as it was before the statement
/drivers/storage/class/classpnp/utils.c:622:11: warning: listing the stack pointer register ‘%esp’ in a clobber list is deprecated [-Wdeprecated]
/drivers/storage/class/classpnp/utils.c:622:11: note: the value of the stack pointer after an ‘asm’ statement must be the same as it was before the statement
/ntoskrnl/ob/obdir.c: In function ‘NtCreateDirectoryObject’:
/ntoskrnl/ob/obdir.c:836:5: warning: listing the stack pointer register ‘%esp’ in a clobber list is deprecated [-Wdeprecated]
/ntoskrnl/ob/obdir.c:836:5: note: the value of the stack pointer after an ‘asm’ statement must be the same as it was before the statement
/ntoskrnl/ob/obdir.c:836:5: warning: listing the stack pointer register ‘%esp’ in a clobber list is deprecated [-Wdeprecated]
/ntoskrnl/ob/obdir.c:836:5: note: the value of the stack pointer after an ‘asm’ statement must be the same as it was before the statement
/ntoskrnl/ob/oblink.c: In function ‘NtCreateSymbolicLinkObject’:
/ntoskrnl/ob/oblink.c:780:9: warning: listing the stack pointer register ‘%esp’ in a clobber list is deprecated [-Wdeprecated]
/ntoskrnl/ob/oblink.c:780:9: note: the value of the stack pointer after an ‘asm’ statement must be the same as it was before the statement
/ntoskrnl/ob/oblink.c:780:9: warning: listing the stack pointer register ‘%esp’ in a clobber list is deprecated [-Wdeprecated]
/ntoskrnl/ob/oblink.c:780:9: note: the value of the stack pointer after an ‘asm’ statement must be the same as it was before the statement
/ntoskrnl/ob/oblink.c:806:13: warning: listing the stack pointer register ‘%esp’ in a clobber list is deprecated [-Wdeprecated]
/ntoskrnl/ob/oblink.c:806:13: note: the value of the stack pointer after an ‘asm’ statement must be the same as it was before the statement
/ntoskrnl/ob/oblink.c:806:13: warning: listing the stack pointer register ‘%esp’ in a clobber list is deprecated [-Wdeprecated]
/ntoskrnl/ob/oblink.c:806:13: note: the value of the stack pointer after an ‘asm’ statement must be the same as it was before the statement
/ntoskrnl/ob/obwait.c: In function ‘NtWaitForSingleObject’:
/ntoskrnl/ob/obwait.c:433:9: warning: listing the stack pointer register ‘%esp’ in a clobber list is deprecated [-Wdeprecated]
/ntoskrnl/ob/obwait.c:433:9: note: the value of the stack pointer after an ‘asm’ statement must be the same as it was before the statement
/ntoskrnl/ob/obwait.c:433:9: warning: listing the stack pointer register ‘%esp’ in a clobber list is deprecated [-Wdeprecated]
/ntoskrnl/ob/obwait.c:433:9: note: the value of the stack pointer after an ‘asm’ statement must be the same as it was before the statement
/ntoskrnl/ob/obwait.c: In function ‘NxkSignalAndWaitForSingleObjectMode’:
/ntoskrnl/ob/obwait.c:623:9: warning: listing the stack pointer register ‘%esp’ in a clobber list is deprecated [-Wdeprecated]
/ntoskrnl/ob/obwait.c:623:9: note: the value of the stack pointer after an ‘asm’ statement must be the same as it was before the statement
/ntoskrnl/ob/obwait.c:623:9: warning: listing the stack pointer register ‘%esp’ in a clobber list is deprecated [-Wdeprecated]
/ntoskrnl/ob/obwait.c:623:9: note: the value of the stack pointer after an ‘asm’ statement must be the same as it was before the statement
/ntoskrnl/ob/obwait.c:639:9: warning: listing the stack pointer register ‘%esp’ in a clobber list is deprecated [-Wdeprecated]
/ntoskrnl/ob/obwait.c:639:9: note: the value of the stack pointer after an ‘asm’ statement must be the same as it was before the statement
/ntoskrnl/ob/obwait.c:639:9: warning: listing the stack pointer register ‘%esp’ in a clobber list is deprecated [-Wdeprecated]
/ntoskrnl/ob/obwait.c:639:9: note: the value of the stack pointer after an ‘asm’ statement must be the same as it was before the statement
/ntoskrnl/xb/mm/cache.c: In function ‘CcCopyRead’:
/ntoskrnl/xb/mm/cache.c:865:9: warning: listing the stack pointer register ‘%esp’ in a clobber list is deprecated [-Wdeprecated]
/ntoskrnl/xb/mm/cache.c:865:9: note: the value of the stack pointer after an ‘asm’ statement must be the same as it was before the statement
/ntoskrnl/xb/mm/cache.c:865:9: warning: listing the stack pointer register ‘%esp’ in a clobber list is deprecated [-Wdeprecated]
/ntoskrnl/xb/mm/cache.c:865:9: note: the value of the stack pointer after an ‘asm’ statement must be the same as it was before the statement
/ntoskrnl/xb/mm/cache.c: In function ‘CcCopyWrite’:
/ntoskrnl/xb/mm/cache.c:921:9: warning: listing the stack pointer register ‘%esp’ in a clobber list is deprecated [-Wdeprecated]
/ntoskrnl/xb/mm/cache.c:921:9: note: the value of the stack pointer after an ‘asm’ statement must be the same as it was before the statement
/ntoskrnl/xb/mm/cache.c:921:9: warning: listing the stack pointer register ‘%esp’ in a clobber list is deprecated [-Wdeprecated]
/ntoskrnl/xb/mm/cache.c:921:9: note: the value of the stack pointer after an ‘asm’ statement must be the same as it was before the statement
/drivers/storage/class/classpnp/class.c: In function ‘ClassSendSrbSynchronous’:
/drivers/storage/class/classpnp/class.c:4359:11: warning: listing the stack pointer register ‘%esp’ in a clobber list is deprecated [-Wdeprecated]
/drivers/storage/class/classpnp/class.c:4359:11: note: the value of the stack pointer after an ‘asm’ statement must be the same as it was before the statement
/drivers/storage/class/classpnp/class.c:4359:11: warning: listing the stack pointer register ‘%esp’ in a clobber list is deprecated [-Wdeprecated]
/drivers/storage/class/classpnp/class.c:4359:11: note: the value of the stack pointer after an ‘asm’ statement must be the same as it was before the statement
/ntoskrnl/ps/thread.c: In function ‘PspSystemThreadStartup’:
/ntoskrnl/ps/thread.c:176:5: warning: listing the stack pointer register ‘%esp’ in a clobber list is deprecated [-Wdeprecated]
/ntoskrnl/ps/thread.c:176:5: note: the value of the stack pointer after an ‘asm’ statement must be the same as it was before the statement
/ntoskrnl/ps/thread.c:176:5: warning: listing the stack pointer register ‘%esp’ in a clobber list is deprecated [-Wdeprecated]
/ntoskrnl/ps/thread.c:176:5: note: the value of the stack pointer after an ‘asm’ statement must be the same as it was before the statement
/ntoskrnl/ps/state.c: In function ‘PsSuspendThread’:
/ntoskrnl/ps/state.c:68:9: warning: listing the stack pointer register ‘%esp’ in a clobber list is deprecated [-Wdeprecated]
/ntoskrnl/ps/state.c:68:9: note: the value of the stack pointer after an ‘asm’ statement must be the same as it was before the statement
/ntoskrnl/ps/state.c:68:9: warning: listing the stack pointer register ‘%esp’ in a clobber list is deprecated [-Wdeprecated]
/ntoskrnl/ps/state.c:68:9: note: the value of the stack pointer after an ‘asm’ statement must be the same as it was before the statement
/ntoskrnl/ps/state.c:94:17: warning: listing the stack pointer register ‘%esp’ in a clobber list is deprecated [-Wdeprecated]
/ntoskrnl/ps/state.c:94:17: note: the value of the stack pointer after an ‘asm’ statement must be the same as it was before the statement
/ntoskrnl/ps/state.c:94:17: warning: listing the stack pointer register ‘%esp’ in a clobber list is deprecated [-Wdeprecated]
/ntoskrnl/ps/state.c:94:17: note: the value of the stack pointer after an ‘asm’ statement must be the same as it was before the statement
/ntoskrnl/ex/sem.c: In function ‘NtReleaseSemaphore’:
/ntoskrnl/ex/sem.c:358:9: warning: listing the stack pointer register ‘%esp’ in a clobber list is deprecated [-Wdeprecated]
/ntoskrnl/ex/sem.c:358:9: note: the value of the stack pointer after an ‘asm’ statement must be the same as it was before the statement
/ntoskrnl/ex/sem.c:358:9: warning: listing the stack pointer register ‘%esp’ in a clobber list is deprecated [-Wdeprecated]
/ntoskrnl/ex/sem.c:358:9: note: the value of the stack pointer after an ‘asm’ statement must be the same as it was before the statement
/ntoskrnl/ex/time.c: In function ‘NtSetSystemTime’:
/ntoskrnl/ex/time.c:535:9: warning: listing the stack pointer register ‘%esp’ in a clobber list is deprecated [-Wdeprecated]
/ntoskrnl/ex/time.c:535:9: note: the value of the stack pointer after an ‘asm’ statement must be the same as it was before the statement
/ntoskrnl/ex/time.c:535:9: warning: listing the stack pointer register ‘%esp’ in a clobber list is deprecated [-Wdeprecated]
/ntoskrnl/ex/time.c:535:9: note: the value of the stack pointer after an ‘asm’ statement must be the same as it was before the statement
/ntoskrnl/ex/timer.c: In function ‘NtCancelTimer’:
/ntoskrnl/ex/timer.c:357:13: warning: listing the stack pointer register ‘%esp’ in a clobber list is deprecated [-Wdeprecated]
/ntoskrnl/ex/timer.c:357:13: note: the value of the stack pointer after an ‘asm’ statement must be the same as it was before the statement
/ntoskrnl/ex/timer.c:357:13: warning: listing the stack pointer register ‘%esp’ in a clobber list is deprecated [-Wdeprecated]
/ntoskrnl/ex/timer.c:357:13: note: the value of the stack pointer after an ‘asm’ statement must be the same as it was before the statement
/ntoskrnl/ex/timer.c: In function ‘NtCreateTimer’:
/ntoskrnl/ex/timer.c:448:13: warning: listing the stack pointer register ‘%esp’ in a clobber list is deprecated [-Wdeprecated]
/ntoskrnl/ex/timer.c:448:13: note: the value of the stack pointer after an ‘asm’ statement must be the same as it was before the statement
/ntoskrnl/ex/timer.c:448:13: warning: listing the stack pointer register ‘%esp’ in a clobber list is deprecated [-Wdeprecated]
/ntoskrnl/ex/timer.c:448:13: note: the value of the stack pointer after an ‘asm’ statement must be the same as it was before the statement
/ntoskrnl/ex/timer.c: In function ‘NtSetTimer’:
/ntoskrnl/ex/timer.c:749:13: warning: listing the stack pointer register ‘%esp’ in a clobber list is deprecated [-Wdeprecated]
/ntoskrnl/ex/timer.c:749:13: note: the value of the stack pointer after an ‘asm’ statement must be the same as it was before the statement
/ntoskrnl/ex/timer.c:749:13: warning: listing the stack pointer register ‘%esp’ in a clobber list is deprecated [-Wdeprecated]
/ntoskrnl/ex/timer.c:749:13: note: the value of the stack pointer after an ‘asm’ statement must be the same as it was before the statement
lto-init-relink.py: moved 46 init-only functions to INIT (14 lib, 38 lto)
/usr/bin/i686-w64-mingw32-objcopy: /work/artifacts/optimization/final-release-repeat-v1/work-nswn8mtq/build/ntoskrnl/xboxkrnl.exe: warning: ignoring section flag IMAGE_SCN_MEM_NOT_PAGED in section .text
/work/artifacts/optimization/final-release-repeat-v1/work-nswn8mtq/build/ntoskrnl/xboxkrnl.exe: warning: ignoring section flag IMAGE_SCN_MEM_NOT_PAGED in section .data
/work/artifacts/optimization/final-release-repeat-v1/work-nswn8mtq/build/ntoskrnl/xboxkrnl.exe: warning: ignoring section flag IMAGE_SCN_MEM_NOT_PAGED in section .rdata
/work/artifacts/optimization/final-release-repeat-v1/work-nswn8mtq/build/ntoskrnl/xboxkrnl.exe: warning: ignoring section flag IMAGE_SCN_MEM_NOT_PAGED in section .bss
fix-edata: directory built, 371/378 export RVAs patched
1905 functions (incl. gap fills)
init-ref-check: 2 allowlisted resident->discardable refs
init-ref-check: OK (2 allowlisted refs, exports clean)
[734/734] Assembling Xbox flash image (gen-flash-bin.py)
../../flash.bin: kernel 429568 -> 199244 (xz 46.4%), 48436 free in 247680-byte slot (20%)
